attempt_id,assessment_id,learner_id,skill_name,score,passed,duration_seconds,self_reported_confidence
ATT00001,ASM036,LRN0001,SQL Basics,0.08,False,456,0.05
ATT00002,ASM002,LRN0001,Advanced SQL,0.417,False,818,0.568
ATT00003,ASM016,LRN0001,Excel for Data Analysis,0.626,True,599,0.477
ATT00004,ASM009,LRN0001,Data Visualization,0.703,True,369,0.814
ATT00005,ASM013,LRN0001,Descriptive Statistics,0.865,True,806,0.804
ATT00006,ASM017,LRN0001,Exploratory Data Analysis,0.217,False,500,0.204
ATT00007,ASM031,LRN0001,Python Basics,0.321,False,802,0.383
ATT00008,ASM019,LRN0001,Git & Version Control,0.529,False,556,0.473
ATT00009,ASM030,LRN0001,Problem Solving (DSA Practice),0.772,True,677,0.691
ATT00010,ASM032,LRN0002,Python Data Structures,0.281,False,681,0.419
ATT00011,ASM021,LRN0002,Inferential Statistics,0.553,False,582,0.448
ATT00012,ASM025,LRN0002,ML Foundations,0.667,True,527,0.545
ATT00013,ASM035,LRN0002,Regression Techniques,0.92,True,507,0.869
ATT00014,ASM005,LRN0002,Classification Techniques,0.08,False,626,0.064
ATT00015,ASM027,LRN0002,Model Evaluation,0.315,False,583,0.251
ATT00016,ASM031,LRN0002,Python Basics,0.571,False,881,0.676
ATT00017,ASM019,LRN0002,Git & Version Control,0.849,True,521,0.843
ATT00018,ASM030,LRN0002,Problem Solving (DSA Practice),1.0,True,539,0.909
ATT00019,ASM025,LRN0003,ML Foundations,0.454,False,520,0.596
ATT00020,ASM018,LRN0003,Feature Engineering,0.686,True,585,0.584
ATT00021,ASM028,LRN0003,Neural Networks,0.987,True,600,0.89
ATT00022,ASM012,LRN0003,Deep Learning,0.087,False,723,0.238
ATT00023,ASM026,LRN0003,Model Deployment,0.382,False,780,0.479
ATT00024,ASM027,LRN0003,Model Evaluation,0.576,False,498,0.656
ATT00025,ASM031,LRN0003,Python Basics,0.684,True,565,0.681
ATT00026,ASM019,LRN0003,Git & Version Control,0.973,True,691,0.892
ATT00027,ASM030,LRN0003,Problem Solving (DSA Practice),0.1,False,500,0.09
ATT00028,ASM020,LRN0004,HTML & CSS,0.701,True,638,0.822
ATT00029,ASM022,LRN0004,JavaScript Basics,0.857,True,517,0.98
ATT00030,ASM034,LRN0004,React Fundamentals,0.248,False,452,0.191
ATT00031,ASM029,LRN0004,Node.js Basics,0.365,False,412,0.335
ATT00032,ASM033,LRN0004,REST API Design,0.528,False,803,0.555
ATT00033,ASM011,LRN0004,Database Design (RDBMS),0.755,True,452,0.75
ATT00034,ASM031,LRN0004,Python Basics,0.91,True,595,0.89
ATT00035,ASM019,LRN0004,Git & Version Control,0.223,False,387,0.189
ATT00036,ASM030,LRN0004,Problem Solving (DSA Practice),0.462,False,506,0.391
ATT00037,ASM002,LRN0005,Advanced SQL,0.895,True,551,0.875
ATT00038,ASM007,LRN0005,Data Modeling,0.199,False,593,0.166
ATT00039,ASM015,LRN0005,ETL Fundamentals,0.428,False,665,0.38
ATT00040,ASM003,LRN0005,Apache Spark Basics,0.657,True,512,0.604
ATT00041,ASM010,LRN0005,Data Warehousing,0.86,True,424,0.931
ATT00042,ASM008,LRN0005,Data Pipeline Design,0.892,True,710,0.904
ATT00043,ASM031,LRN0005,Python Basics,0.208,False,551,0.124
ATT00044,ASM019,LRN0005,Git & Version Control,0.349,False,613,0.197
ATT00045,ASM030,LRN0005,Problem Solving (DSA Practice),0.417,False,885,0.451
ATT00046,ASM024,LRN0006,Linux Fundamentals,0.125,False,587,0.099
ATT00047,ASM006,LRN0006,Cloud Computing Basics,0.253,False,548,0.245
ATT00048,ASM001,LRN0006,AWS Core Services,0.431,False,698,0.343
ATT00049,ASM014,LRN0006,Docker Fundamentals,0.63,True,614,0.762
ATT00050,ASM023,LRN0006,Kubernetes Basics,0.946,True,586,0.908
ATT00051,ASM004,LRN0006,CI/CD Pipelines,0.103,False,464,0.12
ATT00052,ASM031,LRN0006,Python Basics,0.386,False,418,0.407
ATT00053,ASM019,LRN0006,Git & Version Control,0.63,True,651,0.634
ATT00054,ASM030,LRN0006,Problem Solving (DSA Practice),0.737,True,463,0.684
ATT00055,ASM036,LRN0007,SQL Basics,0.271,False,611,0.218
ATT00056,ASM002,LRN0007,Advanced SQL,0.66,True,847,0.704
ATT00057,ASM016,LRN0007,Excel for Data Analysis,0.695,True,578,0.76
ATT00058,ASM009,LRN0007,Data Visualization,0.893,True,363,0.841
ATT00059,ASM013,LRN0007,Descriptive Statistics,0.102,False,572,0.197
ATT00060,ASM017,LRN0007,Exploratory Data Analysis,0.439,False,484,0.468
ATT00061,ASM031,LRN0007,Python Basics,0.659,True,397,0.663
ATT00062,ASM019,LRN0007,Git & Version Control,0.736,True,850,0.886
ATT00063,ASM030,LRN0007,Problem Solving (DSA Practice),0.87,True,522,0.848
ATT00064,ASM032,LRN0008,Python Data Structures,0.554,False,557,0.435
ATT00065,ASM021,LRN0008,Inferential Statistics,0.809,True,511,0.914
ATT00066,ASM025,LRN0008,ML Foundations,0.913,True,627,0.82
ATT00067,ASM035,LRN0008,Regression Techniques,0.142,False,705,0.296
ATT00068,ASM005,LRN0008,Classification Techniques,0.298,False,585,0.32
ATT00069,ASM027,LRN0008,Model Evaluation,0.508,False,742,0.546
ATT00070,ASM031,LRN0008,Python Basics,0.673,True,701,0.629
ATT00071,ASM019,LRN0008,Git & Version Control,0.852,True,687,0.838
ATT00072,ASM030,LRN0008,Problem Solving (DSA Practice),0.115,False,445,0.05
ATT00073,ASM025,LRN0009,ML Foundations,0.83,True,598,0.879
ATT00074,ASM018,LRN0009,Feature Engineering,0.839,True,511,0.916
ATT00075,ASM028,LRN0009,Neural Networks,0.14,False,680,0.077
ATT00076,ASM012,LRN0009,Deep Learning,0.406,False,676,0.388
ATT00077,ASM026,LRN0009,Model Deployment,0.457,False,688,0.481
ATT00078,ASM027,LRN0009,Model Evaluation,0.739,True,728,0.661
ATT00079,ASM031,LRN0009,Python Basics,0.946,True,711,0.98
ATT00080,ASM019,LRN0009,Git & Version Control,0.175,False,619,0.161
ATT00081,ASM030,LRN0009,Problem Solving (DSA Practice),0.451,False,868,0.339
ATT00082,ASM020,LRN0010,HTML & CSS,0.797,True,376,0.876
ATT00083,ASM022,LRN0010,JavaScript Basics,0.173,False,628,0.27
ATT00084,ASM034,LRN0010,React Fundamentals,0.438,False,514,0.318
ATT00085,ASM029,LRN0010,Node.js Basics,0.529,False,706,0.495
ATT00086,ASM033,LRN0010,REST API Design,0.805,True,710,0.798
ATT00087,ASM011,LRN0010,Database Design (RDBMS),0.921,True,693,0.98
ATT00088,ASM031,LRN0010,Python Basics,0.162,False,473,0.056
ATT00089,ASM019,LRN0010,Git & Version Control,0.301,False,539,0.279
ATT00090,ASM030,LRN0010,Problem Solving (DSA Practice),0.606,True,334,0.632
ATT00091,ASM002,LRN0011,Advanced SQL,0.24,False,711,0.149
ATT00092,ASM007,LRN0011,Data Modeling,0.236,False,940,0.29
ATT00093,ASM015,LRN0011,ETL Fundamentals,0.625,True,699,0.615
ATT00094,ASM003,LRN0011,Apache Spark Basics,0.815,True,613,0.697
ATT00095,ASM010,LRN0011,Data Warehousing,0.998,True,322,0.943
ATT00096,ASM008,LRN0011,Data Pipeline Design,0.208,False,354,0.239
ATT00097,ASM031,LRN0011,Python Basics,0.361,False,719,0.395
ATT00098,ASM019,LRN0011,Git & Version Control,0.543,False,701,0.509
ATT00099,ASM030,LRN0011,Problem Solving (DSA Practice),0.83,True,591,0.95
ATT00100,ASM024,LRN0012,Linux Fundamentals,0.356,False,668,0.447
ATT00101,ASM006,LRN0012,Cloud Computing Basics,0.589,False,632,0.685
ATT00102,ASM001,LRN0012,AWS Core Services,0.655,True,686,0.782
ATT00103,ASM014,LRN0012,Docker Fundamentals,0.845,True,559,0.936
ATT00104,ASM023,LRN0012,Kubernetes Basics,0.052,False,710,0.109
ATT00105,ASM004,LRN0012,CI/CD Pipelines,0.395,False,608,0.383
ATT00106,ASM031,LRN0012,Python Basics,0.504,False,348,0.426
ATT00107,ASM019,LRN0012,Git & Version Control,0.798,True,440,0.705
ATT00108,ASM030,LRN0012,Problem Solving (DSA Practice),0.951,True,609,0.882
ATT00109,ASM036,LRN0013,SQL Basics,0.625,True,637,0.523
ATT00110,ASM002,LRN0013,Advanced SQL,0.669,True,718,0.727
ATT00111,ASM016,LRN0013,Excel for Data Analysis,0.919,True,877,0.98
ATT00112,ASM009,LRN0013,Data Visualization,0.056,False,521,0.086
ATT00113,ASM013,LRN0013,Descriptive Statistics,0.478,False,567,0.53
ATT00114,ASM017,LRN0013,Exploratory Data Analysis,0.547,False,805,0.554
ATT00115,ASM031,LRN0013,Python Basics,0.625,True,603,0.705
ATT00116,ASM019,LRN0013,Git & Version Control,0.995,True,494,0.98
ATT00117,ASM030,LRN0013,Problem Solving (DSA Practice),0.104,False,617,0.128
ATT00118,ASM032,LRN0014,Python Data Structures,0.687,True,355,0.611
ATT00119,ASM021,LRN0014,Inferential Statistics,0.864,True,704,0.923
ATT00120,ASM025,LRN0014,ML Foundations,0.19,False,594,0.279
ATT00121,ASM035,LRN0014,Regression Techniques,0.317,False,650,0.314
ATT00122,ASM005,LRN0014,Classification Techniques,0.646,True,520,0.561
ATT00123,ASM027,LRN0014,Model Evaluation,0.72,True,420,0.71
ATT00124,ASM031,LRN0014,Python Basics,0.947,True,447,0.903
ATT00125,ASM019,LRN0014,Git & Version Control,0.123,False,624,0.236
ATT00126,ASM030,LRN0014,Problem Solving (DSA Practice),0.438,False,421,0.382
ATT00127,ASM025,LRN0015,ML Foundations,0.835,True,576,0.781
ATT00128,ASM018,LRN0015,Feature Engineering,0.159,False,782,0.05
ATT00129,ASM028,LRN0015,Neural Networks,0.378,False,752,0.421
ATT00130,ASM012,LRN0015,Deep Learning,0.531,False,483,0.668
ATT00131,ASM026,LRN0015,Model Deployment,0.758,True,717,0.883
ATT00132,ASM027,LRN0015,Model Evaluation,0.916,True,561,0.85
ATT00133,ASM031,LRN0015,Python Basics,0.099,False,656,0.058
ATT00134,ASM019,LRN0015,Git & Version Control,0.373,False,625,0.347
ATT00135,ASM030,LRN0015,Problem Solving (DSA Practice),0.609,True,597,0.621
ATT00136,ASM020,LRN0016,HTML & CSS,0.088,False,665,0.163
ATT00137,ASM022,LRN0016,JavaScript Basics,0.317,False,700,0.221
ATT00138,ASM034,LRN0016,React Fundamentals,0.664,True,469,0.534
ATT00139,ASM029,LRN0016,Node.js Basics,0.634,True,629,0.746
ATT00140,ASM033,LRN0016,REST API Design,0.995,True,468,0.98
ATT00141,ASM011,LRN0016,Database Design (RDBMS),0.134,False,559,0.151
ATT00142,ASM031,LRN0016,Python Basics,0.262,False,521,0.341
ATT00143,ASM019,LRN0016,Git & Version Control,0.673,True,637,0.597
ATT00144,ASM030,LRN0016,Problem Solving (DSA Practice),0.771,True,649,0.704
ATT00145,ASM002,LRN0017,Advanced SQL,0.462,False,654,0.536
ATT00146,ASM007,LRN0017,Data Modeling,0.441,False,548,0.543
ATT00147,ASM015,LRN0017,ETL Fundamentals,0.778,True,532,0.938
ATT00148,ASM003,LRN0017,Apache Spark Basics,0.86,True,604,0.851
ATT00149,ASM010,LRN0017,Data Warehousing,0.131,False,907,0.104
ATT00150,ASM008,LRN0017,Data Pipeline Design,0.306,False,658,0.248
ATT00151,ASM031,LRN0017,Python Basics,0.571,False,813,0.473
ATT00152,ASM019,LRN0017,Git & Version Control,0.62,True,515,0.634
ATT00153,ASM030,LRN0017,Problem Solving (DSA Practice),0.913,True,700,0.952
ATT00154,ASM024,LRN0018,Linux Fundamentals,0.405,False,579,0.452
ATT00155,ASM006,LRN0018,Cloud Computing Basics,0.701,True,576,0.672
ATT00156,ASM001,LRN0018,AWS Core Services,0.89,True,473,0.947
ATT00157,ASM014,LRN0018,Docker Fundamentals,0.089,False,660,0.132
ATT00158,ASM023,LRN0018,Kubernetes Basics,0.254,False,669,0.348
ATT00159,ASM004,LRN0018,CI/CD Pipelines,0.576,False,671,0.563
ATT00160,ASM031,LRN0018,Python Basics,0.697,True,548,0.759
ATT00161,ASM019,LRN0018,Git & Version Control,0.943,True,584,0.793
ATT00162,ASM030,LRN0018,Problem Solving (DSA Practice),0.081,False,529,0.05
ATT00163,ASM036,LRN0019,SQL Basics,0.889,True,667,0.789
ATT00164,ASM002,LRN0019,Advanced SQL,0.923,True,680,0.98
ATT00165,ASM016,LRN0019,Excel for Data Analysis,0.039,False,407,0.139
ATT00166,ASM009,LRN0019,Data Visualization,0.36,False,561,0.375
ATT00167,ASM013,LRN0019,Descriptive Statistics,0.451,False,518,0.414
ATT00168,ASM017,LRN0019,Exploratory Data Analysis,0.629,True,734,0.686
ATT00169,ASM031,LRN0019,Python Basics,0.895,True,547,0.973
ATT00170,ASM019,LRN0019,Git & Version Control,0.197,False,653,0.291
ATT00171,ASM030,LRN0019,Problem Solving (DSA Practice),0.339,False,715,0.28
ATT00172,ASM032,LRN0020,Python Data Structures,0.934,True,652,0.98
ATT00173,ASM021,LRN0020,Inferential Statistics,0.239,False,659,0.099
ATT00174,ASM025,LRN0020,ML Foundations,0.348,False,587,0.369
ATT00175,ASM035,LRN0020,Regression Techniques,0.542,False,550,0.475
ATT00176,ASM005,LRN0020,Classification Techniques,0.795,True,495,0.64
ATT00177,ASM027,LRN0020,Model Evaluation,0.948,True,552,0.965
ATT00178,ASM031,LRN0020,Python Basics,0.121,False,611,0.05
ATT00179,ASM019,LRN0020,Git & Version Control,0.325,False,602,0.359
ATT00180,ASM030,LRN0020,Problem Solving (DSA Practice),0.522,False,508,0.441
ATT00181,ASM025,LRN0021,ML Foundations,0.132,False,591,0.091
ATT00182,ASM018,LRN0021,Feature Engineering,0.459,False,739,0.414
ATT00183,ASM028,LRN0021,Neural Networks,0.447,False,429,0.359
ATT00184,ASM012,LRN0021,Deep Learning,0.724,True,571,0.863
ATT00185,ASM026,LRN0021,Model Deployment,0.896,True,553,0.935
ATT00186,ASM027,LRN0021,Model Evaluation,0.073,False,597,0.116
ATT00187,ASM031,LRN0021,Python Basics,0.315,False,603,0.408
ATT00188,ASM019,LRN0021,Git & Version Control,0.6,True,616,0.507
ATT00189,ASM030,LRN0021,Problem Solving (DSA Practice),0.783,True,649,0.805
ATT00190,ASM020,LRN0022,HTML & CSS,0.287,False,691,0.29
ATT00191,ASM022,LRN0022,JavaScript Basics,0.558,False,552,0.588
ATT00192,ASM034,LRN0022,React Fundamentals,0.757,True,468,0.874
ATT00193,ASM029,LRN0022,Node.js Basics,0.997,True,692,0.935
ATT00194,ASM033,LRN0022,REST API Design,0.04,False,564,0.104
ATT00195,ASM011,LRN0022,Database Design (RDBMS),0.3,False,580,0.205
ATT00196,ASM031,LRN0022,Python Basics,0.471,False,590,0.601
ATT00197,ASM019,LRN0022,Git & Version Control,0.726,True,571,0.843
ATT00198,ASM030,LRN0022,Problem Solving (DSA Practice),0.974,True,637,0.98
ATT00199,ASM002,LRN0023,Advanced SQL,0.559,False,498,0.497
ATT00200,ASM007,LRN0023,Data Modeling,0.65,True,481,0.575
ATT00201,ASM015,LRN0023,ETL Fundamentals,0.945,True,597,0.98
ATT00202,ASM003,LRN0023,Apache Spark Basics,0.139,False,564,0.16
ATT00203,ASM010,LRN0023,Data Warehousing,0.372,False,555,0.234
ATT00204,ASM008,LRN0023,Data Pipeline Design,0.608,True,692,0.606
ATT00205,ASM031,LRN0023,Python Basics,0.804,True,478,0.868
ATT00206,ASM019,LRN0023,Git & Version Control,0.99,True,581,0.881
ATT00207,ASM030,LRN0023,Problem Solving (DSA Practice),0.156,False,593,0.121
ATT00208,ASM024,LRN0024,Linux Fundamentals,0.82,True,616,0.701
ATT00209,ASM006,LRN0024,Cloud Computing Basics,0.921,True,668,0.877
ATT00210,ASM001,LRN0024,AWS Core Services,0.217,False,538,0.115
ATT00211,ASM014,LRN0024,Docker Fundamentals,0.436,False,538,0.325
ATT00212,ASM023,LRN0024,Kubernetes Basics,0.649,True,823,0.592
ATT00213,ASM004,LRN0024,CI/CD Pipelines,0.766,True,544,0.704
ATT00214,ASM031,LRN0024,Python Basics,0.825,True,440,0.899
ATT00215,ASM019,LRN0024,Git & Version Control,0.055,False,774,0.201
ATT00216,ASM030,LRN0024,Problem Solving (DSA Practice),0.456,False,701,0.397
ATT00217,ASM036,LRN0025,SQL Basics,0.919,True,259,0.832
ATT00218,ASM002,LRN0025,Advanced SQL,0.249,False,633,0.278
ATT00219,ASM016,LRN0025,Excel for Data Analysis,0.241,False,492,0.369
ATT00220,ASM009,LRN0025,Data Visualization,0.59,False,597,0.534
ATT00221,ASM013,LRN0025,Descriptive Statistics,0.76,True,672,0.674
ATT00222,ASM017,LRN0025,Exploratory Data Analysis,0.821,True,710,0.951
ATT00223,ASM031,LRN0025,Python Basics,0.171,False,572,0.117
ATT00224,ASM019,LRN0025,Git & Version Control,0.351,False,650,0.322
ATT00225,ASM030,LRN0025,Problem Solving (DSA Practice),0.453,False,558,0.467
ATT00226,ASM032,LRN0026,Python Data Structures,0.104,False,831,0.158
ATT00227,ASM021,LRN0026,Inferential Statistics,0.21,False,554,0.363
ATT00228,ASM025,LRN0026,ML Foundations,0.65,True,765,0.697
ATT00229,ASM035,LRN0026,Regression Techniques,0.746,True,701,0.846
ATT00230,ASM005,LRN0026,Classification Techniques,0.853,True,597,0.808
ATT00231,ASM027,LRN0026,Model Evaluation,0.125,False,714,0.05
ATT00232,ASM031,LRN0026,Python Basics,0.229,False,537,0.359
ATT00233,ASM019,LRN0026,Git & Version Control,0.456,False,637,0.513
ATT00234,ASM030,LRN0026,Problem Solving (DSA Practice),0.725,True,642,0.646
ATT00235,ASM025,LRN0027,ML Foundations,0.366,False,417,0.353
ATT00236,ASM018,LRN0027,Feature Engineering,0.635,True,627,0.637
ATT00237,ASM028,LRN0027,Neural Networks,0.604,True,618,0.574
ATT00238,ASM012,LRN0027,Deep Learning,0.91,True,492,0.809
ATT00239,ASM026,LRN0027,Model Deployment,0.093,False,742,0.06
ATT00240,ASM027,LRN0027,Model Evaluation,0.42,False,777,0.421
ATT00241,ASM031,LRN0027,Python Basics,0.521,False,620,0.455
ATT00242,ASM019,LRN0027,Git & Version Control,0.788,True,664,0.729
ATT00243,ASM030,LRN0027,Problem Solving (DSA Practice),0.85,True,611,0.886
ATT00244,ASM020,LRN0028,HTML & CSS,0.627,True,506,0.687
ATT00245,ASM022,LRN0028,JavaScript Basics,0.698,True,555,0.693
ATT00246,ASM034,LRN0028,React Fundamentals,0.895,True,341,0.98
ATT00247,ASM029,LRN0028,Node.js Basics,0.237,False,591,0.13
ATT00248,ASM033,LRN0028,REST API Design,0.431,False,912,0.466
ATT00249,ASM011,LRN0028,Database Design (RDBMS),0.519,False,611,0.522
ATT00250,ASM031,LRN0028,Python Basics,0.816,True,750,0.819
ATT00251,ASM019,LRN0028,Git & Version Control,0.922,True,546,0.98
ATT00252,ASM030,LRN0028,Problem Solving (DSA Practice),0.216,False,741,0.11
ATT00253,ASM002,LRN0029,Advanced SQL,0.761,True,599,0.6
ATT00254,ASM007,LRN0029,Data Modeling,0.923,True,790,0.98
ATT00255,ASM015,LRN0029,ETL Fundamentals,0.117,False,796,0.156
ATT00256,ASM003,LRN0029,Apache Spark Basics,0.374,False,518,0.385
ATT00257,ASM010,LRN0029,Data Warehousing,0.443,False,393,0.578
ATT00258,ASM008,LRN0029,Data Pipeline Design,0.782,True,686,0.809
ATT00259,ASM031,LRN0029,Python Basics,0.972,True,619,0.98
ATT00260,ASM019,LRN0029,Git & Version Control,0.167,False,579,0.135
ATT00261,ASM030,LRN0029,Problem Solving (DSA Practice),0.353,False,742,0.408
ATT00262,ASM024,LRN0030,Linux Fundamentals,0.93,True,553,0.864
ATT00263,ASM006,LRN0030,Cloud Computing Basics,0.109,False,332,0.112
ATT00264,ASM001,LRN0030,AWS Core Services,0.326,False,336,0.405
ATT00265,ASM014,LRN0030,Docker Fundamentals,0.492,False,500,0.494
ATT00266,ASM023,LRN0030,Kubernetes Basics,0.683,True,591,0.699
ATT00267,ASM004,LRN0030,CI/CD Pipelines,0.911,True,457,0.807
ATT00268,ASM031,LRN0030,Python Basics,0.092,False,447,0.05
ATT00269,ASM019,LRN0030,Git & Version Control,0.345,False,640,0.3
ATT00270,ASM030,LRN0030,Problem Solving (DSA Practice),0.547,False,587,0.611
ATT00271,ASM036,LRN0031,SQL Basics,0.116,False,524,0.081
ATT00272,ASM002,LRN0031,Advanced SQL,0.381,False,516,0.328
ATT00273,ASM016,LRN0031,Excel for Data Analysis,0.608,True,561,0.502
ATT00274,ASM009,LRN0031,Data Visualization,0.621,True,685,0.553
ATT00275,ASM013,LRN0031,Descriptive Statistics,0.94,True,630,0.98
ATT00276,ASM017,LRN0031,Exploratory Data Analysis,0.273,False,474,0.178
ATT00277,ASM031,LRN0031,Python Basics,0.341,False,712,0.357
ATT00278,ASM019,LRN0031,Git & Version Control,0.48,False,510,0.543
ATT00279,ASM030,LRN0031,Problem Solving (DSA Practice),0.721,True,564,0.763
ATT00280,ASM032,LRN0032,Python Data Structures,0.45,False,458,0.475
ATT00281,ASM021,LRN0032,Inferential Statistics,0.513,False,457,0.599
ATT00282,ASM025,LRN0032,ML Foundations,0.663,True,765,0.722
ATT00283,ASM035,LRN0032,Regression Techniques,0.932,True,575,0.822
ATT00284,ASM005,LRN0032,Classification Techniques,0.09,False,504,0.05
ATT00285,ASM027,LRN0032,Model Evaluation,0.373,False,460,0.48
ATT00286,ASM031,LRN0032,Python Basics,0.671,True,757,0.719
ATT00287,ASM019,LRN0032,Git & Version Control,0.635,True,493,0.723
ATT00288,ASM030,LRN0032,Problem Solving (DSA Practice),0.923,True,521,0.917
ATT00289,ASM025,LRN0033,ML Foundations,0.501,False,397,0.621
ATT00290,ASM018,LRN0033,Feature Engineering,0.676,True,673,0.717
ATT00291,ASM028,LRN0033,Neural Networks,0.965,True,557,0.909
ATT00292,ASM012,LRN0033,Deep Learning,0.112,False,487,0.059
ATT00293,ASM026,LRN0033,Model Deployment,0.332,False,627,0.24
ATT00294,ASM027,LRN0033,Model Evaluation,0.488,False,494,0.613
ATT00295,ASM031,LRN0033,Python Basics,0.685,True,583,0.573
ATT00296,ASM019,LRN0033,Git & Version Control,0.976,True,566,0.822
ATT00297,ASM030,LRN0033,Problem Solving (DSA Practice),0.236,False,722,0.304
ATT00298,ASM020,LRN0034,HTML & CSS,0.852,True,627,0.813
ATT00299,ASM022,LRN0034,JavaScript Basics,0.809,True,468,0.827
ATT00300,ASM034,LRN0034,React Fundamentals,0.177,False,568,0.196
ATT00301,ASM029,LRN0034,Node.js Basics,0.247,False,633,0.2
ATT00302,ASM033,LRN0034,REST API Design,0.418,False,691,0.479
ATT00303,ASM011,LRN0034,Database Design (RDBMS),0.891,True,667,0.774
ATT00304,ASM031,LRN0034,Python Basics,0.947,True,625,0.98
ATT00305,ASM019,LRN0034,Git & Version Control,0.198,False,552,0.14
ATT00306,ASM030,LRN0034,Problem Solving (DSA Practice),0.291,False,525,0.406
ATT00307,ASM002,LRN0035,Advanced SQL,0.953,True,560,0.874
ATT00308,ASM007,LRN0035,Data Modeling,0.174,False,648,0.05
ATT00309,ASM015,LRN0035,ETL Fundamentals,0.31,False,648,0.392
ATT00310,ASM003,LRN0035,Apache Spark Basics,0.528,False,579,0.415
ATT00311,ASM010,LRN0035,Data Warehousing,0.842,True,532,0.717
ATT00312,ASM008,LRN0035,Data Pipeline Design,0.891,True,712,0.776
ATT00313,ASM031,LRN0035,Python Basics,0.046,False,584,0.05
ATT00314,ASM019,LRN0035,Git & Version Control,0.326,False,619,0.27
ATT00315,ASM030,LRN0035,Problem Solving (DSA Practice),0.59,False,491,0.565
ATT00316,ASM024,LRN0036,Linux Fundamentals,0.218,False,726,0.324
ATT00317,ASM006,LRN0036,Cloud Computing Basics,0.313,False,598,0.383
ATT00318,ASM001,LRN0036,AWS Core Services,0.525,False,617,0.475
ATT00319,ASM014,LRN0036,Docker Fundamentals,0.725,True,757,0.678
ATT00320,ASM023,LRN0036,Kubernetes Basics,0.941,True,638,0.98
ATT00321,ASM004,LRN0036,CI/CD Pipelines,0.109,False,642,0.154
ATT00322,ASM031,LRN0036,Python Basics,0.408,False,683,0.379
ATT00323,ASM019,LRN0036,Git & Version Control,0.576,False,438,0.534
ATT00324,ASM030,LRN0036,Problem Solving (DSA Practice),0.793,True,621,0.742
ATT00325,ASM036,LRN0037,SQL Basics,0.384,False,709,0.473
ATT00326,ASM002,LRN0037,Advanced SQL,0.547,False,276,0.613
ATT00327,ASM016,LRN0037,Excel for Data Analysis,0.688,True,615,0.656
ATT00328,ASM009,LRN0037,Data Visualization,0.939,True,386,0.98
ATT00329,ASM013,LRN0037,Descriptive Statistics,0.087,False,595,0.098
ATT00330,ASM017,LRN0037,Exploratory Data Analysis,0.383,False,654,0.462
ATT00331,ASM031,LRN0037,Python Basics,0.655,True,615,0.74
ATT00332,ASM019,LRN0037,Git & Version Control,0.678,True,460,0.762
ATT00333,ASM030,LRN0037,Problem Solving (DSA Practice),0.884,True,566,0.908
ATT00334,ASM032,LRN0038,Python Data Structures,0.631,True,551,0.757
ATT00335,ASM021,LRN0038,Inferential Statistics,0.705,True,640,0.717
ATT00336,ASM025,LRN0038,ML Foundations,0.847,True,666,0.91
ATT00337,ASM035,LRN0038,Regression Techniques,0.109,False,509,0.148
ATT00338,ASM005,LRN0038,Classification Techniques,0.294,False,546,0.298
ATT00339,ASM027,LRN0038,Model Evaluation,0.642,True,732,0.72
ATT00340,ASM031,LRN0038,Python Basics,0.659,True,547,0.599
ATT00341,ASM019,LRN0038,Git & Version Control,0.887,True,559,0.964
ATT00342,ASM030,LRN0038,Problem Solving (DSA Practice),0.211,False,692,0.271
ATT00343,ASM025,LRN0039,ML Foundations,0.748,True,557,0.651
ATT00344,ASM018,LRN0039,Feature Engineering,0.838,True,672,0.841
ATT00345,ASM028,LRN0039,Neural Networks,0.102,False,645,0.066
ATT00346,ASM012,LRN0039,Deep Learning,0.353,False,433,0.416
ATT00347,ASM026,LRN0039,Model Deployment,0.415,False,474,0.422
ATT00348,ASM027,LRN0039,Model Evaluation,0.795,True,621,0.749
ATT00349,ASM031,LRN0039,Python Basics,0.892,True,703,0.959
ATT00350,ASM019,LRN0039,Git & Version Control,0.102,False,613,0.244
ATT00351,ASM030,LRN0039,Problem Solving (DSA Practice),0.283,False,707,0.388
ATT00352,ASM020,LRN0040,HTML & CSS,0.887,True,666,0.95
ATT00353,ASM022,LRN0040,JavaScript Basics,0.191,False,649,0.32
ATT00354,ASM034,LRN0040,React Fundamentals,0.43,False,546,0.283
ATT00355,ASM029,LRN0040,Node.js Basics,0.596,False,699,0.662
ATT00356,ASM033,LRN0040,REST API Design,0.779,True,659,0.78
ATT00357,ASM011,LRN0040,Database Design (RDBMS),0.895,True,433,0.827
ATT00358,ASM031,LRN0040,Python Basics,0.058,False,616,0.195
ATT00359,ASM019,LRN0040,Git & Version Control,0.241,False,404,0.35
ATT00360,ASM030,LRN0040,Problem Solving (DSA Practice),0.622,True,673,0.546
ATT00361,ASM002,LRN0041,Advanced SQL,0.173,False,540,0.261
ATT00362,ASM007,LRN0041,Data Modeling,0.37,False,527,0.317
ATT00363,ASM015,LRN0041,ETL Fundamentals,0.674,True,439,0.53
ATT00364,ASM003,LRN0041,Apache Spark Basics,0.651,True,645,0.61
ATT00365,ASM010,LRN0041,Data Warehousing,0.939,True,720,0.813
ATT00366,ASM008,LRN0041,Data Pipeline Design,0.246,False,441,0.132
ATT00367,ASM031,LRN0041,Python Basics,0.234,False,547,0.399
ATT00368,ASM019,LRN0041,Git & Version Control,0.672,True,365,0.684
ATT00369,ASM030,LRN0041,Problem Solving (DSA Practice),0.697,True,573,0.726
ATT00370,ASM024,LRN0042,Linux Fundamentals,0.37,False,424,0.433
ATT00371,ASM006,LRN0042,Cloud Computing Basics,0.659,True,588,0.497
ATT00372,ASM001,LRN0042,AWS Core Services,0.796,True,552,0.792
ATT00373,ASM014,LRN0042,Docker Fundamentals,0.887,True,778,0.82
ATT00374,ASM023,LRN0042,Kubernetes Basics,0.175,False,641,0.281
ATT00375,ASM004,LRN0042,CI/CD Pipelines,0.336,False,602,0.288
ATT00376,ASM031,LRN0042,Python Basics,0.514,False,685,0.463
ATT00377,ASM019,LRN0042,Git & Version Control,0.815,True,565,0.873
ATT00378,ASM030,LRN0042,Problem Solving (DSA Practice),0.923,True,468,0.831
ATT00379,ASM036,LRN0043,SQL Basics,0.536,False,583,0.605
ATT00380,ASM002,LRN0043,Advanced SQL,0.845,True,434,0.943
ATT00381,ASM016,LRN0043,Excel for Data Analysis,0.972,True,521,0.98
ATT00382,ASM009,LRN0043,Data Visualization,0.151,False,616,0.183
ATT00383,ASM013,LRN0043,Descriptive Statistics,0.415,False,623,0.504
ATT00384,ASM017,LRN0043,Exploratory Data Analysis,0.49,False,696,0.405
ATT00385,ASM031,LRN0043,Python Basics,0.835,True,498,0.793
ATT00386,ASM019,LRN0043,Git & Version Control,0.835,True,724,0.765
ATT00387,ASM030,LRN0043,Problem Solving (DSA Practice),0.21,False,504,0.195
ATT00388,ASM032,LRN0044,Python Data Structures,0.9,True,502,0.898
ATT00389,ASM021,LRN0044,Inferential Statistics,0.939,True,601,0.834
ATT00390,ASM025,LRN0044,ML Foundations,0.11,False,755,0.166
ATT00391,ASM035,LRN0044,Regression Techniques,0.481,False,537,0.395
ATT00392,ASM005,LRN0044,Classification Techniques,0.644,True,441,0.61
ATT00393,ASM027,LRN0044,Model Evaluation,0.791,True,602,0.811
ATT00394,ASM031,LRN0044,Python Basics,0.913,True,833,0.827
ATT00395,ASM019,LRN0044,Git & Version Control,0.176,False,656,0.174
ATT00396,ASM030,LRN0044,Problem Solving (DSA Practice),0.332,False,570,0.312
ATT00397,ASM025,LRN0045,ML Foundations,0.887,True,707,0.928
ATT00398,ASM018,LRN0045,Feature Engineering,0.208,False,549,0.146
ATT00399,ASM028,LRN0045,Neural Networks,0.334,False,556,0.301
ATT00400,ASM012,LRN0045,Deep Learning,0.552,False,534,0.513
ATT00401,ASM026,LRN0045,Model Deployment,0.832,True,488,0.817
ATT00402,ASM027,LRN0045,Model Evaluation,0.909,True,516,0.942
ATT00403,ASM031,LRN0045,Python Basics,0.134,False,567,0.196
ATT00404,ASM019,LRN0045,Git & Version Control,0.346,False,528,0.421
ATT00405,ASM030,LRN0045,Problem Solving (DSA Practice),0.536,False,678,0.491
ATT00406,ASM020,LRN0046,HTML & CSS,0.096,False,703,0.158
ATT00407,ASM022,LRN0046,JavaScript Basics,0.308,False,610,0.283
ATT00408,ASM034,LRN0046,React Fundamentals,0.539,False,671,0.52
ATT00409,ASM029,LRN0046,Node.js Basics,0.75,True,521,0.871
ATT00410,ASM033,LRN0046,REST API Design,0.939,True,808,0.915
ATT00411,ASM011,LRN0046,Database Design (RDBMS),0.213,False,395,0.28
ATT00412,ASM031,LRN0046,Python Basics,0.382,False,702,0.448
ATT00413,ASM019,LRN0046,Git & Version Control,0.516,False,444,0.575
ATT00414,ASM030,LRN0046,Problem Solving (DSA Practice),0.64,True,612,0.737
ATT00415,ASM002,LRN0047,Advanced SQL,0.386,False,650,0.293
ATT00416,ASM007,LRN0047,Data Modeling,0.649,True,644,0.628
ATT00417,ASM015,LRN0047,ETL Fundamentals,0.674,True,583,0.581
ATT00418,ASM003,LRN0047,Apache Spark Basics,0.923,True,766,0.924
ATT00419,ASM010,LRN0047,Data Warehousing,0.161,False,609,0.103
ATT00420,ASM008,LRN0047,Data Pipeline Design,0.36,False,519,0.293
ATT00421,ASM031,LRN0047,Python Basics,0.553,False,618,0.639
ATT00422,ASM019,LRN0047,Git & Version Control,0.763,True,415,0.764
ATT00423,ASM030,LRN0047,Problem Solving (DSA Practice),1.0,True,540,0.927
ATT00424,ASM024,LRN0048,Linux Fundamentals,0.448,False,715,0.376
ATT00425,ASM006,LRN0048,Cloud Computing Basics,0.773,True,462,0.862
ATT00426,ASM001,LRN0048,AWS Core Services,0.975,True,448,0.945
ATT00427,ASM014,LRN0048,Docker Fundamentals,0.221,False,716,0.2
ATT00428,ASM023,LRN0048,Kubernetes Basics,0.372,False,640,0.251
ATT00429,ASM004,LRN0048,CI/CD Pipelines,0.447,False,719,0.369
ATT00430,ASM031,LRN0048,Python Basics,0.765,True,498,0.781
ATT00431,ASM019,LRN0048,Git & Version Control,0.921,True,619,0.871
ATT00432,ASM030,LRN0048,Problem Solving (DSA Practice),0.142,False,586,0.212
ATT00433,ASM036,LRN0049,SQL Basics,0.844,True,567,0.836
ATT00434,ASM002,LRN0049,Advanced SQL,0.929,True,597,0.98
ATT00435,ASM016,LRN0049,Excel for Data Analysis,0.178,False,426,0.162
ATT00436,ASM009,LRN0049,Data Visualization,0.393,False,671,0.521
ATT00437,ASM013,LRN0049,Descriptive Statistics,0.572,False,857,0.501
ATT00438,ASM017,LRN0049,Exploratory Data Analysis,0.735,True,804,0.726
ATT00439,ASM031,LRN0049,Python Basics,0.832,True,725,0.827
ATT00440,ASM019,LRN0049,Git & Version Control,0.155,False,840,0.301
ATT00441,ASM030,LRN0049,Problem Solving (DSA Practice),0.419,False,489,0.271
ATT00442,ASM032,LRN0050,Python Data Structures,0.885,True,399,0.803
ATT00443,ASM021,LRN0050,Inferential Statistics,0.119,False,695,0.05
ATT00444,ASM025,LRN0050,ML Foundations,0.278,False,368,0.198
ATT00445,ASM035,LRN0050,Regression Techniques,0.575,False,727,0.557
ATT00446,ASM005,LRN0050,Classification Techniques,0.645,True,350,0.676
ATT00447,ASM027,LRN0050,Model Evaluation,0.834,True,758,0.775
ATT00448,ASM031,LRN0050,Python Basics,0.159,False,619,0.06
ATT00449,ASM019,LRN0050,Git & Version Control,0.364,False,617,0.36
ATT00450,ASM030,LRN0050,Problem Solving (DSA Practice),0.449,False,777,0.397
ATT00451,ASM025,LRN0051,ML Foundations,0.157,False,520,0.095
ATT00452,ASM018,LRN0051,Feature Engineering,0.343,False,681,0.364
ATT00453,ASM028,LRN0051,Neural Networks,0.644,True,784,0.696
ATT00454,ASM012,LRN0051,Deep Learning,0.808,True,634,0.949
ATT00455,ASM026,LRN0051,Model Deployment,0.891,True,723,0.937
ATT00456,ASM027,LRN0051,Model Evaluation,0.139,False,694,0.113
ATT00457,ASM031,LRN0051,Python Basics,0.458,False,516,0.476
ATT00458,ASM019,LRN0051,Git & Version Control,0.668,True,508,0.55
ATT00459,ASM030,LRN0051,Problem Solving (DSA Practice),0.728,True,801,0.675
ATT00460,ASM020,LRN0052,HTML & CSS,0.476,False,825,0.382
ATT00461,ASM022,LRN0052,JavaScript Basics,0.573,False,593,0.425
ATT00462,ASM034,LRN0052,React Fundamentals,0.668,True,381,0.639
ATT00463,ASM029,LRN0052,Node.js Basics,0.91,True,689,0.972
ATT00464,ASM033,LRN0052,REST API Design,0.122,False,596,0.088
ATT00465,ASM011,LRN0052,Database Design (RDBMS),0.337,False,657,0.232
ATT00466,ASM031,LRN0052,Python Basics,0.596,False,669,0.481
ATT00467,ASM019,LRN0052,Git & Version Control,0.631,True,854,0.563
ATT00468,ASM030,LRN0052,Problem Solving (DSA Practice),0.875,True,724,0.962
ATT00469,ASM002,LRN0053,Advanced SQL,0.477,False,802,0.458
ATT00470,ASM007,LRN0053,Data Modeling,0.684,True,735,0.599
ATT00471,ASM015,LRN0053,ETL Fundamentals,0.951,True,492,0.844
ATT00472,ASM003,LRN0053,Apache Spark Basics,0.226,False,582,0.327
ATT00473,ASM010,LRN0053,Data Warehousing,0.398,False,602,0.478
ATT00474,ASM008,LRN0053,Data Pipeline Design,0.548,False,532,0.634
ATT00475,ASM031,LRN0053,Python Basics,0.697,True,311,0.762
ATT00476,ASM019,LRN0053,Git & Version Control,0.891,True,590,0.802
ATT00477,ASM030,LRN0053,Problem Solving (DSA Practice),0.127,False,584,0.107
ATT00478,ASM024,LRN0054,Linux Fundamentals,0.746,True,691,0.808
ATT00479,ASM006,LRN0054,Cloud Computing Basics,0.87,True,633,0.953
ATT00480,ASM001,LRN0054,AWS Core Services,0.054,False,642,0.05
ATT00481,ASM014,LRN0054,Docker Fundamentals,0.506,False,571,0.391
ATT00482,ASM023,LRN0054,Kubernetes Basics,0.472,False,489,0.548
ATT00483,ASM004,LRN0054,CI/CD Pipelines,0.735,True,639,0.735
ATT00484,ASM031,LRN0054,Python Basics,0.832,True,605,0.877
ATT00485,ASM019,LRN0054,Git & Version Control,0.08,False,746,0.209
ATT00486,ASM030,LRN0054,Problem Solving (DSA Practice),0.42,False,779,0.462
ATT00487,ASM036,LRN0055,SQL Basics,0.816,True,592,0.764
ATT00488,ASM002,LRN0055,Advanced SQL,0.112,False,531,0.173
ATT00489,ASM016,LRN0055,Excel for Data Analysis,0.426,False,532,0.447
ATT00490,ASM009,LRN0055,Data Visualization,0.594,False,549,0.619
ATT00491,ASM013,LRN0055,Descriptive Statistics,0.747,True,723,0.833
ATT00492,ASM017,LRN0055,Exploratory Data Analysis,0.808,True,394,0.815
ATT00493,ASM031,LRN0055,Python Basics,0.132,False,527,0.17
ATT00494,ASM019,LRN0055,Git & Version Control,0.248,False,681,0.382
ATT00495,ASM030,LRN0055,Problem Solving (DSA Practice),0.611,True,498,0.522
ATT00496,ASM032,LRN0056,Python Data Structures,0.234,False,280,0.324
ATT00497,ASM021,LRN0056,Inferential Statistics,0.387,False,477,0.382
ATT00498,ASM025,LRN0056,ML Foundations,0.535,False,693,0.677
ATT00499,ASM035,LRN0056,Regression Techniques,0.704,True,763,0.717
ATT00500,ASM005,LRN0056,Classification Techniques,0.902,True,591,0.98
ATT00501,ASM027,LRN0056,Model Evaluation,0.161,False,822,0.05
ATT00502,ASM031,LRN0056,Python Basics,0.395,False,599,0.338
ATT00503,ASM019,LRN0056,Git & Version Control,0.657,True,497,0.652
ATT00504,ASM030,LRN0056,Problem Solving (DSA Practice),0.67,True,540,0.691
ATT00505,ASM025,LRN0057,ML Foundations,0.303,False,442,0.317
ATT00506,ASM018,LRN0057,Feature Engineering,0.486,False,632,0.574
ATT00507,ASM028,LRN0057,Neural Networks,0.765,True,605,0.829
ATT00508,ASM012,LRN0057,Deep Learning,0.834,True,548,0.872
ATT00509,ASM026,LRN0057,Model Deployment,0.115,False,659,0.12
ATT00510,ASM027,LRN0057,Model Evaluation,0.423,False,428,0.377
ATT00511,ASM031,LRN0057,Python Basics,0.59,False,684,0.504
ATT00512,ASM019,LRN0057,Git & Version Control,0.858,True,633,0.799
ATT00513,ASM030,LRN0057,Problem Solving (DSA Practice),0.895,True,788,0.88
ATT00514,ASM020,LRN0058,HTML & CSS,0.619,True,640,0.558
ATT00515,ASM022,LRN0058,JavaScript Basics,0.691,True,583,0.737
ATT00516,ASM034,LRN0058,React Fundamentals,0.936,True,620,0.82
ATT00517,ASM029,LRN0058,Node.js Basics,0.05,False,595,0.057
ATT00518,ASM033,LRN0058,REST API Design,0.333,False,432,0.391
ATT00519,ASM011,LRN0058,Database Design (RDBMS),0.497,False,709,0.563
ATT00520,ASM031,LRN0058,Python Basics,0.691,True,819,0.609
ATT00521,ASM019,LRN0058,Git & Version Control,0.933,True,437,0.98
ATT00522,ASM030,LRN0058,Problem Solving (DSA Practice),0.206,False,470,0.266
ATT00523,ASM002,LRN0059,Advanced SQL,0.845,True,684,0.749
ATT00524,ASM007,LRN0059,Data Modeling,0.871,True,591,0.98
ATT00525,ASM015,LRN0059,ETL Fundamentals,0.247,False,519,0.104
ATT00526,ASM003,LRN0059,Apache Spark Basics,0.35,False,602,0.469
ATT00527,ASM010,LRN0059,Data Warehousing,0.54,False,648,0.532
ATT00528,ASM008,LRN0059,Data Pipeline Design,0.706,True,555,0.723
ATT00529,ASM031,LRN0059,Python Basics,0.964,True,409,0.881
ATT00530,ASM019,LRN0059,Git & Version Control,0.132,False,612,0.05
ATT00531,ASM030,LRN0059,Problem Solving (DSA Practice),0.413,False,702,0.309
ATT00532,ASM024,LRN0060,Linux Fundamentals,0.897,True,387,0.847
ATT00533,ASM006,LRN0060,Cloud Computing Basics,0.128,False,580,0.164
ATT00534,ASM001,LRN0060,AWS Core Services,0.366,False,587,0.433
ATT00535,ASM014,LRN0060,Docker Fundamentals,0.49,False,442,0.447
ATT00536,ASM023,LRN0060,Kubernetes Basics,0.764,True,545,0.709
ATT00537,ASM004,LRN0060,CI/CD Pipelines,0.883,True,671,0.964
ATT00538,ASM031,LRN0060,Python Basics,0.136,False,604,0.125
ATT00539,ASM019,LRN0060,Git & Version Control,0.399,False,656,0.443
ATT00540,ASM030,LRN0060,Problem Solving (DSA Practice),0.552,False,636,0.589
ATT00541,ASM036,LRN0061,SQL Basics,0.124,False,475,0.05
ATT00542,ASM002,LRN0061,Advanced SQL,0.323,False,657,0.236
ATT00543,ASM016,LRN0061,Excel for Data Analysis,0.645,True,765,0.568
ATT00544,ASM009,LRN0061,Data Visualization,0.623,True,606,0.593
ATT00545,ASM013,LRN0061,Descriptive Statistics,0.937,True,562,0.851
ATT00546,ASM017,LRN0061,Exploratory Data Analysis,0.169,False,671,0.153
ATT00547,ASM031,LRN0061,Python Basics,0.384,False,746,0.379
ATT00548,ASM019,LRN0061,Git & Version Control,0.468,False,488,0.476
ATT00549,ASM030,LRN0061,Problem Solving (DSA Practice),0.684,True,709,0.788
ATT00550,ASM032,LRN0062,Python Data Structures,0.253,False,599,0.277
ATT00551,ASM021,LRN0062,Inferential Statistics,0.474,False,508,0.516
ATT00552,ASM025,LRN0062,ML Foundations,0.751,True,651,0.756
ATT00553,ASM035,LRN0062,Regression Techniques,0.844,True,640,0.864
ATT00554,ASM005,LRN0062,Classification Techniques,0.254,False,646,0.234
ATT00555,ASM027,LRN0062,Model Evaluation,0.388,False,653,0.394
ATT00556,ASM031,LRN0062,Python Basics,0.655,True,465,0.612
ATT00557,ASM019,LRN0062,Git & Version Control,0.786,True,470,0.757
ATT00558,ASM030,LRN0062,Problem Solving (DSA Practice),0.891,True,706,0.89
ATT00559,ASM025,LRN0063,ML Foundations,0.597,False,677,0.583
ATT00560,ASM018,LRN0063,Feature Engineering,0.788,True,673,0.713
ATT00561,ASM028,LRN0063,Neural Networks,0.872,True,650,0.924
ATT00562,ASM012,LRN0063,Deep Learning,0.058,False,630,0.134
ATT00563,ASM026,LRN0063,Model Deployment,0.263,False,438,0.192
ATT00564,ASM027,LRN0063,Model Evaluation,0.601,True,575,0.684
ATT00565,ASM031,LRN0063,Python Basics,0.794,True,492,0.689
ATT00566,ASM019,LRN0063,Git & Version Control,0.904,True,778,0.94
ATT00567,ASM030,LRN0063,Problem Solving (DSA Practice),0.074,False,707,0.161
ATT00568,ASM020,LRN0064,HTML & CSS,0.79,True,281,0.77
ATT00569,ASM022,LRN0064,JavaScript Basics,0.916,True,693,0.928
ATT00570,ASM034,LRN0064,React Fundamentals,0.217,False,557,0.195
ATT00571,ASM029,LRN0064,Node.js Basics,0.295,False,580,0.273
ATT00572,ASM033,LRN0064,REST API Design,0.571,False,788,0.728
ATT00573,ASM011,LRN0064,Database Design (RDBMS),0.684,True,600,0.584
ATT00574,ASM031,LRN0064,Python Basics,0.942,True,688,0.855
ATT00575,ASM019,LRN0064,Git & Version Control,0.061,False,551,0.165
ATT00576,ASM030,LRN0064,Problem Solving (DSA Practice),0.331,False,401,0.434
ATT00577,ASM002,LRN0065,Advanced SQL,0.959,True,735,0.98
ATT00578,ASM007,LRN0065,Data Modeling,0.162,False,615,0.182
ATT00579,ASM015,LRN0065,ETL Fundamentals,0.256,False,534,0.419
ATT00580,ASM003,LRN0065,Apache Spark Basics,0.621,True,752,0.681
ATT00581,ASM010,LRN0065,Data Warehousing,0.711,True,366,0.724
ATT00582,ASM008,LRN0065,Data Pipeline Design,0.854,True,520,0.935
ATT00583,ASM031,LRN0065,Python Basics,0.109,False,560,0.245
ATT00584,ASM019,LRN0065,Git & Version Control,0.441,False,653,0.495
ATT00585,ASM030,LRN0065,Problem Solving (DSA Practice),0.66,True,596,0.563
ATT00586,ASM024,LRN0066,Linux Fundamentals,0.168,False,589,0.109
ATT00587,ASM006,LRN0066,Cloud Computing Basics,0.416,False,381,0.401
ATT00588,ASM001,LRN0066,AWS Core Services,0.521,False,696,0.511
ATT00589,ASM014,LRN0066,Docker Fundamentals,0.674,True,294,0.658
ATT00590,ASM023,LRN0066,Kubernetes Basics,0.887,True,651,0.908
ATT00591,ASM004,LRN0066,CI/CD Pipelines,0.268,False,483,0.148
ATT00592,ASM031,LRN0066,Python Basics,0.282,False,561,0.323
ATT00593,ASM019,LRN0066,Git & Version Control,0.491,False,589,0.463
ATT00594,ASM030,LRN0066,Problem Solving (DSA Practice),0.816,True,633,0.856
ATT00595,ASM036,LRN0067,SQL Basics,0.306,False,784,0.302
ATT00596,ASM002,LRN0067,Advanced SQL,0.622,True,728,0.752
ATT00597,ASM016,LRN0067,Excel for Data Analysis,0.663,True,762,0.706
ATT00598,ASM009,LRN0067,Data Visualization,0.961,True,704,0.876
ATT00599,ASM013,LRN0067,Descriptive Statistics,0.147,False,735,0.234
ATT00600,ASM017,LRN0067,Exploratory Data Analysis,0.371,False,695,0.336
ATT00601,ASM031,LRN0067,Python Basics,0.593,False,412,0.526
ATT00602,ASM019,LRN0067,Git & Version Control,0.667,True,689,0.679
ATT00603,ASM030,LRN0067,Problem Solving (DSA Practice),0.94,True,748,0.876
ATT00604,ASM032,LRN0068,Python Data Structures,0.562,False,539,0.646
ATT00605,ASM021,LRN0068,Inferential Statistics,0.789,True,413,0.776
ATT00606,ASM025,LRN0068,ML Foundations,0.961,True,696,0.98
ATT00607,ASM035,LRN0068,Regression Techniques,0.025,False,506,0.05
ATT00608,ASM005,LRN0068,Classification Techniques,0.469,False,754,0.45
ATT00609,ASM027,LRN0068,Model Evaluation,0.558,False,564,0.517
ATT00610,ASM031,LRN0068,Python Basics,0.828,True,374,0.725
ATT00611,ASM019,LRN0068,Git & Version Control,0.919,True,491,0.79
ATT00612,ASM030,LRN0068,Problem Solving (DSA Practice),0.138,False,730,0.26
ATT00613,ASM025,LRN0069,ML Foundations,0.796,True,725,0.772
ATT00614,ASM018,LRN0069,Feature Engineering,0.867,True,675,0.925
ATT00615,ASM028,LRN0069,Neural Networks,0.159,False,442,0.126
ATT00616,ASM012,LRN0069,Deep Learning,0.455,False,294,0.4
ATT00617,ASM026,LRN0069,Model Deployment,0.399,False,669,0.528
ATT00618,ASM027,LRN0069,Model Evaluation,0.895,True,691,0.763
ATT00619,ASM031,LRN0069,Python Basics,0.959,True,676,0.98
ATT00620,ASM019,LRN0069,Git & Version Control,0.168,False,799,0.099
ATT00621,ASM030,LRN0069,Problem Solving (DSA Practice),0.323,False,644,0.259
ATT00622,ASM020,LRN0070,HTML & CSS,0.931,True,562,0.868
ATT00623,ASM022,LRN0070,JavaScript Basics,0.053,False,628,0.053
ATT00624,ASM034,LRN0070,React Fundamentals,0.359,False,583,0.363
ATT00625,ASM029,LRN0070,Node.js Basics,0.659,True,402,0.648
ATT00626,ASM033,LRN0070,REST API Design,0.807,True,570,0.858
ATT00627,ASM011,LRN0070,Database Design (RDBMS),0.984,True,532,0.98
ATT00628,ASM031,LRN0070,Python Basics,0.127,False,478,0.156
ATT00629,ASM019,LRN0070,Git & Version Control,0.362,False,603,0.358
ATT00630,ASM030,LRN0070,Problem Solving (DSA Practice),0.624,True,685,0.506
ATT00631,ASM002,LRN0071,Advanced SQL,0.201,False,439,0.228
ATT00632,ASM007,LRN0071,Data Modeling,0.368,False,470,0.449
ATT00633,ASM015,LRN0071,ETL Fundamentals,0.467,False,761,0.554
ATT00634,ASM003,LRN0071,Apache Spark Basics,0.748,True,666,0.738
ATT00635,ASM010,LRN0071,Data Warehousing,0.909,True,294,0.892
ATT00636,ASM008,LRN0071,Data Pipeline Design,0.133,False,551,0.125
ATT00637,ASM031,LRN0071,Python Basics,0.289,False,638,0.28
ATT00638,ASM019,LRN0071,Git & Version Control,0.466,False,672,0.567
ATT00639,ASM030,LRN0071,Problem Solving (DSA Practice),0.626,True,753,0.643
ATT00640,ASM024,LRN0072,Linux Fundamentals,0.304,False,460,0.397
ATT00641,ASM006,LRN0072,Cloud Computing Basics,0.454,False,438,0.525
ATT00642,ASM001,LRN0072,AWS Core Services,0.802,True,636,0.872
ATT00643,ASM014,LRN0072,Docker Fundamentals,0.877,True,603,0.824
ATT00644,ASM023,LRN0072,Kubernetes Basics,0.171,False,598,0.144
ATT00645,ASM004,LRN0072,CI/CD Pipelines,0.22,False,356,0.202
ATT00646,ASM031,LRN0072,Python Basics,0.558,False,737,0.449
ATT00647,ASM019,LRN0072,Git & Version Control,0.715,True,665,0.713
ATT00648,ASM030,LRN0072,Problem Solving (DSA Practice),0.915,True,604,0.844
ATT00649,ASM036,LRN0073,SQL Basics,0.412,False,597,0.406
ATT00650,ASM002,LRN0073,Advanced SQL,0.832,True,542,0.885
ATT00651,ASM016,LRN0073,Excel for Data Analysis,0.943,True,692,0.918
ATT00652,ASM009,LRN0073,Data Visualization,0.177,False,641,0.159
ATT00653,ASM013,LRN0073,Descriptive Statistics,0.32,False,467,0.276
ATT00654,ASM017,LRN0073,Exploratory Data Analysis,0.5,False,742,0.45
ATT00655,ASM031,LRN0073,Python Basics,0.766,True,558,0.718
ATT00656,ASM019,LRN0073,Git & Version Control,1.0,True,523,0.89
ATT00657,ASM030,LRN0073,Problem Solving (DSA Practice),0.156,False,437,0.279
ATT00658,ASM032,LRN0074,Python Data Structures,0.629,True,588,0.736
ATT00659,ASM021,LRN0074,Inferential Statistics,0.966,True,784,0.949
ATT00660,ASM025,LRN0074,ML Foundations,0.212,False,752,0.227
ATT00661,ASM035,LRN0074,Regression Techniques,0.381,False,649,0.326
ATT00662,ASM005,LRN0074,Classification Techniques,0.452,False,694,0.349
ATT00663,ASM027,LRN0074,Model Evaluation,0.773,True,640,0.747
ATT00664,ASM031,LRN0074,Python Basics,0.85,True,704,0.98
ATT00665,ASM019,LRN0074,Git & Version Control,0.224,False,629,0.175
ATT00666,ASM030,LRN0074,Problem Solving (DSA Practice),0.304,False,590,0.156
ATT00667,ASM025,LRN0075,ML Foundations,0.866,True,830,0.922
ATT00668,ASM018,LRN0075,Feature Engineering,0.047,False,743,0.05
ATT00669,ASM028,LRN0075,Neural Networks,0.351,False,632,0.423
ATT00670,ASM012,LRN0075,Deep Learning,0.581,False,466,0.609
ATT00671,ASM026,LRN0075,Model Deployment,0.712,True,728,0.739
ATT00672,ASM027,LRN0075,Model Evaluation,0.928,True,454,0.933
ATT00673,ASM031,LRN0075,Python Basics,0.057,False,813,0.13
ATT00674,ASM019,LRN0075,Git & Version Control,0.261,False,494,0.362
ATT00675,ASM030,LRN0075,Problem Solving (DSA Practice),0.487,False,596,0.512
ATT00676,ASM020,LRN0076,HTML & CSS,0.094,False,639,0.13
ATT00677,ASM022,LRN0076,JavaScript Basics,0.406,False,475,0.394
ATT00678,ASM034,LRN0076,React Fundamentals,0.62,True,592,0.729
ATT00679,ASM029,LRN0076,Node.js Basics,0.827,True,641,0.9
ATT00680,ASM033,LRN0076,REST API Design,0.984,True,712,0.98
ATT00681,ASM011,LRN0076,Database Design (RDBMS),0.259,False,657,0.116
ATT00682,ASM031,LRN0076,Python Basics,0.278,False,662,0.39
ATT00683,ASM019,LRN0076,Git & Version Control,0.525,False,701,0.595
ATT00684,ASM030,LRN0076,Problem Solving (DSA Practice),0.609,True,259,0.584
ATT00685,ASM002,LRN0077,Advanced SQL,0.214,False,767,0.151
ATT00686,ASM007,LRN0077,Data Modeling,0.46,False,546,0.482
ATT00687,ASM015,LRN0077,ETL Fundamentals,0.695,True,416,0.734
ATT00688,ASM003,LRN0077,Apache Spark Basics,1.0,True,488,0.98
ATT00689,ASM010,LRN0077,Data Warehousing,0.197,False,605,0.098
ATT00690,ASM008,LRN0077,Data Pipeline Design,0.313,False,746,0.259
ATT00691,ASM031,LRN0077,Python Basics,0.618,True,608,0.475
ATT00692,ASM019,LRN0077,Git & Version Control,0.814,True,541,0.7
ATT00693,ASM030,LRN0077,Problem Solving (DSA Practice),0.95,True,678,0.98
ATT00694,ASM024,LRN0078,Linux Fundamentals,0.636,True,295,0.706
ATT00695,ASM006,LRN0078,Cloud Computing Basics,0.833,True,622,0.773
ATT00696,ASM001,LRN0078,AWS Core Services,0.889,True,700,0.867
ATT00697,ASM014,LRN0078,Docker Fundamentals,0.175,False,774,0.146
ATT00698,ASM023,LRN0078,Kubernetes Basics,0.37,False,618,0.383
ATT00699,ASM004,LRN0078,CI/CD Pipelines,0.502,False,478,0.609
ATT00700,ASM031,LRN0078,Python Basics,0.749,True,519,0.631
ATT00701,ASM019,LRN0078,Git & Version Control,0.965,True,784,0.893
ATT00702,ASM030,LRN0078,Problem Solving (DSA Practice),0.03,False,752,0.05
ATT00703,ASM036,LRN0079,SQL Basics,0.882,True,547,0.73
ATT00704,ASM002,LRN0079,Advanced SQL,0.932,True,582,0.976
ATT00705,ASM016,LRN0079,Excel for Data Analysis,0.213,False,643,0.213
ATT00706,ASM009,LRN0079,Data Visualization,0.502,False,685,0.446
ATT00707,ASM013,LRN0079,Descriptive Statistics,0.586,False,481,0.744
ATT00708,ASM017,LRN0079,Exploratory Data Analysis,0.909,True,556,0.922
ATT00709,ASM031,LRN0079,Python Basics,0.906,True,648,0.824
ATT00710,ASM019,LRN0079,Git & Version Control,0.053,False,759,0.162
ATT00711,ASM030,LRN0079,Problem Solving (DSA Practice),0.378,False,714,0.245
ATT00712,ASM032,LRN0080,Python Data Structures,0.853,True,667,0.782
ATT00713,ASM021,LRN0080,Inferential Statistics,0.041,False,462,0.05
ATT00714,ASM025,LRN0080,ML Foundations,0.44,False,630,0.41
ATT00715,ASM035,LRN0080,Regression Techniques,0.634,True,554,0.632
ATT00716,ASM005,LRN0080,Classification Techniques,0.783,True,500,0.818
ATT00717,ASM027,LRN0080,Model Evaluation,0.865,True,629,0.885
ATT00718,ASM031,LRN0080,Python Basics,0.199,False,785,0.083
ATT00719,ASM019,LRN0080,Git & Version Control,0.353,False,630,0.318
ATT00720,ASM030,LRN0080,Problem Solving (DSA Practice),0.667,True,720,0.728
ATT00721,ASM025,LRN0081,ML Foundations,0.249,False,551,0.124
ATT00722,ASM018,LRN0081,Feature Engineering,0.364,False,718,0.247
ATT00723,ASM028,LRN0081,Neural Networks,0.583,False,323,0.446
ATT00724,ASM012,LRN0081,Deep Learning,0.81,True,714,0.723
ATT00725,ASM026,LRN0081,Model Deployment,0.876,True,486,0.98
ATT00726,ASM027,LRN0081,Model Evaluation,0.237,False,496,0.173
ATT00727,ASM031,LRN0081,Python Basics,0.38,False,583,0.307
ATT00728,ASM019,LRN0081,Git & Version Control,0.474,False,475,0.426
ATT00729,ASM030,LRN0081,Problem Solving (DSA Practice),0.724,True,767,0.812
ATT00730,ASM020,LRN0082,HTML & CSS,0.304,False,539,0.302
ATT00731,ASM022,LRN0082,JavaScript Basics,0.608,True,808,0.628
ATT00732,ASM034,LRN0082,React Fundamentals,0.662,True,495,0.733
ATT00733,ASM029,LRN0082,Node.js Basics,0.929,True,741,0.98
ATT00734,ASM033,LRN0082,REST API Design,0.113,False,718,0.222
ATT00735,ASM011,LRN0082,Database Design (RDBMS),0.397,False,595,0.498
ATT00736,ASM031,LRN0082,Python Basics,0.612,True,474,0.515
ATT00737,ASM019,LRN0082,Git & Version Control,0.713,True,707,0.793
ATT00738,ASM030,LRN0082,Problem Solving (DSA Practice),0.961,True,509,0.842
ATT00739,ASM002,LRN0083,Advanced SQL,0.526,False,567,0.557
ATT00740,ASM007,LRN0083,Data Modeling,0.842,True,536,0.815
ATT00741,ASM015,LRN0083,ETL Fundamentals,0.959,True,544,0.918
ATT00742,ASM003,LRN0083,Apache Spark Basics,0.196,False,550,0.243
ATT00743,ASM010,LRN0083,Data Warehousing,0.27,False,514,0.16
ATT00744,ASM008,LRN0083,Data Pipeline Design,0.614,True,628,0.556
ATT00745,ASM031,LRN0083,Python Basics,0.723,True,549,0.731
ATT00746,ASM019,LRN0083,Git & Version Control,0.932,True,573,0.98
ATT00747,ASM030,LRN0083,Problem Solving (DSA Practice),0.135,False,676,0.181
ATT00748,ASM024,LRN0084,Linux Fundamentals,0.766,True,579,0.654
ATT00749,ASM006,LRN0084,Cloud Computing Basics,0.893,True,548,0.93
ATT00750,ASM001,LRN0084,AWS Core Services,0.189,False,608,0.102
ATT00751,ASM014,LRN0084,Docker Fundamentals,0.338,False,453,0.254
ATT00752,ASM023,LRN0084,Kubernetes Basics,0.482,False,625,0.496
ATT00753,ASM004,LRN0084,CI/CD Pipelines,0.718,True,787,0.712
ATT00754,ASM031,LRN0084,Python Basics,0.868,True,383,0.98
ATT00755,ASM019,LRN0084,Git & Version Control,0.141,False,383,0.282
ATT00756,ASM030,LRN0084,Problem Solving (DSA Practice),0.269,False,495,0.265
ATT00757,ASM036,LRN0085,SQL Basics,0.906,True,552,0.915
ATT00758,ASM002,LRN0085,Advanced SQL,0.135,False,674,0.178
ATT00759,ASM016,LRN0085,Excel for Data Analysis,0.323,False,475,0.407
ATT00760,ASM009,LRN0085,Data Visualization,0.476,False,621,0.396
ATT00761,ASM013,LRN0085,Descriptive Statistics,0.791,True,810,0.849
ATT00762,ASM017,LRN0085,Exploratory Data Analysis,0.852,True,745,0.867
ATT00763,ASM031,LRN0085,Python Basics,0.259,False,759,0.288
ATT00764,ASM019,LRN0085,Git & Version Control,0.371,False,577,0.533
ATT00765,ASM030,LRN0085,Problem Solving (DSA Practice),0.464,False,532,0.473
ATT00766,ASM032,LRN0086,Python Data Structures,0.181,False,509,0.188
ATT00767,ASM021,LRN0086,Inferential Statistics,0.334,False,547,0.387
ATT00768,ASM025,LRN0086,ML Foundations,0.572,False,523,0.508
ATT00769,ASM035,LRN0086,Regression Techniques,0.641,True,703,0.693
ATT00770,ASM005,LRN0086,Classification Techniques,0.964,True,519,0.98
ATT00771,ASM027,LRN0086,Model Evaluation,0.161,False,538,0.166
ATT00772,ASM031,LRN0086,Python Basics,0.33,False,682,0.42
ATT00773,ASM019,LRN0086,Git & Version Control,0.677,True,595,0.598
ATT00774,ASM030,LRN0086,Problem Solving (DSA Practice),0.781,True,550,0.774
ATT00775,ASM025,LRN0087,ML Foundations,0.24,False,453,0.376
ATT00776,ASM018,LRN0087,Feature Engineering,0.593,False,567,0.634
ATT00777,ASM028,LRN0087,Neural Networks,0.702,True,594,0.804
ATT00778,ASM012,LRN0087,Deep Learning,0.935,True,682,0.98
ATT00779,ASM026,LRN0087,Model Deployment,0.142,False,591,0.137
ATT00780,ASM027,LRN0087,Model Evaluation,0.459,False,601,0.521
ATT00781,ASM031,LRN0087,Python Basics,0.608,True,644,0.717
ATT00782,ASM019,LRN0087,Git & Version Control,0.817,True,611,0.911
ATT00783,ASM030,LRN0087,Problem Solving (DSA Practice),0.891,True,544,0.98
ATT00784,ASM020,LRN0088,HTML & CSS,0.574,False,734,0.511
ATT00785,ASM022,LRN0088,JavaScript Basics,0.756,True,653,0.752
ATT00786,ASM034,LRN0088,React Fundamentals,0.957,True,923,0.98
ATT00787,ASM029,LRN0088,Node.js Basics,0.09,False,512,0.116
ATT00788,ASM033,LRN0088,REST API Design,0.288,False,454,0.276
ATT00789,ASM011,LRN0088,Database Design (RDBMS),0.601,True,511,0.721
ATT00790,ASM031,LRN0088,Python Basics,0.627,True,705,0.76
ATT00791,ASM019,LRN0088,Git & Version Control,0.911,True,678,0.952
ATT00792,ASM030,LRN0088,Problem Solving (DSA Practice),0.07,False,619,0.05
ATT00793,ASM002,LRN0089,Advanced SQL,0.7,True,579,0.789
ATT00794,ASM007,LRN0089,Data Modeling,0.847,True,622,0.951
ATT00795,ASM015,LRN0089,ETL Fundamentals,0.029,False,449,0.152
ATT00796,ASM003,LRN0089,Apache Spark Basics,0.403,False,628,0.464
ATT00797,ASM010,LRN0089,Data Warehousing,0.551,False,708,0.641
ATT00798,ASM008,LRN0089,Data Pipeline Design,0.737,True,570,0.683
ATT00799,ASM031,LRN0089,Python Basics,0.925,True,634,0.907
ATT00800,ASM019,LRN0089,Git & Version Control,0.091,False,568,0.1
ATT00801,ASM030,LRN0089,Problem Solving (DSA Practice),0.266,False,680,0.364
ATT00802,ASM024,LRN0090,Linux Fundamentals,0.845,True,733,0.752
ATT00803,ASM006,LRN0090,Cloud Computing Basics,0.268,False,719,0.331
ATT00804,ASM001,LRN0090,AWS Core Services,0.35,False,629,0.496
ATT00805,ASM014,LRN0090,Docker Fundamentals,0.567,False,390,0.533
ATT00806,ASM023,LRN0090,Kubernetes Basics,0.815,True,808,0.749
ATT00807,ASM004,LRN0090,CI/CD Pipelines,0.942,True,542,0.98
ATT00808,ASM031,LRN0090,Python Basics,0.192,False,649,0.073
ATT00809,ASM019,LRN0090,Git & Version Control,0.311,False,676,0.433
ATT00810,ASM030,LRN0090,Problem Solving (DSA Practice),0.489,False,768,0.455
ATT00811,ASM036,LRN0091,SQL Basics,0.101,False,442,0.05
ATT00812,ASM002,LRN0091,Advanced SQL,0.374,False,464,0.425
ATT00813,ASM016,LRN0091,Excel for Data Analysis,0.576,False,596,0.506
ATT00814,ASM009,LRN0091,Data Visualization,0.608,True,513,0.633
ATT00815,ASM013,LRN0091,Descriptive Statistics,0.911,True,624,0.972
ATT00816,ASM017,LRN0091,Exploratory Data Analysis,0.142,False,626,0.05
ATT00817,ASM031,LRN0091,Python Basics,0.351,False,832,0.471
ATT00818,ASM019,LRN0091,Git & Version Control,0.554,False,491,0.532
ATT00819,ASM030,LRN0091,Problem Solving (DSA Practice),0.75,True,297,0.624
ATT00820,ASM032,LRN0092,Python Data Structures,0.385,False,707,0.251
ATT00821,ASM021,LRN0092,Inferential Statistics,0.478,False,790,0.425
ATT00822,ASM025,LRN0092,ML Foundations,0.743,True,585,0.691
ATT00823,ASM035,LRN0092,Regression Techniques,0.948,True,544,0.98
ATT00824,ASM005,LRN0092,Classification Techniques,0.064,False,650,0.129
ATT00825,ASM027,LRN0092,Model Evaluation,0.386,False,514,0.266
ATT00826,ASM031,LRN0092,Python Basics,0.551,False,565,0.454
ATT00827,ASM019,LRN0092,Git & Version Control,0.733,True,672,0.863
ATT00828,ASM030,LRN0092,Problem Solving (DSA Practice),0.947,True,511,0.961
ATT00829,ASM025,LRN0093,ML Foundations,0.64,True,408,0.63
ATT00830,ASM018,LRN0093,Feature Engineering,0.644,True,600,0.569
ATT00831,ASM028,LRN0093,Neural Networks,0.996,True,795,0.951
ATT00832,ASM012,LRN0093,Deep Learning,0.258,False,746,0.24
ATT00833,ASM026,LRN0093,Model Deployment,0.268,False,691,0.307
ATT00834,ASM027,LRN0093,Model Evaluation,0.605,True,536,0.651
ATT00835,ASM031,LRN0093,Python Basics,0.751,True,755,0.798
ATT00836,ASM019,LRN0093,Git & Version Control,0.864,True,730,0.947
ATT00837,ASM030,LRN0093,Problem Solving (DSA Practice),0.024,False,598,0.187
ATT00838,ASM020,LRN0094,HTML & CSS,0.713,True,779,0.687
ATT00839,ASM022,LRN0094,JavaScript Basics,0.915,True,690,0.866
ATT00840,ASM034,LRN0094,React Fundamentals,0.137,False,593,0.164
ATT00841,ASM029,LRN0094,Node.js Basics,0.408,False,571,0.375
ATT00842,ASM033,LRN0094,REST API Design,0.439,False,748,0.543
ATT00843,ASM011,LRN0094,Database Design (RDBMS),0.751,True,647,0.878
ATT00844,ASM031,LRN0094,Python Basics,0.914,True,629,0.858
ATT00845,ASM019,LRN0094,Git & Version Control,0.155,False,646,0.315
ATT00846,ASM030,LRN0094,Problem Solving (DSA Practice),0.286,False,447,0.291
ATT00847,ASM002,LRN0095,Advanced SQL,0.917,True,269,0.876
ATT00848,ASM007,LRN0095,Data Modeling,0.037,False,513,0.136
ATT00849,ASM015,LRN0095,ETL Fundamentals,0.318,False,768,0.381
ATT00850,ASM003,LRN0095,Apache Spark Basics,0.573,False,796,0.485
ATT00851,ASM010,LRN0095,Data Warehousing,0.877,True,436,0.764
ATT00852,ASM008,LRN0095,Data Pipeline Design,0.869,True,466,0.791
ATT00853,ASM031,LRN0095,Python Basics,0.248,False,558,0.174
ATT00854,ASM019,LRN0095,Git & Version Control,0.425,False,528,0.516
ATT00855,ASM030,LRN0095,Problem Solving (DSA Practice),0.453,False,719,0.577
ATT00856,ASM024,LRN0096,Linux Fundamentals,0.139,False,489,0.14
ATT00857,ASM006,LRN0096,Cloud Computing Basics,0.362,False,732,0.449
ATT00858,ASM001,LRN0096,AWS Core Services,0.435,False,556,0.424
ATT00859,ASM014,LRN0096,Docker Fundamentals,0.818,True,497,0.736
ATT00860,ASM023,LRN0096,Kubernetes Basics,0.917,True,641,0.887
ATT00861,ASM004,LRN0096,CI/CD Pipelines,0.061,False,600,0.05
ATT00862,ASM031,LRN0096,Python Basics,0.31,False,728,0.381
ATT00863,ASM019,LRN0096,Git & Version Control,0.606,True,358,0.707
ATT00864,ASM030,LRN0096,Problem Solving (DSA Practice),0.768,True,718,0.712
ATT00865,ASM036,LRN0097,SQL Basics,0.48,False,383,0.466
ATT00866,ASM002,LRN0097,Advanced SQL,0.518,False,847,0.494
ATT00867,ASM016,LRN0097,Excel for Data Analysis,0.792,True,548,0.795
ATT00868,ASM009,LRN0097,Data Visualization,0.929,True,668,0.933
ATT00869,ASM013,LRN0097,Descriptive Statistics,0.131,False,536,0.21
ATT00870,ASM017,LRN0097,Exploratory Data Analysis,0.408,False,755,0.358
ATT00871,ASM031,LRN0097,Python Basics,0.699,True,756,0.521
ATT00872,ASM019,LRN0097,Git & Version Control,0.784,True,527,0.747
ATT00873,ASM030,LRN0097,Problem Solving (DSA Practice),0.867,True,642,0.779
ATT00874,ASM032,LRN0098,Python Data Structures,0.557,False,552,0.586
ATT00875,ASM021,LRN0098,Inferential Statistics,0.685,True,445,0.747
ATT00876,ASM025,LRN0098,ML Foundations,0.936,True,689,0.94
ATT00877,ASM035,LRN0098,Regression Techniques,0.104,False,691,0.181
ATT00878,ASM005,LRN0098,Classification Techniques,0.382,False,788,0.473
ATT00879,ASM027,LRN0098,Model Evaluation,0.571,False,691,0.465
ATT00880,ASM031,LRN0098,Python Basics,0.719,True,751,0.8
ATT00881,ASM019,LRN0098,Git & Version Control,0.98,True,665,0.905
ATT00882,ASM030,LRN0098,Problem Solving (DSA Practice),0.141,False,536,0.139
ATT00883,ASM025,LRN0099,ML Foundations,0.793,True,655,0.731
ATT00884,ASM018,LRN0099,Feature Engineering,0.883,True,556,0.862
ATT00885,ASM028,LRN0099,Neural Networks,0.207,False,457,0.125
ATT00886,ASM012,LRN0099,Deep Learning,0.431,False,656,0.459
ATT00887,ASM026,LRN0099,Model Deployment,0.459,False,775,0.447
ATT00888,ASM027,LRN0099,Model Evaluation,0.792,True,440,0.822
ATT00889,ASM031,LRN0099,Python Basics,0.985,True,592,0.89
ATT00890,ASM019,LRN0099,Git & Version Control,0.162,False,720,0.086
ATT00891,ASM030,LRN0099,Problem Solving (DSA Practice),0.256,False,559,0.252
ATT00892,ASM020,LRN0100,HTML & CSS,0.892,True,828,0.946
ATT00893,ASM022,LRN0100,JavaScript Basics,0.1,False,467,0.07
ATT00894,ASM034,LRN0100,React Fundamentals,0.334,False,666,0.227
ATT00895,ASM029,LRN0100,Node.js Basics,0.599,False,560,0.664
ATT00896,ASM033,LRN0100,REST API Design,0.775,True,673,0.698
ATT00897,ASM011,LRN0100,Database Design (RDBMS),0.855,True,665,0.92
ATT00898,ASM031,LRN0100,Python Basics,0.271,False,588,0.259
ATT00899,ASM019,LRN0100,Git & Version Control,0.424,False,429,0.539
ATT00900,ASM030,LRN0100,Problem Solving (DSA Practice),0.527,False,547,0.621
ATT00901,ASM002,LRN0101,Advanced SQL,0.263,False,745,0.28
ATT00902,ASM007,LRN0101,Data Modeling,0.281,False,742,0.25
ATT00903,ASM015,LRN0101,ETL Fundamentals,0.547,False,728,0.497
ATT00904,ASM003,LRN0101,Apache Spark Basics,0.768,True,732,0.809
ATT00905,ASM010,LRN0101,Data Warehousing,0.843,True,450,0.837
ATT00906,ASM008,LRN0101,Data Pipeline Design,0.073,False,823,0.05
ATT00907,ASM031,LRN0101,Python Basics,0.23,False,729,0.367
ATT00908,ASM019,LRN0101,Git & Version Control,0.613,True,693,0.685
ATT00909,ASM030,LRN0101,Problem Solving (DSA Practice),0.817,True,549,0.746
ATT00910,ASM024,LRN0102,Linux Fundamentals,0.485,False,711,0.427
ATT00911,ASM006,LRN0102,Cloud Computing Basics,0.619,True,670,0.607
ATT00912,ASM001,LRN0102,AWS Core Services,0.727,True,758,0.899
ATT00913,ASM014,LRN0102,Docker Fundamentals,0.983,True,565,0.9
ATT00914,ASM023,LRN0102,Kubernetes Basics,0.137,False,748,0.225
ATT00915,ASM004,LRN0102,CI/CD Pipelines,0.307,False,392,0.271
ATT00916,ASM031,LRN0102,Python Basics,0.593,False,481,0.546
ATT00917,ASM019,LRN0102,Git & Version Control,0.607,True,554,0.678
ATT00918,ASM030,LRN0102,Problem Solving (DSA Practice),0.999,True,598,0.849
ATT00919,ASM036,LRN0103,SQL Basics,0.545,False,533,0.645
ATT00920,ASM002,LRN0103,Advanced SQL,0.665,True,527,0.727
ATT00921,ASM016,LRN0103,Excel for Data Analysis,0.934,True,758,0.841
ATT00922,ASM009,LRN0103,Data Visualization,0.133,False,311,0.148
ATT00923,ASM013,LRN0103,Descriptive Statistics,0.25,False,521,0.382
ATT00924,ASM017,LRN0103,Exploratory Data Analysis,0.553,False,771,0.46
ATT00925,ASM031,LRN0103,Python Basics,0.791,True,396,0.837
ATT00926,ASM019,LRN0103,Git & Version Control,0.894,True,665,0.772
ATT00927,ASM030,LRN0103,Problem Solving (DSA Practice),0.146,False,559,0.086
ATT00928,ASM032,LRN0104,Python Data Structures,0.737,True,681,0.67
ATT00929,ASM021,LRN0104,Inferential Statistics,0.889,True,340,0.924
ATT00930,ASM025,LRN0104,ML Foundations,0.157,False,722,0.108
ATT00931,ASM035,LRN0104,Regression Techniques,0.465,False,515,0.416
ATT00932,ASM005,LRN0104,Classification Techniques,0.556,False,523,0.599
ATT00933,ASM027,LRN0104,Model Evaluation,0.805,True,548,0.926
ATT00934,ASM031,LRN0104,Python Basics,0.928,True,607,0.98
ATT00935,ASM019,LRN0104,Git & Version Control,0.156,False,591,0.227
ATT00936,ASM030,LRN0104,Problem Solving (DSA Practice),0.483,False,632,0.547
ATT00937,ASM025,LRN0105,ML Foundations,0.816,True,531,0.913
ATT00938,ASM018,LRN0105,Feature Engineering,0.087,False,445,0.05
ATT00939,ASM028,LRN0105,Neural Networks,0.233,False,695,0.367
ATT00940,ASM012,LRN0105,Deep Learning,0.532,False,508,0.677
ATT00941,ASM026,LRN0105,Model Deployment,0.876,True,793,0.743
ATT00942,ASM027,LRN0105,Model Evaluation,0.82,True,520,0.797
ATT00943,ASM031,LRN0105,Python Basics,0.182,False,538,0.161
ATT00944,ASM019,LRN0105,Git & Version Control,0.472,False,697,0.525
ATT00945,ASM030,LRN0105,Problem Solving (DSA Practice),0.619,True,536,0.607
ATT00946,ASM020,LRN0106,HTML & CSS,0.292,False,629,0.23
ATT00947,ASM022,LRN0106,JavaScript Basics,0.339,False,523,0.382
ATT00948,ASM034,LRN0106,React Fundamentals,0.525,False,549,0.553
ATT00949,ASM029,LRN0106,Node.js Basics,0.712,True,577,0.792
ATT00950,ASM033,LRN0106,REST API Design,0.897,True,807,0.939
ATT00951,ASM011,LRN0106,Database Design (RDBMS),0.203,False,483,0.3
ATT00952,ASM031,LRN0106,Python Basics,0.258,False,468,0.334
ATT00953,ASM019,LRN0106,Git & Version Control,0.521,False,602,0.528
ATT00954,ASM030,LRN0106,Problem Solving (DSA Practice),0.728,True,528,0.761
ATT00955,ASM002,LRN0107,Advanced SQL,0.389,False,598,0.461
ATT00956,ASM007,LRN0107,Data Modeling,0.686,True,611,0.763
ATT00957,ASM015,LRN0107,ETL Fundamentals,0.674,True,390,0.799
ATT00958,ASM003,LRN0107,Apache Spark Basics,0.875,True,606,0.907
ATT00959,ASM010,LRN0107,Data Warehousing,0.095,False,829,0.05
ATT00960,ASM008,LRN0107,Data Pipeline Design,0.338,False,579,0.293
ATT00961,ASM031,LRN0107,Python Basics,0.6,True,527,0.614
ATT00962,ASM019,LRN0107,Git & Version Control,0.869,True,756,0.728
ATT00963,ASM030,LRN0107,Problem Solving (DSA Practice),0.888,True,519,0.825
ATT00964,ASM024,LRN0108,Linux Fundamentals,0.496,False,667,0.629
ATT00965,ASM006,LRN0108,Cloud Computing Basics,0.833,True,692,0.912
ATT00966,ASM001,LRN0108,AWS Core Services,0.93,True,867,0.81
ATT00967,ASM014,LRN0108,Docker Fundamentals,0.119,False,741,0.258
ATT00968,ASM023,LRN0108,Kubernetes Basics,0.28,False,638,0.196
ATT00969,ASM004,LRN0108,CI/CD Pipelines,0.547,False,628,0.535
ATT00970,ASM031,LRN0108,Python Basics,0.65,True,774,0.714
ATT00971,ASM019,LRN0108,Git & Version Control,0.871,True,718,0.91
ATT00972,ASM030,LRN0108,Problem Solving (DSA Practice),0.244,False,651,0.194
ATT00973,ASM036,LRN0109,SQL Basics,0.765,True,755,0.784
ATT00974,ASM002,LRN0109,Advanced SQL,0.855,True,496,0.842
ATT00975,ASM016,LRN0109,Excel for Data Analysis,0.148,False,588,0.249
ATT00976,ASM009,LRN0109,Data Visualization,0.46,False,720,0.474
ATT00977,ASM013,LRN0109,Descriptive Statistics,0.548,False,400,0.498
ATT00978,ASM017,LRN0109,Exploratory Data Analysis,0.829,True,494,0.779
ATT00979,ASM031,LRN0109,Python Basics,0.871,True,590,0.908
ATT00980,ASM019,LRN0109,Git & Version Control,0.127,False,830,0.058
ATT00981,ASM030,LRN0109,Problem Solving (DSA Practice),0.292,False,593,0.396
ATT00982,ASM032,LRN0110,Python Data Structures,0.856,True,481,0.967
ATT00983,ASM021,LRN0110,Inferential Statistics,0.279,False,716,0.286
ATT00984,ASM025,LRN0110,ML Foundations,0.323,False,891,0.428
ATT00985,ASM035,LRN0110,Regression Techniques,0.562,False,762,0.587
ATT00986,ASM005,LRN0110,Classification Techniques,0.649,True,585,0.561
ATT00987,ASM027,LRN0110,Model Evaluation,0.857,True,625,0.901
ATT00988,ASM031,LRN0110,Python Basics,0.225,False,596,0.186
ATT00989,ASM019,LRN0110,Git & Version Control,0.369,False,488,0.392
ATT00990,ASM030,LRN0110,Problem Solving (DSA Practice),0.638,True,439,0.647
ATT00991,ASM025,LRN0111,ML Foundations,0.246,False,608,0.103
ATT00992,ASM018,LRN0111,Feature Engineering,0.411,False,653,0.491
ATT00993,ASM028,LRN0111,Neural Networks,0.617,True,626,0.534
ATT00994,ASM012,LRN0111,Deep Learning,0.699,True,560,0.571
ATT00995,ASM026,LRN0111,Model Deployment,0.907,True,487,0.943
ATT00996,ASM027,LRN0111,Model Evaluation,0.195,False,371,0.234
ATT00997,ASM031,LRN0111,Python Basics,0.391,False,471,0.418
ATT00998,ASM019,LRN0111,Git & Version Control,0.488,False,749,0.421
ATT00999,ASM030,LRN0111,Problem Solving (DSA Practice),0.844,True,745,0.774
ATT01000,ASM020,LRN0112,HTML & CSS,0.329,False,367,0.243
ATT01001,ASM022,LRN0112,JavaScript Basics,0.593,False,465,0.634
ATT01002,ASM034,LRN0112,React Fundamentals,0.682,True,577,0.765
ATT01003,ASM029,LRN0112,Node.js Basics,0.876,True,692,0.868
ATT01004,ASM033,LRN0112,REST API Design,0.215,False,430,0.13
ATT01005,ASM011,LRN0112,Database Design (RDBMS),0.395,False,404,0.43
ATT01006,ASM031,LRN0112,Python Basics,0.563,False,763,0.448
ATT01007,ASM019,LRN0112,Git & Version Control,0.724,True,689,0.746
ATT01008,ASM030,LRN0112,Problem Solving (DSA Practice),0.861,True,765,0.754
ATT01009,ASM002,LRN0113,Advanced SQL,0.532,False,735,0.511
ATT01010,ASM007,LRN0113,Data Modeling,0.799,True,647,0.755
ATT01011,ASM015,LRN0113,ETL Fundamentals,0.927,True,779,0.927
ATT01012,ASM003,LRN0113,Apache Spark Basics,0.252,False,544,0.155
ATT01013,ASM010,LRN0113,Data Warehousing,0.257,False,659,0.254
ATT01014,ASM008,LRN0113,Data Pipeline Design,0.617,True,782,0.692
ATT01015,ASM031,LRN0113,Python Basics,0.766,True,653,0.744
ATT01016,ASM019,LRN0113,Git & Version Control,0.97,True,554,0.847
ATT01017,ASM030,LRN0113,Problem Solving (DSA Practice),0.119,False,487,0.143
ATT01018,ASM024,LRN0114,Linux Fundamentals,0.722,True,510,0.686
ATT01019,ASM006,LRN0114,Cloud Computing Basics,0.942,True,744,0.98
ATT01020,ASM001,LRN0114,AWS Core Services,0.101,False,405,0.248
ATT01021,ASM014,LRN0114,Docker Fundamentals,0.318,False,701,0.294
ATT01022,ASM023,LRN0114,Kubernetes Basics,0.545,False,881,0.528
ATT01023,ASM004,LRN0114,CI/CD Pipelines,0.715,True,580,0.789
ATT01024,ASM031,LRN0114,Python Basics,0.934,True,731,0.98
ATT01025,ASM019,LRN0114,Git & Version Control,0.263,False,542,0.265
ATT01026,ASM030,LRN0114,Problem Solving (DSA Practice),0.317,False,863,0.166
ATT01027,ASM036,LRN0115,SQL Basics,0.963,True,498,0.961
ATT01028,ASM002,LRN0115,Advanced SQL,0.126,False,464,0.147
ATT01029,ASM016,LRN0115,Excel for Data Analysis,0.487,False,662,0.418
ATT01030,ASM009,LRN0115,Data Visualization,0.451,False,282,0.451
ATT01031,ASM013,LRN0115,Descriptive Statistics,0.739,True,605,0.664
ATT01032,ASM017,LRN0115,Exploratory Data Analysis,0.871,True,651,0.84
ATT01033,ASM031,LRN0115,Python Basics,0.058,False,557,0.088
ATT01034,ASM019,LRN0115,Git & Version Control,0.305,False,675,0.181
ATT01035,ASM030,LRN0115,Problem Solving (DSA Practice),0.55,False,512,0.679
ATT01036,ASM032,LRN0116,Python Data Structures,0.214,False,728,0.058
ATT01037,ASM021,LRN0116,Inferential Statistics,0.307,False,448,0.461
ATT01038,ASM025,LRN0116,ML Foundations,0.506,False,710,0.411
ATT01039,ASM035,LRN0116,Regression Techniques,0.809,True,858,0.712
ATT01040,ASM005,LRN0116,Classification Techniques,0.819,True,650,0.883
ATT01041,ASM027,LRN0116,Model Evaluation,0.049,False,697,0.05
ATT01042,ASM031,LRN0116,Python Basics,0.25,False,654,0.286
ATT01043,ASM019,LRN0116,Git & Version Control,0.59,False,514,0.59
ATT01044,ASM030,LRN0116,Problem Solving (DSA Practice),0.674,True,643,0.651
ATT01045,ASM025,LRN0117,ML Foundations,0.367,False,723,0.341
ATT01046,ASM018,LRN0117,Feature Engineering,0.581,False,392,0.607
ATT01047,ASM028,LRN0117,Neural Networks,0.741,True,471,0.808
ATT01048,ASM012,LRN0117,Deep Learning,0.948,True,762,0.857
ATT01049,ASM026,LRN0117,Model Deployment,0.154,False,530,0.153
ATT01050,ASM027,LRN0117,Model Evaluation,0.428,False,722,0.498
ATT01051,ASM031,LRN0117,Python Basics,0.531,False,517,0.539
ATT01052,ASM019,LRN0117,Git & Version Control,0.753,True,798,0.713
ATT01053,ASM030,LRN0117,Problem Solving (DSA Practice),0.876,True,677,0.801
ATT01054,ASM020,LRN0118,HTML & CSS,0.477,False,695,0.587
ATT01055,ASM022,LRN0118,JavaScript Basics,0.729,True,566,0.655
ATT01056,ASM034,LRN0118,React Fundamentals,0.941,True,497,0.809
ATT01057,ASM029,LRN0118,Node.js Basics,0.01,False,558,0.05
ATT01058,ASM033,LRN0118,REST API Design,0.287,False,660,0.182
ATT01059,ASM011,LRN0118,Database Design (RDBMS),0.49,False,665,0.51
ATT01060,ASM031,LRN0118,Python Basics,0.767,True,604,0.679
ATT01061,ASM019,LRN0118,Git & Version Control,0.958,True,517,0.96
ATT01062,ASM030,LRN0118,Problem Solving (DSA Practice),0.11,False,572,0.162
ATT01063,ASM002,LRN0119,Advanced SQL,0.711,True,598,0.612
ATT01064,ASM007,LRN0119,Data Modeling,0.932,True,586,0.948
ATT01065,ASM015,LRN0119,ETL Fundamentals,0.13,False,496,0.212
ATT01066,ASM003,LRN0119,Apache Spark Basics,0.322,False,712,0.335
ATT01067,ASM010,LRN0119,Data Warehousing,0.58,False,749,0.651
ATT01068,ASM008,LRN0119,Data Pipeline Design,0.664,True,497,0.655
ATT01069,ASM031,LRN0119,Python Basics,0.899,True,722,0.888
ATT01070,ASM019,LRN0119,Git & Version Control,0.127,False,636,0.163
ATT01071,ASM030,LRN0119,Problem Solving (DSA Practice),0.418,False,413,0.514
ATT01072,ASM024,LRN0120,Linux Fundamentals,0.914,True,699,0.98
ATT01073,ASM006,LRN0120,Cloud Computing Basics,0.063,False,712,0.084
ATT01074,ASM001,LRN0120,AWS Core Services,0.372,False,517,0.275
ATT01075,ASM014,LRN0120,Docker Fundamentals,0.491,False,704,0.57
ATT01076,ASM023,LRN0120,Kubernetes Basics,0.738,True,612,0.699
ATT01077,ASM004,LRN0120,CI/CD Pipelines,0.87,True,489,0.98
ATT01078,ASM031,LRN0120,Python Basics,0.253,False,402,0.108
ATT01079,ASM019,LRN0120,Git & Version Control,0.329,False,669,0.255
ATT01080,ASM030,LRN0120,Problem Solving (DSA Practice),0.524,False,739,0.454
ATT01081,ASM036,LRN0121,SQL Basics,0.167,False,386,0.119
ATT01082,ASM002,LRN0121,Advanced SQL,0.32,False,634,0.336
ATT01083,ASM016,LRN0121,Excel for Data Analysis,0.48,False,486,0.497
ATT01084,ASM009,LRN0121,Data Visualization,0.686,True,494,0.573
ATT01085,ASM013,LRN0121,Descriptive Statistics,0.897,True,310,0.927
ATT01086,ASM017,LRN0121,Exploratory Data Analysis,0.247,False,677,0.123
ATT01087,ASM031,LRN0121,Python Basics,0.402,False,545,0.457
ATT01088,ASM019,LRN0121,Git & Version Control,0.607,True,462,0.498
ATT01089,ASM030,LRN0121,Problem Solving (DSA Practice),0.715,True,525,0.806
ATT01090,ASM032,LRN0122,Python Data Structures,0.253,False,635,0.345
ATT01091,ASM021,LRN0122,Inferential Statistics,0.657,True,664,0.689
ATT01092,ASM025,LRN0122,ML Foundations,0.866,True,490,0.785
ATT01093,ASM035,LRN0122,Regression Techniques,0.898,True,476,0.907
ATT01094,ASM005,LRN0122,Classification Techniques,0.082,False,598,0.05
ATT01095,ASM027,LRN0122,Model Evaluation,0.444,False,576,0.504
ATT01096,ASM031,LRN0122,Python Basics,0.542,False,524,0.528
ATT01097,ASM019,LRN0122,Git & Version Control,0.697,True,662,0.614
ATT01098,ASM030,LRN0122,Problem Solving (DSA Practice),0.889,True,557,0.876
ATT01099,ASM025,LRN0123,ML Foundations,0.456,False,727,0.579
ATT01100,ASM018,LRN0123,Feature Engineering,0.715,True,771,0.588
ATT01101,ASM028,LRN0123,Neural Networks,0.85,True,437,0.805
ATT01102,ASM012,LRN0123,Deep Learning,0.12,False,475,0.088
ATT01103,ASM026,LRN0123,Model Deployment,0.388,False,612,0.249
ATT01104,ASM027,LRN0123,Model Evaluation,0.487,False,599,0.59
ATT01105,ASM031,LRN0123,Python Basics,0.783,True,524,0.77
ATT01106,ASM019,LRN0123,Git & Version Control,0.945,True,409,0.98
ATT01107,ASM030,LRN0123,Problem Solving (DSA Practice),0.178,False,424,0.279
ATT01108,ASM020,LRN0124,HTML & CSS,0.729,True,574,0.863
ATT01109,ASM022,LRN0124,JavaScript Basics,0.958,True,499,0.98
ATT01110,ASM034,LRN0124,React Fundamentals,0.292,False,676,0.151
ATT01111,ASM029,LRN0124,Node.js Basics,0.379,False,778,0.381
ATT01112,ASM033,LRN0124,REST API Design,0.515,False,611,0.574
ATT01113,ASM011,LRN0124,Database Design (RDBMS),0.692,True,375,0.753
ATT01114,ASM031,LRN0124,Python Basics,0.998,True,482,0.882
ATT01115,ASM019,LRN0124,Git & Version Control,0.188,False,797,0.296
ATT01116,ASM030,LRN0124,Problem Solving (DSA Practice),0.44,False,615,0.279
ATT01117,ASM002,LRN0125,Advanced SQL,0.813,True,624,0.79
ATT01118,ASM007,LRN0125,Data Modeling,0.102,False,662,0.157
ATT01119,ASM015,LRN0125,ETL Fundamentals,0.338,False,584,0.339
ATT01120,ASM003,LRN0125,Apache Spark Basics,0.521,False,656,0.568
ATT01121,ASM010,LRN0125,Data Warehousing,0.796,True,448,0.761
ATT01122,ASM008,LRN0125,Data Pipeline Design,0.84,True,443,0.853
ATT01123,ASM031,LRN0125,Python Basics,0.058,False,446,0.05
ATT01124,ASM019,LRN0125,Git & Version Control,0.265,False,526,0.329
ATT01125,ASM030,LRN0125,Problem Solving (DSA Practice),0.511,False,563,0.449
ATT01126,ASM024,LRN0126,Linux Fundamentals,0.166,False,506,0.198
ATT01127,ASM006,LRN0126,Cloud Computing Basics,0.327,False,475,0.333
ATT01128,ASM001,LRN0126,AWS Core Services,0.464,False,648,0.399
ATT01129,ASM014,LRN0126,Docker Fundamentals,0.857,True,434,0.791
ATT01130,ASM023,LRN0126,Kubernetes Basics,0.871,True,654,0.814
ATT01131,ASM004,LRN0126,CI/CD Pipelines,0.158,False,527,0.144
ATT01132,ASM031,LRN0126,Python Basics,0.35,False,571,0.5
ATT01133,ASM019,LRN0126,Git & Version Control,0.572,False,541,0.62
ATT01134,ASM030,LRN0126,Problem Solving (DSA Practice),0.645,True,720,0.609
ATT01135,ASM036,LRN0127,SQL Basics,0.326,False,524,0.424
ATT01136,ASM002,LRN0127,Advanced SQL,0.66,True,802,0.541
ATT01137,ASM016,LRN0127,Excel for Data Analysis,0.802,True,688,0.696
ATT01138,ASM009,LRN0127,Data Visualization,0.976,True,579,0.979
ATT01139,ASM013,LRN0127,Descriptive Statistics,0.018,False,601,0.133
ATT01140,ASM017,LRN0127,Exploratory Data Analysis,0.408,False,538,0.458
ATT01141,ASM031,LRN0127,Python Basics,0.679,True,534,0.623
ATT01142,ASM019,LRN0127,Git & Version Control,0.742,True,601,0.651
ATT01143,ASM030,LRN0127,Problem Solving (DSA Practice),0.856,True,590,0.933
ATT01144,ASM032,LRN0128,Python Data Structures,0.676,True,545,0.548
ATT01145,ASM021,LRN0128,Inferential Statistics,0.765,True,586,0.731
ATT01146,ASM025,LRN0128,ML Foundations,0.941,True,574,0.865
ATT01147,ASM035,LRN0128,Regression Techniques,0.175,False,457,0.232
ATT01148,ASM005,LRN0128,Classification Techniques,0.268,False,744,0.247
ATT01149,ASM027,LRN0128,Model Evaluation,0.614,True,521,0.691
ATT01150,ASM031,LRN0128,Python Basics,0.69,True,587,0.593
ATT01151,ASM019,LRN0128,Git & Version Control,0.946,True,576,0.863
ATT01152,ASM030,LRN0128,Problem Solving (DSA Practice),0.151,False,856,0.159
ATT01153,ASM025,LRN0129,ML Foundations,0.73,True,725,0.754
ATT01154,ASM018,LRN0129,Feature Engineering,0.937,True,596,0.98
ATT01155,ASM028,LRN0129,Neural Networks,0.249,False,593,0.175
ATT01156,ASM012,LRN0129,Deep Learning,0.427,False,397,0.331
ATT01157,ASM026,LRN0129,Model Deployment,0.509,False,488,0.636
ATT01158,ASM027,LRN0129,Model Evaluation,0.831,True,486,0.937
ATT01159,ASM031,LRN0129,Python Basics,0.871,True,565,0.881
ATT01160,ASM019,LRN0129,Git & Version Control,0.116,False,511,0.05
ATT01161,ASM030,LRN0129,Problem Solving (DSA Practice),0.369,False,737,0.363
ATT01162,ASM020,LRN0130,HTML & CSS,0.841,True,515,0.968
ATT01163,ASM022,LRN0130,JavaScript Basics,0.092,False,715,0.05
ATT01164,ASM034,LRN0130,React Fundamentals,0.317,False,786,0.302
ATT01165,ASM029,LRN0130,Node.js Basics,0.437,False,862,0.483
ATT01166,ASM033,LRN0130,REST API Design,0.687,True,697,0.543
ATT01167,ASM011,LRN0130,Database Design (RDBMS),0.957,True,691,0.969
ATT01168,ASM031,LRN0130,Python Basics,0.161,False,576,0.146
ATT01169,ASM019,LRN0130,Git & Version Control,0.255,False,625,0.181
ATT01170,ASM030,LRN0130,Problem Solving (DSA Practice),0.602,True,442,0.53
ATT01171,ASM002,LRN0131,Advanced SQL,0.071,False,443,0.142
ATT01172,ASM007,LRN0131,Data Modeling,0.419,False,770,0.509
ATT01173,ASM015,LRN0131,ETL Fundamentals,0.468,False,567,0.463
ATT01174,ASM003,LRN0131,Apache Spark Basics,0.738,True,489,0.659
ATT01175,ASM010,LRN0131,Data Warehousing,0.895,True,664,0.921
ATT01176,ASM008,LRN0131,Data Pipeline Design,0.26,False,577,0.131
ATT01177,ASM031,LRN0131,Python Basics,0.332,False,706,0.239
ATT01178,ASM019,LRN0131,Git & Version Control,0.576,False,524,0.629
ATT01179,ASM030,LRN0131,Problem Solving (DSA Practice),0.792,True,782,0.854
ATT01180,ASM024,LRN0132,Linux Fundamentals,0.271,False,644,0.339
ATT01181,ASM006,LRN0132,Cloud Computing Basics,0.569,False,626,0.588
ATT01182,ASM001,LRN0132,AWS Core Services,0.67,True,687,0.685
ATT01183,ASM014,LRN0132,Docker Fundamentals,0.949,True,607,0.901
ATT01184,ASM023,LRN0132,Kubernetes Basics,0.092,False,648,0.05
ATT01185,ASM004,LRN0132,CI/CD Pipelines,0.46,False,886,0.533
ATT01186,ASM031,LRN0132,Python Basics,0.577,False,618,0.682
ATT01187,ASM019,LRN0132,Git & Version Control,0.614,True,531,0.633
ATT01188,ASM030,LRN0132,Problem Solving (DSA Practice),0.925,True,638,0.924
ATT01189,ASM036,LRN0133,SQL Basics,0.531,False,779,0.496
ATT01190,ASM002,LRN0133,Advanced SQL,0.667,True,609,0.639
ATT01191,ASM016,LRN0133,Excel for Data Analysis,0.942,True,514,0.98
ATT01192,ASM009,LRN0133,Data Visualization,0.096,False,541,0.105
ATT01193,ASM013,LRN0133,Descriptive Statistics,0.296,False,582,0.215
ATT01194,ASM017,LRN0133,Exploratory Data Analysis,0.638,True,691,0.559
ATT01195,ASM031,LRN0133,Python Basics,0.764,True,467,0.765
ATT01196,ASM019,LRN0133,Git & Version Control,0.865,True,692,0.769
ATT01197,ASM030,LRN0133,Problem Solving (DSA Practice),0.142,False,710,0.12
ATT01198,ASM032,LRN0134,Python Data Structures,0.783,True,582,0.836
ATT01199,ASM021,LRN0134,Inferential Statistics,0.955,True,724,0.861
ATT01200,ASM025,LRN0134,ML Foundations,0.172,False,523,0.167
ATT01201,ASM035,LRN0134,Regression Techniques,0.348,False,348,0.226
ATT01202,ASM005,LRN0134,Classification Techniques,0.575,False,240,0.572
ATT01203,ASM027,LRN0134,Model Evaluation,0.64,True,724,0.601
ATT01204,ASM031,LRN0134,Python Basics,0.917,True,830,0.973
ATT01205,ASM019,LRN0134,Git & Version Control,0.045,False,647,0.201
ATT01206,ASM030,LRN0134,Problem Solving (DSA Practice),0.443,False,458,0.404
ATT01207,ASM025,LRN0135,ML Foundations,0.871,True,591,0.855
ATT01208,ASM018,LRN0135,Feature Engineering,0.021,False,501,0.05
ATT01209,ASM028,LRN0135,Neural Networks,0.309,False,903,0.341
ATT01210,ASM012,LRN0135,Deep Learning,0.57,False,619,0.603
ATT01211,ASM026,LRN0135,Model Deployment,0.901,True,792,0.787
ATT01212,ASM027,LRN0135,Model Evaluation,0.901,True,522,0.869
ATT01213,ASM031,LRN0135,Python Basics,0.2,False,372,0.187
ATT01214,ASM019,LRN0135,Git & Version Control,0.358,False,770,0.355
ATT01215,ASM030,LRN0135,Problem Solving (DSA Practice),0.507,False,524,0.598
ATT01216,ASM020,LRN0136,HTML & CSS,0.127,False,720,0.05
ATT01217,ASM022,LRN0136,JavaScript Basics,0.349,False,663,0.391
ATT01218,ASM034,LRN0136,React Fundamentals,0.511,False,617,0.487
ATT01219,ASM029,LRN0136,Node.js Basics,0.824,True,499,0.695
ATT01220,ASM033,LRN0136,REST API Design,0.882,True,666,0.881
ATT01221,ASM011,LRN0136,Database Design (RDBMS),0.238,False,402,0.167
ATT01222,ASM031,LRN0136,Python Basics,0.214,False,450,0.282
ATT01223,ASM019,LRN0136,Git & Version Control,0.524,False,617,0.448
ATT01224,ASM030,LRN0136,Problem Solving (DSA Practice),0.784,True,756,0.794
ATT01225,ASM002,LRN0137,Advanced SQL,0.303,False,610,0.268
ATT01226,ASM007,LRN0137,Data Modeling,0.53,False,703,0.597
ATT01227,ASM015,LRN0137,ETL Fundamentals,0.704,True,594,0.652
ATT01228,ASM003,LRN0137,Apache Spark Basics,0.904,True,599,0.98
ATT01229,ASM010,LRN0137,Data Warehousing,0.007,False,473,0.088
ATT01230,ASM008,LRN0137,Data Pipeline Design,0.354,False,240,0.485
ATT01231,ASM031,LRN0137,Python Basics,0.543,False,542,0.441
ATT01232,ASM019,LRN0137,Git & Version Control,0.653,True,347,0.618
ATT01233,ASM030,LRN0137,Problem Solving (DSA Practice),0.943,True,618,0.9
ATT01234,ASM024,LRN0138,Linux Fundamentals,0.509,False,552,0.506
ATT01235,ASM006,LRN0138,Cloud Computing Basics,0.686,True,739,0.732
ATT01236,ASM001,LRN0138,AWS Core Services,0.908,True,517,0.914
ATT01237,ASM014,LRN0138,Docker Fundamentals,0.023,False,732,0.116
ATT01238,ASM023,LRN0138,Kubernetes Basics,0.405,False,733,0.516
ATT01239,ASM004,LRN0138,CI/CD Pipelines,0.61,True,542,0.507
ATT01240,ASM031,LRN0138,Python Basics,0.812,True,611,0.876
ATT01241,ASM019,LRN0138,Git & Version Control,0.907,True,610,0.888
ATT01242,ASM030,LRN0138,Problem Solving (DSA Practice),0.246,False,702,0.305
ATT01243,ASM036,LRN0139,SQL Basics,0.802,True,747,0.887
ATT01244,ASM002,LRN0139,Advanced SQL,0.947,True,639,0.863
ATT01245,ASM016,LRN0139,Excel for Data Analysis,0.185,False,567,0.322
ATT01246,ASM009,LRN0139,Data Visualization,0.422,False,750,0.382
ATT01247,ASM013,LRN0139,Descriptive Statistics,0.567,False,462,0.601
ATT01248,ASM017,LRN0139,Exploratory Data Analysis,0.746,True,716,0.631
ATT01249,ASM031,LRN0139,Python Basics,0.905,True,729,0.98
ATT01250,ASM019,LRN0139,Git & Version Control,0.117,False,728,0.211
ATT01251,ASM030,LRN0139,Problem Solving (DSA Practice),0.405,False,866,0.392
ATT01252,ASM032,LRN0140,Python Data Structures,0.934,True,519,0.948
ATT01253,ASM021,LRN0140,Inferential Statistics,0.108,False,567,0.116
ATT01254,ASM025,LRN0140,ML Foundations,0.304,False,426,0.39
ATT01255,ASM035,LRN0140,Regression Techniques,0.641,True,791,0.633
ATT01256,ASM005,LRN0140,Classification Techniques,0.854,True,426,0.906
ATT01257,ASM027,LRN0140,Model Evaluation,0.912,True,534,0.98
ATT01258,ASM031,LRN0140,Python Basics,0.239,False,661,0.284
ATT01259,ASM019,LRN0140,Git & Version Control,0.263,False,703,0.387
ATT01260,ASM030,LRN0140,Problem Solving (DSA Practice),0.591,False,582,0.504
ATT01261,ASM025,LRN0141,ML Foundations,0.201,False,895,0.162
ATT01262,ASM018,LRN0141,Feature Engineering,0.27,False,759,0.192
ATT01263,ASM028,LRN0141,Neural Networks,0.564,False,507,0.413
ATT01264,ASM012,LRN0141,Deep Learning,0.771,True,539,0.841
ATT01265,ASM026,LRN0141,Model Deployment,0.871,True,490,0.913
ATT01266,ASM027,LRN0141,Model Evaluation,0.207,False,813,0.103
ATT01267,ASM031,LRN0141,Python Basics,0.4,False,680,0.452
ATT01268,ASM019,LRN0141,Git & Version Control,0.453,False,478,0.564
ATT01269,ASM030,LRN0141,Problem Solving (DSA Practice),0.763,True,630,0.694
ATT01270,ASM020,LRN0142,HTML & CSS,0.323,False,573,0.196
ATT01271,ASM022,LRN0142,JavaScript Basics,0.548,False,780,0.493
ATT01272,ASM034,LRN0142,React Fundamentals,0.695,True,482,0.721
ATT01273,ASM029,LRN0142,Node.js Basics,0.931,True,613,0.821
ATT01274,ASM033,LRN0142,REST API Design,0.221,False,502,0.336
ATT01275,ASM011,LRN0142,Database Design (RDBMS),0.328,False,501,0.298
ATT01276,ASM031,LRN0142,Python Basics,0.455,False,535,0.557
ATT01277,ASM019,LRN0142,Git & Version Control,0.833,True,630,0.926
ATT01278,ASM030,LRN0142,Problem Solving (DSA Practice),0.922,True,544,0.843
ATT01279,ASM002,LRN0143,Advanced SQL,0.534,False,767,0.539
ATT01280,ASM007,LRN0143,Data Modeling,0.735,True,926,0.819
ATT01281,ASM015,LRN0143,ETL Fundamentals,0.953,True,514,0.917
ATT01282,ASM003,LRN0143,Apache Spark Basics,0.075,False,457,0.106
ATT01283,ASM010,LRN0143,Data Warehousing,0.281,False,743,0.309
ATT01284,ASM008,LRN0143,Data Pipeline Design,0.516,False,592,0.612
ATT01285,ASM031,LRN0143,Python Basics,0.684,True,591,0.794
ATT01286,ASM019,LRN0143,Git & Version Control,0.941,True,646,0.98
ATT01287,ASM030,LRN0143,Problem Solving (DSA Practice),0.171,False,564,0.118
ATT01288,ASM024,LRN0144,Linux Fundamentals,0.707,True,561,0.788
ATT01289,ASM006,LRN0144,Cloud Computing Basics,0.923,True,676,0.952
ATT01290,ASM001,LRN0144,AWS Core Services,0.204,False,818,0.259
ATT01291,ASM014,LRN0144,Docker Fundamentals,0.364,False,560,0.397
ATT01292,ASM023,LRN0144,Kubernetes Basics,0.456,False,670,0.431
ATT01293,ASM004,LRN0144,CI/CD Pipelines,0.682,True,645,0.818
ATT01294,ASM031,LRN0144,Python Basics,0.89,True,670,0.823
ATT01295,ASM019,LRN0144,Git & Version Control,0.174,False,655,0.253
ATT01296,ASM030,LRN0144,Problem Solving (DSA Practice),0.368,False,623,0.358
ATT01297,ASM036,LRN0145,SQL Basics,0.943,True,765,0.915
ATT01298,ASM002,LRN0145,Advanced SQL,0.173,False,691,0.176
ATT01299,ASM016,LRN0145,Excel for Data Analysis,0.237,False,569,0.206
ATT01300,ASM009,LRN0145,Data Visualization,0.664,True,822,0.717
ATT01301,ASM013,LRN0145,Descriptive Statistics,0.843,True,573,0.818
ATT01302,ASM017,LRN0145,Exploratory Data Analysis,0.942,True,495,0.826
ATT01303,ASM031,LRN0145,Python Basics,0.117,False,740,0.137
ATT01304,ASM019,LRN0145,Git & Version Control,0.357,False,686,0.353
ATT01305,ASM030,LRN0145,Problem Solving (DSA Practice),0.642,True,801,0.625
ATT01306,ASM032,LRN0146,Python Data Structures,0.21,False,703,0.138
ATT01307,ASM021,LRN0146,Inferential Statistics,0.216,False,582,0.352
ATT01308,ASM025,LRN0146,ML Foundations,0.562,False,718,0.528
ATT01309,ASM035,LRN0146,Regression Techniques,0.76,True,472,0.82
ATT01310,ASM005,LRN0146,Classification Techniques,0.853,True,660,0.844
ATT01311,ASM027,LRN0146,Model Evaluation,0.144,False,791,0.087
ATT01312,ASM031,LRN0146,Python Basics,0.372,False,652,0.382
ATT01313,ASM019,LRN0146,Git & Version Control,0.673,True,541,0.578
ATT01314,ASM030,LRN0146,Problem Solving (DSA Practice),0.779,True,569,0.785
ATT01315,ASM025,LRN0147,ML Foundations,0.293,False,704,0.212
ATT01316,ASM018,LRN0147,Feature Engineering,0.621,True,661,0.453
ATT01317,ASM028,LRN0147,Neural Networks,0.857,True,673,0.724
ATT01318,ASM012,LRN0147,Deep Learning,0.883,True,578,0.8
ATT01319,ASM026,LRN0147,Model Deployment,0.02,False,575,0.111
ATT01320,ASM027,LRN0147,Model Evaluation,0.257,False,556,0.205
ATT01321,ASM031,LRN0147,Python Basics,0.497,False,891,0.54
ATT01322,ASM019,LRN0147,Git & Version Control,0.74,True,585,0.739
ATT01323,ASM030,LRN0147,Problem Solving (DSA Practice),0.948,True,548,0.98
ATT01324,ASM020,LRN0148,HTML & CSS,0.492,False,616,0.505
ATT01325,ASM022,LRN0148,JavaScript Basics,0.821,True,646,0.73
ATT01326,ASM034,LRN0148,React Fundamentals,0.923,True,902,0.967
ATT01327,ASM029,LRN0148,Node.js Basics,0.026,False,678,0.106
ATT01328,ASM033,LRN0148,REST API Design,0.427,False,701,0.478
ATT01329,ASM011,LRN0148,Database Design (RDBMS),0.503,False,641,0.582
ATT01330,ASM031,LRN0148,Python Basics,0.661,True,660,0.674
ATT01331,ASM019,LRN0148,Git & Version Control,0.976,True,641,0.895
ATT01332,ASM030,LRN0148,Problem Solving (DSA Practice),0.134,False,567,0.106
ATT01333,ASM002,LRN0149,Advanced SQL,0.791,True,594,0.767
ATT01334,ASM007,LRN0149,Data Modeling,0.969,True,460,0.98
ATT01335,ASM015,LRN0149,ETL Fundamentals,0.113,False,688,0.231
ATT01336,ASM003,LRN0149,Apache Spark Basics,0.357,False,707,0.289
ATT01337,ASM010,LRN0149,Data Warehousing,0.574,False,808,0.548
ATT01338,ASM008,LRN0149,Data Pipeline Design,0.67,True,641,0.626
ATT01339,ASM031,LRN0149,Python Basics,0.905,True,543,0.955
ATT01340,ASM019,LRN0149,Git & Version Control,0.237,False,857,0.21
ATT01341,ASM030,LRN0149,Problem Solving (DSA Practice),0.372,False,431,0.445
ATT01342,ASM024,LRN0150,Linux Fundamentals,0.853,True,634,0.951
ATT01343,ASM006,LRN0150,Cloud Computing Basics,0.144,False,640,0.076
ATT01344,ASM001,LRN0150,AWS Core Services,0.325,False,572,0.205
ATT01345,ASM014,LRN0150,Docker Fundamentals,0.555,False,498,0.523
ATT01346,ASM023,LRN0150,Kubernetes Basics,0.864,True,820,0.911
ATT01347,ASM004,LRN0150,CI/CD Pipelines,0.981,True,499,0.978
ATT01348,ASM031,LRN0150,Python Basics,0.166,False,669,0.15
ATT01349,ASM019,LRN0150,Git & Version Control,0.402,False,517,0.442
ATT01350,ASM030,LRN0150,Problem Solving (DSA Practice),0.608,True,727,0.726
ATT01351,ASM036,LRN0151,SQL Basics,0.186,False,651,0.267
ATT01352,ASM002,LRN0151,Advanced SQL,0.237,False,449,0.225
ATT01353,ASM016,LRN0151,Excel for Data Analysis,0.611,True,766,0.472
ATT01354,ASM009,LRN0151,Data Visualization,0.764,True,750,0.829
ATT01355,ASM013,LRN0151,Descriptive Statistics,0.897,True,483,0.916
ATT01356,ASM017,LRN0151,Exploratory Data Analysis,0.047,False,453,0.184
ATT01357,ASM031,LRN0151,Python Basics,0.338,False,442,0.461
ATT01358,ASM019,LRN0151,Git & Version Control,0.677,True,669,0.737
ATT01359,ASM030,LRN0151,Problem Solving (DSA Practice),0.772,True,507,0.774
ATT01360,ASM032,LRN0152,Python Data Structures,0.314,False,642,0.37
ATT01361,ASM021,LRN0152,Inferential Statistics,0.67,True,709,0.577
ATT01362,ASM025,LRN0152,ML Foundations,0.758,True,450,0.67
ATT01363,ASM035,LRN0152,Regression Techniques,0.93,True,564,0.823
ATT01364,ASM005,LRN0152,Classification Techniques,0.193,False,560,0.103
ATT01365,ASM027,LRN0152,Model Evaluation,0.319,False,527,0.343
ATT01366,ASM031,LRN0152,Python Basics,0.609,True,520,0.545
ATT01367,ASM019,LRN0152,Git & Version Control,0.662,True,608,0.811
ATT01368,ASM030,LRN0152,Problem Solving (DSA Practice),0.909,True,541,0.98
ATT01369,ASM025,LRN0153,ML Foundations,0.489,False,554,0.606
ATT01370,ASM018,LRN0153,Feature Engineering,0.673,True,584,0.771
ATT01371,ASM028,LRN0153,Neural Networks,0.88,True,488,0.837
ATT01372,ASM012,LRN0153,Deep Learning,0.179,False,517,0.172
ATT01373,ASM026,LRN0153,Model Deployment,0.388,False,592,0.309
ATT01374,ASM027,LRN0153,Model Evaluation,0.472,False,667,0.336
ATT01375,ASM031,LRN0153,Python Basics,0.724,True,630,0.755
ATT01376,ASM019,LRN0153,Git & Version Control,0.953,True,671,0.802
ATT01377,ASM030,LRN0153,Problem Solving (DSA Practice),0.163,False,471,0.094
ATT01378,ASM020,LRN0154,HTML & CSS,0.737,True,669,0.667
ATT01379,ASM022,LRN0154,JavaScript Basics,0.948,True,529,0.98
ATT01380,ASM034,LRN0154,React Fundamentals,0.227,False,580,0.128
ATT01381,ASM029,LRN0154,Node.js Basics,0.314,False,461,0.374
ATT01382,ASM033,LRN0154,REST API Design,0.581,False,638,0.731
ATT01383,ASM011,LRN0154,Database Design (RDBMS),0.804,True,400,0.766
ATT01384,ASM031,LRN0154,Python Basics,0.837,True,411,0.785
ATT01385,ASM019,LRN0154,Git & Version Control,0.163,False,478,0.069
ATT01386,ASM030,LRN0154,Problem Solving (DSA Practice),0.437,False,767,0.363
ATT01387,ASM002,LRN0155,Advanced SQL,0.869,True,591,0.849
ATT01388,ASM007,LRN0155,Data Modeling,0.143,False,677,0.115
ATT01389,ASM015,LRN0155,ETL Fundamentals,0.286,False,351,0.377
ATT01390,ASM003,LRN0155,Apache Spark Basics,0.494,False,585,0.572
ATT01391,ASM010,LRN0155,Data Warehousing,0.858,True,527,0.843
ATT01392,ASM008,LRN0155,Data Pipeline Design,0.914,True,822,0.895
ATT01393,ASM031,LRN0155,Python Basics,0.209,False,669,0.301
ATT01394,ASM019,LRN0155,Git & Version Control,0.298,False,491,0.307
ATT01395,ASM030,LRN0155,Problem Solving (DSA Practice),0.519,False,585,0.547
ATT01396,ASM024,LRN0156,Linux Fundamentals,0.243,False,449,0.267
ATT01397,ASM006,LRN0156,Cloud Computing Basics,0.282,False,640,0.237
ATT01398,ASM001,LRN0156,AWS Core Services,0.621,True,404,0.62
ATT01399,ASM014,LRN0156,Docker Fundamentals,0.791,True,789,0.682
ATT01400,ASM023,LRN0156,Kubernetes Basics,0.913,True,555,0.841
ATT01401,ASM004,LRN0156,CI/CD Pipelines,0.158,False,573,0.172
ATT01402,ASM031,LRN0156,Python Basics,0.258,False,785,0.249
ATT01403,ASM019,LRN0156,Git & Version Control,0.565,False,592,0.495
ATT01404,ASM030,LRN0156,Problem Solving (DSA Practice),0.769,True,623,0.734
ATT01405,ASM036,LRN0157,SQL Basics,0.312,False,632,0.312
ATT01406,ASM002,LRN0157,Advanced SQL,0.595,False,532,0.44
ATT01407,ASM016,LRN0157,Excel for Data Analysis,0.68,True,614,0.743
ATT01408,ASM009,LRN0157,Data Visualization,0.928,True,668,0.94
ATT01409,ASM013,LRN0157,Descriptive Statistics,0.104,False,634,0.05
ATT01410,ASM017,LRN0157,Exploratory Data Analysis,0.487,False,486,0.47
ATT01411,ASM031,LRN0157,Python Basics,0.695,True,588,0.743
ATT01412,ASM019,LRN0157,Git & Version Control,0.69,True,639,0.717
ATT01413,ASM030,LRN0157,Problem Solving (DSA Practice),0.943,True,551,0.916
ATT01414,ASM032,LRN0158,Python Data Structures,0.428,False,688,0.559
ATT01415,ASM021,LRN0158,Inferential Statistics,0.827,True,662,0.848
ATT01416,ASM025,LRN0158,ML Foundations,0.924,True,580,0.98
ATT01417,ASM035,LRN0158,Regression Techniques,0.045,False,692,0.117
ATT01418,ASM005,LRN0158,Classification Techniques,0.343,False,531,0.432
ATT01419,ASM027,LRN0158,Model Evaluation,0.559,False,690,0.646
ATT01420,ASM031,LRN0158,Python Basics,0.772,True,409,0.759
ATT01421,ASM019,LRN0158,Git & Version Control,0.914,True,804,0.98
ATT01422,ASM030,LRN0158,Problem Solving (DSA Practice),0.056,False,382,0.076
ATT01423,ASM025,LRN0159,ML Foundations,0.884,True,775,0.75
ATT01424,ASM018,LRN0159,Feature Engineering,0.97,True,568,0.91
ATT01425,ASM028,LRN0159,Neural Networks,0.075,False,616,0.166
ATT01426,ASM012,LRN0159,Deep Learning,0.247,False,601,0.269
ATT01427,ASM026,LRN0159,Model Deployment,0.617,True,302,0.493
ATT01428,ASM027,LRN0159,Model Evaluation,0.737,True,630,0.79
ATT01429,ASM031,LRN0159,Python Basics,0.891,True,741,0.899
ATT01430,ASM019,LRN0159,Git & Version Control,0.13,False,538,0.213
ATT01431,ASM030,LRN0159,Problem Solving (DSA Practice),0.424,False,660,0.409
ATT01432,ASM020,LRN0160,HTML & CSS,0.82,True,625,0.93
ATT01433,ASM022,LRN0160,JavaScript Basics,0.235,False,621,0.252
ATT01434,ASM034,LRN0160,React Fundamentals,0.397,False,737,0.302
ATT01435,ASM029,LRN0160,Node.js Basics,0.561,False,536,0.631
ATT01436,ASM033,LRN0160,REST API Design,0.733,True,513,0.791
ATT01437,ASM011,LRN0160,Database Design (RDBMS),0.844,True,860,0.738
ATT01438,ASM031,LRN0160,Python Basics,0.146,False,557,0.221
ATT01439,ASM019,LRN0160,Git & Version Control,0.295,False,548,0.269
ATT01440,ASM030,LRN0160,Problem Solving (DSA Practice),0.558,False,616,0.593
ATT01441,ASM002,LRN0161,Advanced SQL,0.228,False,612,0.095
ATT01442,ASM007,LRN0161,Data Modeling,0.409,False,497,0.352
ATT01443,ASM015,LRN0161,ETL Fundamentals,0.512,False,665,0.393
ATT01444,ASM003,LRN0161,Apache Spark Basics,0.742,True,630,0.685
ATT01445,ASM010,LRN0161,Data Warehousing,0.926,True,488,0.903
ATT01446,ASM008,LRN0161,Data Pipeline Design,0.241,False,601,0.215
ATT01447,ASM031,LRN0161,Python Basics,0.344,False,489,0.453
ATT01448,ASM019,LRN0161,Git & Version Control,0.561,False,675,0.601
ATT01449,ASM030,LRN0161,Problem Solving (DSA Practice),0.666,True,727,0.707
ATT01450,ASM024,LRN0162,Linux Fundamentals,0.274,False,429,0.245
ATT01451,ASM006,LRN0162,Cloud Computing Basics,0.676,True,768,0.683
ATT01452,ASM001,LRN0162,AWS Core Services,0.678,True,780,0.684
ATT01453,ASM014,LRN0162,Docker Fundamentals,0.986,True,593,0.95
ATT01454,ASM023,LRN0162,Kubernetes Basics,0.033,False,538,0.05
ATT01455,ASM004,LRN0162,CI/CD Pipelines,0.337,False,638,0.399
ATT01456,ASM031,LRN0162,Python Basics,0.534,False,656,0.571
ATT01457,ASM019,LRN0162,Git & Version Control,0.668,True,739,0.629
ATT01458,ASM030,LRN0162,Problem Solving (DSA Practice),0.836,True,585,0.866
ATT01459,ASM036,LRN0163,SQL Basics,0.436,False,524,0.439
ATT01460,ASM002,LRN0163,Advanced SQL,0.737,True,336,0.783
ATT01461,ASM016,LRN0163,Excel for Data Analysis,0.948,True,629,0.83
ATT01462,ASM009,LRN0163,Data Visualization,0.046,False,513,0.094
ATT01463,ASM013,LRN0163,Descriptive Statistics,0.328,False,722,0.293
ATT01464,ASM017,LRN0163,Exploratory Data Analysis,0.598,False,533,0.738
ATT01465,ASM031,LRN0163,Python Basics,0.63,True,631,0.647
ATT01466,ASM019,LRN0163,Git & Version Control,0.932,True,624,0.98
ATT01467,ASM030,LRN0163,Problem Solving (DSA Practice),0.165,False,563,0.063
ATT01468,ASM032,LRN0164,Python Data Structures,0.683,True,390,0.696
ATT01469,ASM021,LRN0164,Inferential Statistics,0.964,True,600,0.856
ATT01470,ASM025,LRN0164,ML Foundations,0.221,False,729,0.283
ATT01471,ASM035,LRN0164,Regression Techniques,0.352,False,387,0.434
ATT01472,ASM005,LRN0164,Classification Techniques,0.605,True,531,0.607
ATT01473,ASM027,LRN0164,Model Evaluation,0.749,True,705,0.619
ATT01474,ASM031,LRN0164,Python Basics,0.87,True,726,0.892
ATT01475,ASM019,LRN0164,Git & Version Control,0.116,False,643,0.174
ATT01476,ASM030,LRN0164,Problem Solving (DSA Practice),0.346,False,475,0.353
ATT01477,ASM025,LRN0165,ML Foundations,0.843,True,655,0.943
ATT01478,ASM018,LRN0165,Feature Engineering,0.098,False,725,0.14
ATT01479,ASM028,LRN0165,Neural Networks,0.418,False,680,0.336
ATT01480,ASM012,LRN0165,Deep Learning,0.586,False,405,0.547
ATT01481,ASM026,LRN0165,Model Deployment,0.739,True,542,0.746
ATT01482,ASM027,LRN0165,Model Evaluation,0.879,True,609,0.887
ATT01483,ASM031,LRN0165,Python Basics,0.131,False,822,0.19
ATT01484,ASM019,LRN0165,Git & Version Control,0.373,False,445,0.421
ATT01485,ASM030,LRN0165,Problem Solving (DSA Practice),0.61,True,551,0.682
ATT01486,ASM020,LRN0166,HTML & CSS,0.194,False,678,0.265
ATT01487,ASM022,LRN0166,JavaScript Basics,0.434,False,615,0.465
ATT01488,ASM034,LRN0166,React Fundamentals,0.428,False,509,0.352
ATT01489,ASM029,LRN0166,Node.js Basics,0.756,True,661,0.918
ATT01490,ASM033,LRN0166,REST API Design,0.92,True,332,0.85
ATT01491,ASM011,LRN0166,Database Design (RDBMS),0.17,False,624,0.193
ATT01492,ASM031,LRN0166,Python Basics,0.414,False,646,0.504
ATT01493,ASM019,LRN0166,Git & Version Control,0.615,True,359,0.734
ATT01494,ASM030,LRN0166,Problem Solving (DSA Practice),0.74,True,550,0.711
ATT01495,ASM002,LRN0167,Advanced SQL,0.406,False,510,0.262
ATT01496,ASM007,LRN0167,Data Modeling,0.641,True,639,0.63
ATT01497,ASM015,LRN0167,ETL Fundamentals,0.774,True,571,0.835
ATT01498,ASM003,LRN0167,Apache Spark Basics,0.898,True,652,0.812
ATT01499,ASM010,LRN0167,Data Warehousing,0.12,False,601,0.125
ATT01500,ASM008,LRN0167,Data Pipeline Design,0.447,False,604,0.45
ATT01501,ASM031,LRN0167,Python Basics,0.548,False,694,0.39
ATT01502,ASM019,LRN0167,Git & Version Control,0.681,True,676,0.722
ATT01503,ASM030,LRN0167,Problem Solving (DSA Practice),0.986,True,613,0.98
ATT01504,ASM024,LRN0168,Linux Fundamentals,0.605,True,772,0.699
ATT01505,ASM006,LRN0168,Cloud Computing Basics,0.694,True,470,0.635
ATT01506,ASM001,LRN0168,AWS Core Services,0.889,True,863,0.817
ATT01507,ASM014,LRN0168,Docker Fundamentals,0.089,False,553,0.05
ATT01508,ASM023,LRN0168,Kubernetes Basics,0.328,False,597,0.372
ATT01509,ASM004,LRN0168,CI/CD Pipelines,0.463,False,728,0.406
ATT01510,ASM031,LRN0168,Python Basics,0.731,True,561,0.845
ATT01511,ASM019,LRN0168,Git & Version Control,0.845,True,717,0.873
ATT01512,ASM030,LRN0168,Problem Solving (DSA Practice),0.015,False,469,0.05
ATT01513,ASM036,LRN0169,SQL Basics,0.665,True,783,0.597
ATT01514,ASM002,LRN0169,Advanced SQL,0.912,True,483,0.975
ATT01515,ASM016,LRN0169,Excel for Data Analysis,0.138,False,464,0.05
ATT01516,ASM009,LRN0169,Data Visualization,0.266,False,600,0.314
ATT01517,ASM013,LRN0169,Descriptive Statistics,0.511,False,608,0.486
ATT01518,ASM017,LRN0169,Exploratory Data Analysis,0.688,True,538,0.739
ATT01519,ASM031,LRN0169,Python Basics,0.92,True,546,0.907
ATT01520,ASM019,LRN0169,Git & Version Control,0.201,False,627,0.135
ATT01521,ASM030,LRN0169,Problem Solving (DSA Practice),0.248,False,569,0.237
ATT01522,ASM032,LRN0170,Python Data Structures,0.938,True,535,0.813
ATT01523,ASM021,LRN0170,Inferential Statistics,0.253,False,558,0.201
ATT01524,ASM025,LRN0170,ML Foundations,0.391,False,598,0.479
ATT01525,ASM035,LRN0170,Regression Techniques,0.527,False,620,0.458
ATT01526,ASM005,LRN0170,Classification Techniques,0.707,True,904,0.665
ATT01527,ASM027,LRN0170,Model Evaluation,0.795,True,584,0.789
ATT01528,ASM031,LRN0170,Python Basics,0.221,False,702,0.102
ATT01529,ASM019,LRN0170,Git & Version Control,0.357,False,432,0.25
ATT01530,ASM030,LRN0170,Problem Solving (DSA Practice),0.545,False,368,0.586
ATT01531,ASM025,LRN0171,ML Foundations,0.131,False,630,0.173
ATT01532,ASM018,LRN0171,Feature Engineering,0.319,False,666,0.277
ATT01533,ASM028,LRN0171,Neural Networks,0.534,False,568,0.528
ATT01534,ASM012,LRN0171,Deep Learning,0.735,True,473,0.818
ATT01535,ASM026,LRN0171,Model Deployment,0.944,True,716,0.858
ATT01536,ASM027,LRN0171,Model Evaluation,0.225,False,745,0.116
ATT01537,ASM031,LRN0171,Python Basics,0.32,False,510,0.254
ATT01538,ASM019,LRN0171,Git & Version Control,0.633,True,459,0.633
ATT01539,ASM030,LRN0171,Problem Solving (DSA Practice),0.773,True,561,0.894
ATT01540,ASM020,LRN0172,HTML & CSS,0.238,False,614,0.378
ATT01541,ASM022,LRN0172,JavaScript Basics,0.541,False,586,0.376
ATT01542,ASM034,LRN0172,React Fundamentals,0.661,True,539,0.695
ATT01543,ASM029,LRN0172,Node.js Basics,0.95,True,474,0.98
ATT01544,ASM033,LRN0172,REST API Design,0.177,False,799,0.144
ATT01545,ASM011,LRN0172,Database Design (RDBMS),0.433,False,466,0.452
ATT01546,ASM031,LRN0172,Python Basics,0.506,False,743,0.354
ATT01547,ASM019,LRN0172,Git & Version Control,0.762,True,668,0.824
ATT01548,ASM030,LRN0172,Problem Solving (DSA Practice),0.994,True,645,0.98
ATT01549,ASM002,LRN0173,Advanced SQL,0.56,False,762,0.53
ATT01550,ASM007,LRN0173,Data Modeling,0.631,True,736,0.592
ATT01551,ASM015,LRN0173,ETL Fundamentals,0.901,True,765,0.937
ATT01552,ASM003,LRN0173,Apache Spark Basics,0.152,False,786,0.177
ATT01553,ASM010,LRN0173,Data Warehousing,0.363,False,558,0.24
ATT01554,ASM008,LRN0173,Data Pipeline Design,0.497,False,811,0.575
ATT01555,ASM031,LRN0173,Python Basics,0.754,True,647,0.761
ATT01556,ASM019,LRN0173,Git & Version Control,0.912,True,623,0.768
ATT01557,ASM030,LRN0173,Problem Solving (DSA Practice),0.063,False,513,0.16
ATT01558,ASM024,LRN0174,Linux Fundamentals,0.764,True,737,0.688
ATT01559,ASM006,LRN0174,Cloud Computing Basics,0.843,True,302,0.955
ATT01560,ASM001,LRN0174,AWS Core Services,0.232,False,716,0.116
ATT01561,ASM014,LRN0174,Docker Fundamentals,0.356,False,635,0.382
ATT01562,ASM023,LRN0174,Kubernetes Basics,0.585,False,552,0.675
ATT01563,ASM004,LRN0174,CI/CD Pipelines,0.686,True,560,0.705
ATT01564,ASM031,LRN0174,Python Basics,0.893,True,529,0.878
ATT01565,ASM019,LRN0174,Git & Version Control,0.216,False,555,0.229
ATT01566,ASM030,LRN0174,Problem Solving (DSA Practice),0.301,False,546,0.309
ATT01567,ASM036,LRN0175,SQL Basics,0.853,True,529,0.77
ATT01568,ASM002,LRN0175,Advanced SQL,0.137,False,766,0.052
ATT01569,ASM016,LRN0175,Excel for Data Analysis,0.224,False,455,0.349
ATT01570,ASM009,LRN0175,Data Visualization,0.511,False,710,0.49
ATT01571,ASM013,LRN0175,Descriptive Statistics,0.847,True,634,0.874
ATT01572,ASM017,LRN0175,Exploratory Data Analysis,0.9,True,669,0.952
ATT01573,ASM031,LRN0175,Python Basics,0.235,False,845,0.273
ATT01574,ASM019,LRN0175,Git & Version Control,0.396,False,495,0.347
ATT01575,ASM030,LRN0175,Problem Solving (DSA Practice),0.61,True,460,0.652
ATT01576,ASM032,LRN0176,Python Data Structures,0.166,False,645,0.273
ATT01577,ASM021,LRN0176,Inferential Statistics,0.231,False,468,0.345
ATT01578,ASM025,LRN0176,ML Foundations,0.603,True,448,0.495
ATT01579,ASM035,LRN0176,Regression Techniques,0.707,True,739,0.731
ATT01580,ASM005,LRN0176,Classification Techniques,0.905,True,480,0.98
ATT01581,ASM027,LRN0176,Model Evaluation,0.025,False,423,0.05
ATT01582,ASM031,LRN0176,Python Basics,0.275,False,687,0.377
ATT01583,ASM019,LRN0176,Git & Version Control,0.605,True,618,0.563
ATT01584,ASM030,LRN0176,Problem Solving (DSA Practice),0.78,True,751,0.817
ATT01585,ASM025,LRN0177,ML Foundations,0.31,False,754,0.219
ATT01586,ASM018,LRN0177,Feature Engineering,0.563,False,601,0.549
ATT01587,ASM028,LRN0177,Neural Networks,0.799,True,854,0.842
ATT01588,ASM012,LRN0177,Deep Learning,0.889,True,503,0.815
ATT01589,ASM026,LRN0177,Model Deployment,0.097,False,380,0.218
ATT01590,ASM027,LRN0177,Model Evaluation,0.327,False,652,0.44
ATT01591,ASM031,LRN0177,Python Basics,0.507,False,460,0.434
ATT01592,ASM019,LRN0177,Git & Version Control,0.769,True,511,0.809
ATT01593,ASM030,LRN0177,Problem Solving (DSA Practice),0.841,True,651,0.741
ATT01594,ASM020,LRN0178,HTML & CSS,0.56,False,402,0.551
ATT01595,ASM022,LRN0178,JavaScript Basics,0.639,True,603,0.786
ATT01596,ASM034,LRN0178,React Fundamentals,0.994,True,713,0.98
ATT01597,ASM029,LRN0178,Node.js Basics,0.067,False,508,0.122
ATT01598,ASM033,LRN0178,REST API Design,0.397,False,593,0.531
ATT01599,ASM011,LRN0178,Database Design (RDBMS),0.615,True,607,0.594
ATT01600,ASM031,LRN0178,Python Basics,0.748,True,656,0.695
ATT01601,ASM019,LRN0178,Git & Version Control,0.841,True,643,0.837
ATT01602,ASM030,LRN0178,Problem Solving (DSA Practice),0.158,False,609,0.158
ATT01603,ASM002,LRN0179,Advanced SQL,0.806,True,563,0.826
ATT01604,ASM007,LRN0179,Data Modeling,0.839,True,715,0.871
ATT01605,ASM015,LRN0179,ETL Fundamentals,0.233,False,492,0.304
ATT01606,ASM003,LRN0179,Apache Spark Basics,0.401,False,612,0.443
ATT01607,ASM010,LRN0179,Data Warehousing,0.454,False,594,0.494
ATT01608,ASM008,LRN0179,Data Pipeline Design,0.743,True,563,0.727
ATT01609,ASM031,LRN0179,Python Basics,0.897,True,425,0.909
ATT01610,ASM019,LRN0179,Git & Version Control,0.253,False,802,0.178
ATT01611,ASM030,LRN0179,Problem Solving (DSA Practice),0.397,False,483,0.405
ATT01612,ASM024,LRN0180,Linux Fundamentals,0.928,True,374,0.98
ATT01613,ASM006,LRN0180,Cloud Computing Basics,0.102,False,524,0.086
ATT01614,ASM001,LRN0180,AWS Core Services,0.334,False,533,0.46
ATT01615,ASM014,LRN0180,Docker Fundamentals,0.613,True,715,0.671
ATT01616,ASM023,LRN0180,Kubernetes Basics,0.746,True,504,0.86
ATT01617,ASM004,LRN0180,CI/CD Pipelines,0.888,True,612,0.98
ATT01618,ASM031,LRN0180,Python Basics,0.226,False,754,0.216
ATT01619,ASM019,LRN0180,Git & Version Control,0.349,False,588,0.387
ATT01620,ASM030,LRN0180,Problem Solving (DSA Practice),0.626,True,819,0.717
ATT01621,ASM036,LRN0181,SQL Basics,0.08,False,624,0.05
ATT01622,ASM002,LRN0181,Advanced SQL,0.22,False,787,0.369
ATT01623,ASM016,LRN0181,Excel for Data Analysis,0.426,False,632,0.404
ATT01624,ASM009,LRN0181,Data Visualization,0.686,True,617,0.585
ATT01625,ASM013,LRN0181,Descriptive Statistics,0.893,True,537,0.883
ATT01626,ASM017,LRN0181,Exploratory Data Analysis,0.093,False,582,0.125
ATT01627,ASM031,LRN0181,Python Basics,0.278,False,477,0.243
ATT01628,ASM019,LRN0181,Git & Version Control,0.567,False,588,0.487
ATT01629,ASM030,LRN0181,Problem Solving (DSA Practice),0.815,True,680,0.935
ATT01630,ASM032,LRN0182,Python Data Structures,0.405,False,758,0.424
ATT01631,ASM021,LRN0182,Inferential Statistics,0.532,False,567,0.423
ATT01632,ASM025,LRN0182,ML Foundations,0.741,True,517,0.825
ATT01633,ASM035,LRN0182,Regression Techniques,0.878,True,485,0.954
ATT01634,ASM005,LRN0182,Classification Techniques,0.136,False,515,0.05
ATT01635,ASM027,LRN0182,Model Evaluation,0.259,False,572,0.274
ATT01636,ASM031,LRN0182,Python Basics,0.587,False,684,0.576
ATT01637,ASM019,LRN0182,Git & Version Control,0.734,True,770,0.619
ATT01638,ASM030,LRN0182,Problem Solving (DSA Practice),0.983,True,660,0.98
ATT01639,ASM025,LRN0183,ML Foundations,0.468,False,563,0.567
ATT01640,ASM018,LRN0183,Feature Engineering,0.761,True,615,0.827
ATT01641,ASM028,LRN0183,Neural Networks,1.0,True,652,0.98
ATT01642,ASM012,LRN0183,Deep Learning,0.106,False,820,0.055
ATT01643,ASM026,LRN0183,Model Deployment,0.305,False,482,0.214
ATT01644,ASM027,LRN0183,Model Evaluation,0.529,False,409,0.593
ATT01645,ASM031,LRN0183,Python Basics,0.849,True,493,0.766
ATT01646,ASM019,LRN0183,Git & Version Control,0.987,True,640,0.848
ATT01647,ASM030,LRN0183,Problem Solving (DSA Practice),0.172,False,721,0.202
ATT01648,ASM020,LRN0184,HTML & CSS,0.72,True,550,0.753
ATT01649,ASM022,LRN0184,JavaScript Basics,0.93,True,723,0.916
ATT01650,ASM034,LRN0184,React Fundamentals,0.219,False,652,0.244
ATT01651,ASM029,LRN0184,Node.js Basics,0.247,False,712,0.316
ATT01652,ASM033,LRN0184,REST API Design,0.587,False,658,0.498
ATT01653,ASM011,LRN0184,Database Design (RDBMS),0.811,True,786,0.799
ATT01654,ASM031,LRN0184,Python Basics,0.861,True,887,0.98
ATT01655,ASM019,LRN0184,Git & Version Control,0.094,False,630,0.183
ATT01656,ASM030,LRN0184,Problem Solving (DSA Practice),0.464,False,663,0.444
ATT01657,ASM002,LRN0185,Advanced SQL,0.882,True,495,0.98
ATT01658,ASM007,LRN0185,Data Modeling,0.188,False,324,0.149
ATT01659,ASM015,LRN0185,ETL Fundamentals,0.291,False,641,0.192
ATT01660,ASM003,LRN0185,Apache Spark Basics,0.539,False,446,0.566
ATT01661,ASM010,LRN0185,Data Warehousing,0.811,True,538,0.792
ATT01662,ASM008,LRN0185,Data Pipeline Design,0.81,True,586,0.775
ATT01663,ASM031,LRN0185,Python Basics,0.185,False,489,0.091
ATT01664,ASM019,LRN0185,Git & Version Control,0.214,False,509,0.276
ATT01665,ASM030,LRN0185,Problem Solving (DSA Practice),0.511,False,638,0.664
ATT01666,ASM024,LRN0186,Linux Fundamentals,0.177,False,583,0.126
ATT01667,ASM006,LRN0186,Cloud Computing Basics,0.391,False,598,0.33
ATT01668,ASM001,LRN0186,AWS Core Services,0.562,False,770,0.658
ATT01669,ASM014,LRN0186,Docker Fundamentals,0.86,True,745,0.901
ATT01670,ASM023,LRN0186,Kubernetes Basics,0.893,True,565,0.814
ATT01671,ASM004,LRN0186,CI/CD Pipelines,0.042,False,581,0.05
ATT01672,ASM031,LRN0186,Python Basics,0.435,False,638,0.456
ATT01673,ASM019,LRN0186,Git & Version Control,0.598,False,596,0.643
ATT01674,ASM030,LRN0186,Problem Solving (DSA Practice),0.698,True,509,0.786
ATT01675,ASM036,LRN0187,SQL Basics,0.301,False,574,0.211
ATT01676,ASM002,LRN0187,Advanced SQL,0.537,False,759,0.566
ATT01677,ASM016,LRN0187,Excel for Data Analysis,0.872,True,709,0.827
ATT01678,ASM009,LRN0187,Data Visualization,0.96,True,573,0.792
ATT01679,ASM013,LRN0187,Descriptive Statistics,0.224,False,666,0.322
ATT01680,ASM017,LRN0187,Exploratory Data Analysis,0.35,False,929,0.418
ATT01681,ASM031,LRN0187,Python Basics,0.551,False,561,0.601
ATT01682,ASM019,LRN0187,Git & Version Control,0.729,True,634,0.734
ATT01683,ASM030,LRN0187,Problem Solving (DSA Practice),0.889,True,607,0.942
ATT01684,ASM032,LRN0188,Python Data Structures,0.661,True,580,0.567
ATT01685,ASM021,LRN0188,Inferential Statistics,0.776,True,589,0.724
ATT01686,ASM025,LRN0188,ML Foundations,0.962,True,714,0.842
ATT01687,ASM035,LRN0188,Regression Techniques,0.048,False,412,0.05
ATT01688,ASM005,LRN0188,Classification Techniques,0.272,False,560,0.268
ATT01689,ASM027,LRN0188,Model Evaluation,0.509,False,715,0.623
ATT01690,ASM031,LRN0188,Python Basics,0.778,True,547,0.802
ATT01691,ASM019,LRN0188,Git & Version Control,1.0,True,661,0.98
ATT01692,ASM030,LRN0188,Problem Solving (DSA Practice),0.06,False,744,0.086
ATT01693,ASM025,LRN0189,ML Foundations,0.813,True,731,0.712
ATT01694,ASM018,LRN0189,Feature Engineering,0.857,True,744,0.758
ATT01695,ASM028,LRN0189,Neural Networks,0.099,False,594,0.147
ATT01696,ASM012,LRN0189,Deep Learning,0.248,False,670,0.178
ATT01697,ASM026,LRN0189,Model Deployment,0.491,False,532,0.567
ATT01698,ASM027,LRN0189,Model Evaluation,0.735,True,779,0.637
ATT01699,ASM031,LRN0189,Python Basics,0.932,True,637,0.972
ATT01700,ASM019,LRN0189,Git & Version Control,0.184,False,631,0.094
ATT01701,ASM030,LRN0189,Problem Solving (DSA Practice),0.333,False,663,0.268
ATT01702,ASM020,LRN0190,HTML & CSS,0.87,True,500,0.886
ATT01703,ASM022,LRN0190,JavaScript Basics,0.096,False,540,0.071
ATT01704,ASM034,LRN0190,React Fundamentals,0.253,False,637,0.246
ATT01705,ASM029,LRN0190,Node.js Basics,0.538,False,488,0.571
ATT01706,ASM033,LRN0190,REST API Design,0.757,True,746,0.82
ATT01707,ASM011,LRN0190,Database Design (RDBMS),0.959,True,555,0.98
ATT01708,ASM031,LRN0190,Python Basics,0.273,False,476,0.329
ATT01709,ASM019,LRN0190,Git & Version Control,0.417,False,644,0.519
ATT01710,ASM030,LRN0190,Problem Solving (DSA Practice),0.522,False,547,0.501
ATT01711,ASM002,LRN0191,Advanced SQL,0.117,False,516,0.209
ATT01712,ASM007,LRN0191,Data Modeling,0.275,False,604,0.183
ATT01713,ASM015,LRN0191,ETL Fundamentals,0.609,True,738,0.586
ATT01714,ASM003,LRN0191,Apache Spark Basics,0.714,True,608,0.629
ATT01715,ASM010,LRN0191,Data Warehousing,0.912,True,839,0.829
ATT01716,ASM008,LRN0191,Data Pipeline Design,0.289,False,722,0.357
ATT01717,ASM031,LRN0191,Python Basics,0.315,False,508,0.344
ATT01718,ASM019,LRN0191,Git & Version Control,0.581,False,643,0.639
ATT01719,ASM030,LRN0191,Problem Solving (DSA Practice),0.736,True,669,0.807
ATT01720,ASM024,LRN0192,Linux Fundamentals,0.373,False,589,0.479
ATT01721,ASM006,LRN0192,Cloud Computing Basics,0.596,False,807,0.447
ATT01722,ASM001,LRN0192,AWS Core Services,0.738,True,464,0.776
ATT01723,ASM014,LRN0192,Docker Fundamentals,0.887,True,481,0.98
ATT01724,ASM023,LRN0192,Kubernetes Basics,0.089,False,598,0.067
ATT01725,ASM004,LRN0192,CI/CD Pipelines,0.242,False,535,0.207
ATT01726,ASM031,LRN0192,Python Basics,0.697,True,534,0.606
ATT01727,ASM019,LRN0192,Git & Version Control,0.621,True,606,0.77
ATT01728,ASM030,LRN0192,Problem Solving (DSA Practice),0.951,True,405,0.98
ATT01729,ASM036,LRN0193,SQL Basics,0.498,False,513,0.651
ATT01730,ASM002,LRN0193,Advanced SQL,0.718,True,659,0.71
ATT01731,ASM016,LRN0193,Excel for Data Analysis,0.95,True,665,0.857
ATT01732,ASM009,LRN0193,Data Visualization,0.114,False,595,0.253
ATT01733,ASM013,LRN0193,Descriptive Statistics,0.389,False,346,0.45
ATT01734,ASM017,LRN0193,Exploratory Data Analysis,0.677,True,833,0.696
ATT01735,ASM031,LRN0193,Python Basics,0.734,True,605,0.728
ATT01736,ASM019,LRN0193,Git & Version Control,0.993,True,575,0.98
ATT01737,ASM030,LRN0193,Problem Solving (DSA Practice),0.172,False,622,0.11
ATT01738,ASM032,LRN0194,Python Data Structures,0.676,True,673,0.81
ATT01739,ASM021,LRN0194,Inferential Statistics,0.901,True,816,0.813
ATT01740,ASM025,LRN0194,ML Foundations,0.267,False,570,0.215
ATT01741,ASM035,LRN0194,Regression Techniques,0.317,False,486,0.391
ATT01742,ASM005,LRN0194,Classification Techniques,0.604,True,598,0.599
ATT01743,ASM027,LRN0194,Model Evaluation,0.711,True,701,0.684
ATT01744,ASM031,LRN0194,Python Basics,0.917,True,332,0.963
ATT01745,ASM019,LRN0194,Git & Version Control,0.065,False,631,0.061
ATT01746,ASM030,LRN0194,Problem Solving (DSA Practice),0.381,False,418,0.276
ATT01747,ASM025,LRN0195,ML Foundations,0.942,True,462,0.806
ATT01748,ASM018,LRN0195,Feature Engineering,0.048,False,642,0.066
ATT01749,ASM028,LRN0195,Neural Networks,0.299,False,535,0.293
ATT01750,ASM012,LRN0195,Deep Learning,0.565,False,780,0.558
ATT01751,ASM026,LRN0195,Model Deployment,0.865,True,446,0.747
ATT01752,ASM027,LRN0195,Model Evaluation,0.864,True,483,0.81
ATT01753,ASM031,LRN0195,Python Basics,0.218,False,579,0.22
ATT01754,ASM019,LRN0195,Git & Version Control,0.29,False,502,0.384
ATT01755,ASM030,LRN0195,Problem Solving (DSA Practice),0.609,True,493,0.554
ATT01756,ASM020,LRN0196,HTML & CSS,0.106,False,732,0.144
ATT01757,ASM022,LRN0196,JavaScript Basics,0.263,False,566,0.402
ATT01758,ASM034,LRN0196,React Fundamentals,0.5,False,419,0.437
ATT01759,ASM029,LRN0196,Node.js Basics,0.86,True,513,0.792
ATT01760,ASM033,LRN0196,REST API Design,0.927,True,544,0.933
ATT01761,ASM011,LRN0196,Database Design (RDBMS),0.11,False,415,0.122
ATT01762,ASM031,LRN0196,Python Basics,0.314,False,405,0.298
ATT01763,ASM019,LRN0196,Git & Version Control,0.558,False,639,0.506
ATT01764,ASM030,LRN0196,Problem Solving (DSA Practice),0.808,True,738,0.741
ATT01765,ASM002,LRN0197,Advanced SQL,0.23,False,608,0.175
ATT01766,ASM007,LRN0197,Data Modeling,0.551,False,620,0.409
ATT01767,ASM015,LRN0197,ETL Fundamentals,0.719,True,459,0.718
ATT01768,ASM003,LRN0197,Apache Spark Basics,1.0,True,653,0.98
ATT01769,ASM010,LRN0197,Data Warehousing,0.162,False,508,0.062
ATT01770,ASM008,LRN0197,Data Pipeline Design,0.307,False,546,0.177
ATT01771,ASM031,LRN0197,Python Basics,0.709,True,553,0.566
ATT01772,ASM019,LRN0197,Git & Version Control,0.774,True,512,0.801
ATT01773,ASM030,LRN0197,Problem Solving (DSA Practice),0.928,True,673,0.949
ATT01774,ASM024,LRN0198,Linux Fundamentals,0.562,False,576,0.459
ATT01775,ASM006,LRN0198,Cloud Computing Basics,0.839,True,721,0.688
ATT01776,ASM001,LRN0198,AWS Core Services,0.93,True,420,0.958
ATT01777,ASM014,LRN0198,Docker Fundamentals,0.199,False,559,0.325
ATT01778,ASM023,LRN0198,Kubernetes Basics,0.417,False,611,0.384
ATT01779,ASM004,LRN0198,CI/CD Pipelines,0.51,False,531,0.435
ATT01780,ASM031,LRN0198,Python Basics,0.645,True,532,0.716
ATT01781,ASM019,LRN0198,Git & Version Control,0.979,True,773,0.98
ATT01782,ASM030,LRN0198,Problem Solving (DSA Practice),0.063,False,626,0.176
ATT01783,ASM036,LRN0199,SQL Basics,0.64,True,568,0.697
ATT01784,ASM002,LRN0199,Advanced SQL,0.895,True,549,0.889
ATT01785,ASM016,LRN0199,Excel for Data Analysis,0.096,False,627,0.065
ATT01786,ASM009,LRN0199,Data Visualization,0.335,False,543,0.284
ATT01787,ASM013,LRN0199,Descriptive Statistics,0.495,False,719,0.579
ATT01788,ASM017,LRN0199,Exploratory Data Analysis,0.691,True,759,0.627
ATT01789,ASM031,LRN0199,Python Basics,0.929,True,546,0.98
ATT01790,ASM019,LRN0199,Git & Version Control,0.193,False,669,0.151
ATT01791,ASM030,LRN0199,Problem Solving (DSA Practice),0.493,False,796,0.391
ATT01792,ASM032,LRN0200,Python Data Structures,0.882,True,632,0.87
ATT01793,ASM021,LRN0200,Inferential Statistics,0.04,False,480,0.094
ATT01794,ASM025,LRN0200,ML Foundations,0.249,False,648,0.23
ATT01795,ASM035,LRN0200,Regression Techniques,0.467,False,727,0.614
ATT01796,ASM005,LRN0200,Classification Techniques,0.649,True,889,0.682
ATT01797,ASM027,LRN0200,Model Evaluation,0.901,True,513,0.98
ATT01798,ASM031,LRN0200,Python Basics,0.215,False,452,0.257
ATT01799,ASM019,LRN0200,Git & Version Control,0.329,False,679,0.268
ATT01800,ASM030,LRN0200,Problem Solving (DSA Practice),0.505,False,556,0.494
ATT01801,ASM025,LRN0201,ML Foundations,0.231,False,523,0.273
ATT01802,ASM018,LRN0201,Feature Engineering,0.255,False,530,0.271
ATT01803,ASM028,LRN0201,Neural Networks,0.489,False,591,0.561
ATT01804,ASM012,LRN0201,Deep Learning,0.69,True,714,0.65
ATT01805,ASM026,LRN0201,Model Deployment,0.894,True,347,0.932
ATT01806,ASM027,LRN0201,Model Evaluation,0.266,False,697,0.32
ATT01807,ASM031,LRN0201,Python Basics,0.351,False,816,0.359
ATT01808,ASM019,LRN0201,Git & Version Control,0.636,True,630,0.678
ATT01809,ASM030,LRN0201,Problem Solving (DSA Practice),0.661,True,786,0.708
ATT01810,ASM020,LRN0202,HTML & CSS,0.263,False,536,0.19
ATT01811,ASM022,LRN0202,JavaScript Basics,0.605,True,668,0.61
ATT01812,ASM034,LRN0202,React Fundamentals,0.796,True,410,0.842
ATT01813,ASM029,LRN0202,Node.js Basics,0.92,True,656,0.796
ATT01814,ASM033,LRN0202,REST API Design,0.147,False,599,0.232
ATT01815,ASM011,LRN0202,Database Design (RDBMS),0.352,False,553,0.251
ATT01816,ASM031,LRN0202,Python Basics,0.571,False,553,0.551
ATT01817,ASM019,LRN0202,Git & Version Control,0.753,True,499,0.785
ATT01818,ASM030,LRN0202,Problem Solving (DSA Practice),0.929,True,711,0.98
ATT01819,ASM002,LRN0203,Advanced SQL,0.587,False,565,0.504
ATT01820,ASM007,LRN0203,Data Modeling,0.704,True,716,0.715
ATT01821,ASM015,LRN0203,ETL Fundamentals,0.996,True,1014,0.966
ATT01822,ASM003,LRN0203,Apache Spark Basics,0.167,False,614,0.195
ATT01823,ASM010,LRN0203,Data Warehousing,0.311,False,609,0.213
ATT01824,ASM008,LRN0203,Data Pipeline Design,0.511,False,696,0.449
ATT01825,ASM031,LRN0203,Python Basics,0.756,True,708,0.886
ATT01826,ASM019,LRN0203,Git & Version Control,0.946,True,565,0.838
ATT01827,ASM030,LRN0203,Problem Solving (DSA Practice),0.165,False,611,0.068
ATT01828,ASM024,LRN0204,Linux Fundamentals,0.855,True,750,0.95
ATT01829,ASM006,LRN0204,Cloud Computing Basics,0.841,True,498,0.832
ATT01830,ASM001,LRN0204,AWS Core Services,0.213,False,240,0.137
ATT01831,ASM014,LRN0204,Docker Fundamentals,0.388,False,475,0.429
ATT01832,ASM023,LRN0204,Kubernetes Basics,0.48,False,625,0.501
ATT01833,ASM004,LRN0204,CI/CD Pipelines,0.66,True,723,0.58
ATT01834,ASM031,LRN0204,Python Basics,0.948,True,474,0.859
ATT01835,ASM019,LRN0204,Git & Version Control,0.103,False,543,0.064
ATT01836,ASM030,LRN0204,Problem Solving (DSA Practice),0.244,False,611,0.16
ATT01837,ASM036,LRN0205,SQL Basics,0.939,True,426,0.98
ATT01838,ASM002,LRN0205,Advanced SQL,0.208,False,646,0.262
ATT01839,ASM016,LRN0205,Excel for Data Analysis,0.4,False,612,0.506
ATT01840,ASM009,LRN0205,Data Visualization,0.517,False,554,0.508
ATT01841,ASM013,LRN0205,Descriptive Statistics,0.834,True,673,0.832
ATT01842,ASM017,LRN0205,Exploratory Data Analysis,0.919,True,669,0.978
ATT01843,ASM031,LRN0205,Python Basics,0.112,False,510,0.05
ATT01844,ASM019,LRN0205,Git & Version Control,0.415,False,690,0.459
ATT01845,ASM030,LRN0205,Problem Solving (DSA Practice),0.631,True,471,0.675
ATT01846,ASM032,LRN0206,Python Data Structures,0.152,False,535,0.05
ATT01847,ASM021,LRN0206,Inferential Statistics,0.351,False,679,0.418
ATT01848,ASM025,LRN0206,ML Foundations,0.511,False,608,0.403
ATT01849,ASM035,LRN0206,Regression Techniques,0.794,True,487,0.877
ATT01850,ASM005,LRN0206,Classification Techniques,0.885,True,645,0.801
ATT01851,ASM027,LRN0206,Model Evaluation,0.172,False,853,0.163
ATT01852,ASM031,LRN0206,Python Basics,0.27,False,556,0.365
ATT01853,ASM019,LRN0206,Git & Version Control,0.447,False,676,0.368
ATT01854,ASM030,LRN0206,Problem Solving (DSA Practice),0.855,True,595,0.898
ATT01855,ASM025,LRN0207,ML Foundations,0.344,False,463,0.333
ATT01856,ASM018,LRN0207,Feature Engineering,0.633,True,747,0.521
ATT01857,ASM028,LRN0207,Neural Networks,0.828,True,648,0.8
ATT01858,ASM012,LRN0207,Deep Learning,0.907,True,699,0.816
ATT01859,ASM026,LRN0207,Model Deployment,0.076,False,561,0.05
ATT01860,ASM027,LRN0207,Model Evaluation,0.331,False,434,0.299
ATT01861,ASM031,LRN0207,Python Basics,0.498,False,596,0.508
ATT01862,ASM019,LRN0207,Git & Version Control,0.793,True,481,0.811
ATT01863,ASM030,LRN0207,Problem Solving (DSA Practice),0.945,True,529,0.823
ATT01864,ASM020,LRN0208,HTML & CSS,0.646,True,454,0.555
ATT01865,ASM022,LRN0208,JavaScript Basics,0.833,True,684,0.76
ATT01866,ASM034,LRN0208,React Fundamentals,0.969,True,593,0.949
ATT01867,ASM029,LRN0208,Node.js Basics,0.248,False,568,0.258
ATT01868,ASM033,LRN0208,REST API Design,0.445,False,626,0.463
ATT01869,ASM011,LRN0208,Database Design (RDBMS),0.475,False,715,0.549
ATT01870,ASM031,LRN0208,Python Basics,0.739,True,749,0.712
ATT01871,ASM019,LRN0208,Git & Version Control,1.0,True,766,0.839
ATT01872,ASM030,LRN0208,Problem Solving (DSA Practice),0.068,False,605,0.063
ATT01873,ASM002,LRN0209,Advanced SQL,0.669,True,511,0.773
ATT01874,ASM007,LRN0209,Data Modeling,0.869,True,545,0.887
ATT01875,ASM015,LRN0209,ETL Fundamentals,0.113,False,478,0.191
ATT01876,ASM003,LRN0209,Apache Spark Basics,0.361,False,665,0.306
ATT01877,ASM010,LRN0209,Data Warehousing,0.639,True,282,0.544
ATT01878,ASM008,LRN0209,Data Pipeline Design,0.706,True,846,0.632
ATT01879,ASM031,LRN0209,Python Basics,0.975,True,564,0.98
ATT01880,ASM019,LRN0209,Git & Version Control,0.206,False,644,0.271
ATT01881,ASM030,LRN0209,Problem Solving (DSA Practice),0.463,False,727,0.5
ATT01882,ASM024,LRN0210,Linux Fundamentals,0.836,True,477,0.849
ATT01883,ASM006,LRN0210,Cloud Computing Basics,0.122,False,699,0.097
ATT01884,ASM001,LRN0210,AWS Core Services,0.256,False,572,0.267
ATT01885,ASM014,LRN0210,Docker Fundamentals,0.502,False,542,0.51
ATT01886,ASM023,LRN0210,Kubernetes Basics,0.766,True,606,0.597
ATT01887,ASM004,LRN0210,CI/CD Pipelines,0.891,True,582,0.811
ATT01888,ASM031,LRN0210,Python Basics,0.187,False,696,0.193
ATT01889,ASM019,LRN0210,Git & Version Control,0.24,False,472,0.311
ATT01890,ASM030,LRN0210,Problem Solving (DSA Practice),0.654,True,575,0.673
ATT01891,ASM036,LRN0211,SQL Basics,0.152,False,537,0.253
ATT01892,ASM002,LRN0211,Advanced SQL,0.263,False,524,0.323
ATT01893,ASM016,LRN0211,Excel for Data Analysis,0.506,False,749,0.455
ATT01894,ASM009,LRN0211,Data Visualization,0.692,True,434,0.655
ATT01895,ASM013,LRN0211,Descriptive Statistics,0.892,True,615,0.917
ATT01896,ASM017,LRN0211,Exploratory Data Analysis,0.098,False,558,0.05
ATT01897,ASM031,LRN0211,Python Basics,0.449,False,673,0.354
ATT01898,ASM019,LRN0211,Git & Version Control,0.61,True,665,0.596
ATT01899,ASM030,LRN0211,Problem Solving (DSA Practice),0.764,True,383,0.772
ATT01900,ASM032,LRN0212,Python Data Structures,0.303,False,513,0.363
ATT01901,ASM021,LRN0212,Inferential Statistics,0.613,True,578,0.564
ATT01902,ASM025,LRN0212,ML Foundations,0.742,True,405,0.879
ATT01903,ASM035,LRN0212,Regression Techniques,0.882,True,661,0.923
ATT01904,ASM005,LRN0212,Classification Techniques,0.082,False,490,0.144
ATT01905,ASM027,LRN0212,Model Evaluation,0.363,False,721,0.201
ATT01906,ASM031,LRN0212,Python Basics,0.606,True,562,0.67
ATT01907,ASM019,LRN0212,Git & Version Control,0.64,True,605,0.72
ATT01908,ASM030,LRN0212,Problem Solving (DSA Practice),0.898,True,670,0.969
ATT01909,ASM025,LRN0213,ML Foundations,0.608,True,521,0.498
ATT01910,ASM018,LRN0213,Feature Engineering,0.648,True,489,0.723
ATT01911,ASM028,LRN0213,Neural Networks,0.91,True,605,0.98
ATT01912,ASM012,LRN0213,Deep Learning,0.073,False,432,0.05
ATT01913,ASM026,LRN0213,Model Deployment,0.381,False,592,0.302
ATT01914,ASM027,LRN0213,Model Evaluation,0.564,False,526,0.525
ATT01915,ASM031,LRN0213,Python Basics,0.782,True,478,0.777
ATT01916,ASM019,LRN0213,Git & Version Control,0.941,True,701,0.885
ATT01917,ASM030,LRN0213,Problem Solving (DSA Practice),0.096,False,491,0.158
ATT01918,ASM020,LRN0214,HTML & CSS,0.725,True,618,0.743
ATT01919,ASM022,LRN0214,JavaScript Basics,0.962,True,556,0.873
ATT01920,ASM034,LRN0214,React Fundamentals,0.241,False,627,0.242
ATT01921,ASM029,LRN0214,Node.js Basics,0.341,False,668,0.316
ATT01922,ASM033,LRN0214,REST API Design,0.505,False,313,0.654
ATT01923,ASM011,LRN0214,Database Design (RDBMS),0.795,True,380,0.798
ATT01924,ASM031,LRN0214,Python Basics,0.915,True,608,0.98
ATT01925,ASM019,LRN0214,Git & Version Control,0.132,False,836,0.207
ATT01926,ASM030,LRN0214,Problem Solving (DSA Practice),0.425,False,382,0.482
ATT01927,ASM002,LRN0215,Advanced SQL,0.906,True,424,0.98
ATT01928,ASM007,LRN0215,Data Modeling,0.121,False,643,0.173
ATT01929,ASM015,LRN0215,ETL Fundamentals,0.399,False,313,0.438
ATT01930,ASM003,LRN0215,Apache Spark Basics,0.595,False,537,0.701
ATT01931,ASM010,LRN0215,Data Warehousing,0.837,True,605,0.749
ATT01932,ASM008,LRN0215,Data Pipeline Design,0.903,True,503,0.851
ATT01933,ASM031,LRN0215,Python Basics,0.119,False,377,0.146
ATT01934,ASM019,LRN0215,Git & Version Control,0.309,False,739,0.356
ATT01935,ASM030,LRN0215,Problem Solving (DSA Practice),0.664,True,611,0.525
ATT01936,ASM024,LRN0216,Linux Fundamentals,0.204,False,688,0.05
ATT01937,ASM006,LRN0216,Cloud Computing Basics,0.381,False,628,0.436
ATT01938,ASM001,LRN0216,AWS Core Services,0.545,False,446,0.379
ATT01939,ASM014,LRN0216,Docker Fundamentals,0.73,True,584,0.815
ATT01940,ASM023,LRN0216,Kubernetes Basics,0.903,True,606,0.841
ATT01941,ASM004,LRN0216,CI/CD Pipelines,0.237,False,610,0.226
ATT01942,ASM031,LRN0216,Python Basics,0.299,False,672,0.463
ATT01943,ASM019,LRN0216,Git & Version Control,0.521,False,537,0.644
ATT01944,ASM030,LRN0216,Problem Solving (DSA Practice),0.755,True,480,0.736
ATT01945,ASM036,LRN0217,SQL Basics,0.383,False,527,0.486
ATT01946,ASM002,LRN0217,Advanced SQL,0.669,True,522,0.62
ATT01947,ASM016,LRN0217,Excel for Data Analysis,0.682,True,469,0.6
ATT01948,ASM009,LRN0217,Data Visualization,0.886,True,502,0.949
ATT01949,ASM013,LRN0217,Descriptive Statistics,0.02,False,489,0.07
ATT01950,ASM017,LRN0217,Exploratory Data Analysis,0.421,False,584,0.429
ATT01951,ASM031,LRN0217,Python Basics,0.577,False,733,0.579
ATT01952,ASM019,LRN0217,Git & Version Control,0.818,True,558,0.811
ATT01953,ASM030,LRN0217,Problem Solving (DSA Practice),0.924,True,554,0.834
ATT01954,ASM032,LRN0218,Python Data Structures,0.551,False,726,0.601
ATT01955,ASM021,LRN0218,Inferential Statistics,0.633,True,390,0.596
ATT01956,ASM025,LRN0218,ML Foundations,0.977,True,667,0.835
ATT01957,ASM035,LRN0218,Regression Techniques,0.181,False,656,0.065
ATT01958,ASM005,LRN0218,Classification Techniques,0.355,False,455,0.353
ATT01959,ASM027,LRN0218,Model Evaluation,0.538,False,637,0.635
ATT01960,ASM031,LRN0218,Python Basics,0.809,True,846,0.722
ATT01961,ASM019,LRN0218,Git & Version Control,0.901,True,398,0.961
ATT01962,ASM030,LRN0218,Problem Solving (DSA Practice),0.099,False,381,0.202
ATT01963,ASM025,LRN0219,ML Foundations,0.833,True,500,0.914
ATT01964,ASM018,LRN0219,Feature Engineering,0.901,True,560,0.913
ATT01965,ASM028,LRN0219,Neural Networks,0.152,False,699,0.099
ATT01966,ASM012,LRN0219,Deep Learning,0.336,False,437,0.37
ATT01967,ASM026,LRN0219,Model Deployment,0.574,False,533,0.54
ATT01968,ASM027,LRN0219,Model Evaluation,0.893,True,785,0.832
ATT01969,ASM031,LRN0219,Python Basics,0.934,True,584,0.841
ATT01970,ASM019,LRN0219,Git & Version Control,0.18,False,468,0.217
ATT01971,ASM030,LRN0219,Problem Solving (DSA Practice),0.454,False,750,0.384
ATT01972,ASM020,LRN0220,HTML & CSS,0.829,True,800,0.797
ATT01973,ASM022,LRN0220,JavaScript Basics,0.085,False,646,0.05
ATT01974,ASM034,LRN0220,React Fundamentals,0.387,False,520,0.432
ATT01975,ASM029,LRN0220,Node.js Basics,0.487,False,640,0.442
ATT01976,ASM033,LRN0220,REST API Design,0.714,True,561,0.853
ATT01977,ASM011,LRN0220,Database Design (RDBMS),0.813,True,539,0.87
ATT01978,ASM031,LRN0220,Python Basics,0.114,False,661,0.05
ATT01979,ASM019,LRN0220,Git & Version Control,0.322,False,589,0.258
ATT01980,ASM030,LRN0220,Problem Solving (DSA Practice),0.626,True,380,0.583
ATT01981,ASM002,LRN0221,Advanced SQL,0.104,False,628,0.05
ATT01982,ASM007,LRN0221,Data Modeling,0.296,False,395,0.409
ATT01983,ASM015,LRN0221,ETL Fundamentals,0.571,False,590,0.502
ATT01984,ASM003,LRN0221,Apache Spark Basics,0.727,True,845,0.603
ATT01985,ASM010,LRN0221,Data Warehousing,0.914,True,491,0.815
ATT01986,ASM008,LRN0221,Data Pipeline Design,0.153,False,536,0.05
ATT01987,ASM031,LRN0221,Python Basics,0.379,False,808,0.395
ATT01988,ASM019,LRN0221,Git & Version Control,0.513,False,560,0.62
ATT01989,ASM030,LRN0221,Problem Solving (DSA Practice),0.706,True,635,0.765
ATT01990,ASM024,LRN0222,Linux Fundamentals,0.342,False,837,0.361
ATT01991,ASM006,LRN0222,Cloud Computing Basics,0.597,False,382,0.718
ATT01992,ASM001,LRN0222,AWS Core Services,0.725,True,659,0.734
ATT01993,ASM014,LRN0222,Docker Fundamentals,0.922,True,675,0.98
ATT01994,ASM023,LRN0222,Kubernetes Basics,0.242,False,691,0.24
ATT01995,ASM004,LRN0222,CI/CD Pipelines,0.462,False,463,0.32
ATT01996,ASM031,LRN0222,Python Basics,0.526,False,751,0.63
ATT01997,ASM019,LRN0222,Git & Version Control,0.769,True,700,0.731
ATT01998,ASM030,LRN0222,Problem Solving (DSA Practice),0.919,True,240,0.94
ATT01999,ASM036,LRN0223,SQL Basics,0.629,True,444,0.711
ATT02000,ASM002,LRN0223,Advanced SQL,0.747,True,684,0.765
ATT02001,ASM016,LRN0223,Excel for Data Analysis,0.946,True,661,0.957
ATT02002,ASM009,LRN0223,Data Visualization,0.141,False,563,0.274
ATT02003,ASM013,LRN0223,Descriptive Statistics,0.403,False,668,0.391
ATT02004,ASM017,LRN0223,Exploratory Data Analysis,0.576,False,750,0.581
ATT02005,ASM031,LRN0223,Python Basics,0.786,True,940,0.88
ATT02006,ASM019,LRN0223,Git & Version Control,0.914,True,749,0.771
ATT02007,ASM030,LRN0223,Problem Solving (DSA Practice),0.266,False,829,0.154
ATT02008,ASM032,LRN0224,Python Data Structures,0.778,True,801,0.712
ATT02009,ASM021,LRN0224,Inferential Statistics,0.971,True,624,0.918
ATT02010,ASM025,LRN0224,ML Foundations,0.156,False,606,0.153
ATT02011,ASM035,LRN0224,Regression Techniques,0.292,False,666,0.287
ATT02012,ASM005,LRN0224,Classification Techniques,0.637,True,590,0.67
ATT02013,ASM027,LRN0224,Model Evaluation,0.693,True,517,0.615
ATT02014,ASM031,LRN0224,Python Basics,0.942,True,636,0.813
ATT02015,ASM019,LRN0224,Git & Version Control,0.114,False,394,0.124
ATT02016,ASM030,LRN0224,Problem Solving (DSA Practice),0.258,False,582,0.285
ATT02017,ASM025,LRN0225,ML Foundations,0.89,True,492,0.96
ATT02018,ASM018,LRN0225,Feature Engineering,0.082,False,611,0.05
ATT02019,ASM028,LRN0225,Neural Networks,0.359,False,563,0.361
ATT02020,ASM012,LRN0225,Deep Learning,0.577,False,675,0.695
ATT02021,ASM026,LRN0225,Model Deployment,0.78,True,732,0.904
ATT02022,ASM027,LRN0225,Model Evaluation,0.903,True,773,0.98
ATT02023,ASM031,LRN0225,Python Basics,0.131,False,340,0.086
ATT02024,ASM019,LRN0225,Git & Version Control,0.251,False,614,0.346
ATT02025,ASM030,LRN0225,Problem Solving (DSA Practice),0.53,False,451,0.617
ATT02026,ASM020,LRN0226,HTML & CSS,0.157,False,571,0.21
ATT02027,ASM022,LRN0226,JavaScript Basics,0.277,False,548,0.332
ATT02028,ASM034,LRN0226,React Fundamentals,0.44,False,623,0.48
ATT02029,ASM029,LRN0226,Node.js Basics,0.776,True,517,0.923
ATT02030,ASM033,LRN0226,REST API Design,0.886,True,612,0.796
ATT02031,ASM011,LRN0226,Database Design (RDBMS),0.099,False,524,0.05
ATT02032,ASM031,LRN0226,Python Basics,0.299,False,543,0.313
ATT02033,ASM019,LRN0226,Git & Version Control,0.576,False,593,0.688
ATT02034,ASM030,LRN0226,Problem Solving (DSA Practice),0.707,True,534,0.637
ATT02035,ASM002,LRN0227,Advanced SQL,0.306,False,961,0.208
ATT02036,ASM007,LRN0227,Data Modeling,0.555,False,990,0.534
ATT02037,ASM015,LRN0227,ETL Fundamentals,0.62,True,641,0.662
ATT02038,ASM003,LRN0227,Apache Spark Basics,0.901,True,484,0.98
ATT02039,ASM010,LRN0227,Data Warehousing,0.085,False,683,0.088
ATT02040,ASM008,LRN0227,Data Pipeline Design,0.39,False,699,0.434
ATT02041,ASM031,LRN0227,Python Basics,0.518,False,773,0.447
ATT02042,ASM019,LRN0227,Git & Version Control,0.63,True,495,0.769
ATT02043,ASM030,LRN0227,Problem Solving (DSA Practice),0.908,True,407,0.841
ATT02044,ASM024,LRN0228,Linux Fundamentals,0.489,False,535,0.463
ATT02045,ASM006,LRN0228,Cloud Computing Basics,0.712,True,570,0.743
ATT02046,ASM001,LRN0228,AWS Core Services,0.975,True,380,0.874
ATT02047,ASM014,LRN0228,Docker Fundamentals,0.158,False,681,0.272
ATT02048,ASM023,LRN0228,Kubernetes Basics,0.286,False,497,0.294
ATT02049,ASM004,LRN0228,CI/CD Pipelines,0.45,False,766,0.572
ATT02050,ASM031,LRN0228,Python Basics,0.806,True,454,0.898
ATT02051,ASM019,LRN0228,Git & Version Control,0.984,True,647,0.948
ATT02052,ASM030,LRN0228,Problem Solving (DSA Practice),0.262,False,680,0.341
ATT02053,ASM036,LRN0229,SQL Basics,0.812,True,601,0.855
ATT02054,ASM002,LRN0229,Advanced SQL,0.914,True,488,0.973
ATT02055,ASM016,LRN0229,Excel for Data Analysis,0.098,False,636,0.158
ATT02056,ASM009,LRN0229,Data Visualization,0.491,False,686,0.519
ATT02057,ASM013,LRN0229,Descriptive Statistics,0.563,False,652,0.664
ATT02058,ASM017,LRN0229,Exploratory Data Analysis,0.692,True,644,0.685
ATT02059,ASM031,LRN0229,Python Basics,0.87,True,397,0.971
ATT02060,ASM019,LRN0229,Git & Version Control,0.202,False,591,0.133
ATT02061,ASM030,LRN0229,Problem Solving (DSA Practice),0.447,False,450,0.444
ATT02062,ASM032,LRN0230,Python Data Structures,0.933,True,338,0.922
ATT02063,ASM021,LRN0230,Inferential Statistics,0.081,False,575,0.05
ATT02064,ASM025,LRN0230,ML Foundations,0.335,False,722,0.292
ATT02065,ASM035,LRN0230,Regression Techniques,0.583,False,571,0.587
ATT02066,ASM005,LRN0230,Classification Techniques,0.826,True,738,0.737
ATT02067,ASM027,LRN0230,Model Evaluation,0.857,True,578,0.98
ATT02068,ASM031,LRN0230,Python Basics,0.189,False,588,0.112
ATT02069,ASM019,LRN0230,Git & Version Control,0.281,False,453,0.165
ATT02070,ASM030,LRN0230,Problem Solving (DSA Practice),0.552,False,466,0.6
ATT02071,ASM025,LRN0231,ML Foundations,0.075,False,502,0.071
ATT02072,ASM018,LRN0231,Feature Engineering,0.358,False,668,0.485
ATT02073,ASM028,LRN0231,Neural Networks,0.497,False,502,0.352
ATT02074,ASM012,LRN0231,Deep Learning,0.799,True,556,0.758
ATT02075,ASM026,LRN0231,Model Deployment,0.811,True,827,0.912
ATT02076,ASM027,LRN0231,Model Evaluation,0.243,False,645,0.323
ATT02077,ASM031,LRN0231,Python Basics,0.231,False,563,0.19
ATT02078,ASM019,LRN0231,Git & Version Control,0.614,True,733,0.536
ATT02079,ASM030,LRN0231,Problem Solving (DSA Practice),0.866,True,626,0.74
ATT02080,ASM020,LRN0232,HTML & CSS,0.308,False,549,0.258
ATT02081,ASM022,LRN0232,JavaScript Basics,0.508,False,559,0.451
ATT02082,ASM034,LRN0232,React Fundamentals,0.629,True,574,0.754
ATT02083,ASM029,LRN0232,Node.js Basics,0.907,True,630,0.844
ATT02084,ASM033,LRN0232,REST API Design,0.179,False,689,0.176
ATT02085,ASM011,LRN0232,Database Design (RDBMS),0.259,False,669,0.258
ATT02086,ASM031,LRN0232,Python Basics,0.627,True,632,0.578
ATT02087,ASM019,LRN0232,Git & Version Control,0.73,True,367,0.655
ATT02088,ASM030,LRN0232,Problem Solving (DSA Practice),0.953,True,712,0.98
ATT02089,ASM002,LRN0233,Advanced SQL,0.596,False,610,0.614
ATT02090,ASM007,LRN0233,Data Modeling,0.645,True,601,0.551
ATT02091,ASM015,LRN0233,ETL Fundamentals,0.988,True,795,0.885
ATT02092,ASM003,LRN0233,Apache Spark Basics,0.184,False,459,0.093
ATT02093,ASM010,LRN0233,Data Warehousing,0.351,False,578,0.376
ATT02094,ASM008,LRN0233,Data Pipeline Design,0.609,True,640,0.691
ATT02095,ASM031,LRN0233,Python Basics,0.771,True,582,0.72
ATT02096,ASM019,LRN0233,Git & Version Control,0.963,True,613,0.98
ATT02097,ASM030,LRN0233,Problem Solving (DSA Practice),0.079,False,568,0.089
ATT02098,ASM024,LRN0234,Linux Fundamentals,0.731,True,535,0.884
ATT02099,ASM006,LRN0234,Cloud Computing Basics,0.975,True,641,0.934
ATT02100,ASM001,LRN0234,AWS Core Services,0.058,False,573,0.119
ATT02101,ASM014,LRN0234,Docker Fundamentals,0.488,False,667,0.55
ATT02102,ASM023,LRN0234,Kubernetes Basics,0.63,True,653,0.597
ATT02103,ASM004,LRN0234,CI/CD Pipelines,0.746,True,659,0.855
ATT02104,ASM031,LRN0234,Python Basics,0.886,True,507,0.819
ATT02105,ASM019,LRN0234,Git & Version Control,0.149,False,605,0.05
ATT02106,ASM030,LRN0234,Problem Solving (DSA Practice),0.266,False,484,0.287
ATT02107,ASM036,LRN0235,SQL Basics,0.942,True,701,0.937
ATT02108,ASM002,LRN0235,Advanced SQL,0.132,False,555,0.098
ATT02109,ASM016,LRN0235,Excel for Data Analysis,0.368,False,464,0.471
ATT02110,ASM009,LRN0235,Data Visualization,0.507,False,553,0.424
ATT02111,ASM013,LRN0235,Descriptive Statistics,0.766,True,554,0.632
ATT02112,ASM017,LRN0235,Exploratory Data Analysis,0.962,True,692,0.841
ATT02113,ASM031,LRN0235,Python Basics,0.203,False,589,0.06
ATT02114,ASM019,LRN0235,Git & Version Control,0.262,False,600,0.172
ATT02115,ASM030,LRN0235,Problem Solving (DSA Practice),0.549,False,505,0.663
ATT02116,ASM032,LRN0236,Python Data Structures,0.122,False,280,0.22
ATT02117,ASM021,LRN0236,Inferential Statistics,0.254,False,779,0.164
ATT02118,ASM025,LRN0236,ML Foundations,0.651,True,681,0.646
ATT02119,ASM035,LRN0236,Regression Techniques,0.634,True,507,0.543
ATT02120,ASM005,LRN0236,Classification Techniques,0.899,True,799,0.802
ATT02121,ASM027,LRN0236,Model Evaluation,0.254,False,779,0.292
ATT02122,ASM031,LRN0236,Python Basics,0.292,False,664,0.251
ATT02123,ASM019,LRN0236,Git & Version Control,0.545,False,629,0.461
ATT02124,ASM030,LRN0236,Problem Solving (DSA Practice),0.648,True,570,0.672
ATT02125,ASM025,LRN0237,ML Foundations,0.294,False,510,0.388
ATT02126,ASM018,LRN0237,Feature Engineering,0.579,False,510,0.672
ATT02127,ASM028,LRN0237,Neural Networks,0.789,True,468,0.735
ATT02128,ASM012,LRN0237,Deep Learning,0.845,True,608,0.921
ATT02129,ASM026,LRN0237,Model Deployment,0.219,False,465,0.117
ATT02130,ASM027,LRN0237,Model Evaluation,0.338,False,533,0.282
ATT02131,ASM031,LRN0237,Python Basics,0.542,False,651,0.44
ATT02132,ASM019,LRN0237,Git & Version Control,0.643,True,633,0.81
ATT02133,ASM030,LRN0237,Problem Solving (DSA Practice),0.948,True,618,0.954
ATT02134,ASM020,LRN0238,HTML & CSS,0.624,True,567,0.533
ATT02135,ASM022,LRN0238,JavaScript Basics,0.802,True,524,0.711
ATT02136,ASM034,LRN0238,React Fundamentals,0.9,True,750,0.963
ATT02137,ASM029,LRN0238,Node.js Basics,0.149,False,705,0.112
ATT02138,ASM033,LRN0238,REST API Design,0.505,False,495,0.42
ATT02139,ASM011,LRN0238,Database Design (RDBMS),0.564,False,570,0.511
ATT02140,ASM031,LRN0238,Python Basics,0.812,True,912,0.711
ATT02141,ASM019,LRN0238,Git & Version Control,0.979,True,616,0.98
ATT02142,ASM030,LRN0238,Problem Solving (DSA Practice),0.047,False,557,0.144
ATT02143,ASM002,LRN0239,Advanced SQL,0.792,True,240,0.705
ATT02144,ASM007,LRN0239,Data Modeling,0.961,True,604,0.871
ATT02145,ASM015,LRN0239,ETL Fundamentals,0.184,False,698,0.267
ATT02146,ASM003,LRN0239,Apache Spark Basics,0.456,False,637,0.416
ATT02147,ASM010,LRN0239,Data Warehousing,0.543,False,623,0.591
ATT02148,ASM008,LRN0239,Data Pipeline Design,0.8,True,627,0.786
ATT02149,ASM031,LRN0239,Python Basics,0.862,True,595,0.98
ATT02150,ASM019,LRN0239,Git & Version Control,0.176,False,544,0.219
ATT02151,ASM030,LRN0239,Problem Solving (DSA Practice),0.406,False,574,0.491
ATT02152,ASM024,LRN0240,Linux Fundamentals,0.897,True,628,0.98
ATT02153,ASM006,LRN0240,Cloud Computing Basics,0.091,False,679,0.134
ATT02154,ASM001,LRN0240,AWS Core Services,0.334,False,644,0.432
ATT02155,ASM014,LRN0240,Docker Fundamentals,0.626,True,671,0.667
ATT02156,ASM023,LRN0240,Kubernetes Basics,0.667,True,591,0.708
ATT02157,ASM004,LRN0240,CI/CD Pipelines,0.963,True,643,0.98
ATT02158,ASM031,LRN0240,Python Basics,0.09,False,570,0.083
ATT02159,ASM019,LRN0240,Git & Version Control,0.463,False,428,0.49
ATT02160,ASM030,LRN0240,Problem Solving (DSA Practice),0.619,True,723,0.628
