learner_skill_id,learner_id,skill_id,skill_name,mastery_score,mastery_band,confidence_score,evidence_strength,source
LSK00001,LRN0001,SK012,SQL Basics,0.095,novice,0.05,0.89,diagnostic_and_practice
LSK00002,LRN0001,SK019,Advanced SQL,0.449,developing,0.568,0.64,diagnostic_and_practice
LSK00003,LRN0001,SK013,Excel for Data Analysis,0.57,competent,0.477,0.79,diagnostic_and_practice
LSK00004,LRN0001,SK016,Data Visualization,0.696,proficient,0.814,0.63,diagnostic_and_practice
LSK00005,LRN0001,SK011,Descriptive Statistics,0.903,advanced,0.804,0.56,diagnostic_and_practice
LSK00006,LRN0001,SK018,Exploratory Data Analysis,0.225,novice,0.204,0.75,diagnostic_and_practice
LSK00007,LRN0001,SK001,Python Basics,0.294,developing,0.383,0.63,diagnostic_and_practice
LSK00008,LRN0001,SK002,Git & Version Control,0.489,competent,0.473,0.75,diagnostic_and_practice
LSK00009,LRN0001,SK008,Problem Solving (DSA Practice),0.743,proficient,0.691,0.83,diagnostic_and_practice
LSK00010,LRN0002,SK003,Python Data Structures,0.319,developing,0.419,0.78,diagnostic_and_practice
LSK00011,LRN0002,SK017,Inferential Statistics,0.527,competent,0.448,0.41,diagnostic_and_practice
LSK00012,LRN0002,SK021,ML Foundations,0.656,proficient,0.545,0.49,diagnostic_and_practice
LSK00013,LRN0002,SK022,Regression Techniques,0.862,advanced,0.869,0.55,diagnostic_and_practice
LSK00014,LRN0002,SK023,Classification Techniques,0.065,novice,0.064,0.69,diagnostic_and_practice
LSK00015,LRN0002,SK024,Model Evaluation,0.322,developing,0.251,0.78,diagnostic_and_practice
LSK00016,LRN0002,SK001,Python Basics,0.583,competent,0.676,0.8,diagnostic_and_practice
LSK00017,LRN0002,SK002,Git & Version Control,0.831,proficient,0.843,0.44,diagnostic_and_practice
LSK00018,LRN0002,SK008,Problem Solving (DSA Practice),0.963,advanced,0.909,0.5,diagnostic_and_practice
LSK00019,LRN0003,SK021,ML Foundations,0.506,competent,0.596,0.47,diagnostic_and_practice
LSK00020,LRN0003,SK025,Feature Engineering,0.662,proficient,0.584,0.48,diagnostic_and_practice
LSK00021,LRN0003,SK027,Neural Networks,0.957,advanced,0.89,0.4,diagnostic_and_practice
LSK00022,LRN0003,SK028,Deep Learning,0.144,novice,0.238,0.75,diagnostic_and_practice
LSK00023,LRN0003,SK050,Model Deployment,0.41,developing,0.479,0.56,diagnostic_and_practice
LSK00024,LRN0003,SK024,Model Evaluation,0.573,competent,0.656,0.55,diagnostic_and_practice
LSK00025,LRN0003,SK001,Python Basics,0.686,proficient,0.681,0.77,diagnostic_and_practice
LSK00026,LRN0003,SK002,Git & Version Control,0.922,advanced,0.892,0.46,diagnostic_and_practice
LSK00027,LRN0003,SK008,Problem Solving (DSA Practice),0.109,novice,0.09,0.82,diagnostic_and_practice
LSK00028,LRN0004,SK031,HTML & CSS,0.738,proficient,0.822,0.59,diagnostic_and_practice
LSK00029,LRN0004,SK032,JavaScript Basics,0.88,advanced,0.98,0.74,diagnostic_and_practice
LSK00030,LRN0004,SK035,React Fundamentals,0.248,novice,0.191,0.83,diagnostic_and_practice
LSK00031,LRN0004,SK036,Node.js Basics,0.358,developing,0.335,0.62,diagnostic_and_practice
LSK00032,LRN0004,SK037,REST API Design,0.556,competent,0.555,0.62,diagnostic_and_practice
LSK00033,LRN0004,SK034,Database Design (RDBMS),0.698,proficient,0.75,0.89,diagnostic_and_practice
LSK00034,LRN0004,SK001,Python Basics,0.965,advanced,0.89,0.44,diagnostic_and_practice
LSK00035,LRN0004,SK002,Git & Version Control,0.245,novice,0.189,0.56,diagnostic_and_practice
LSK00036,LRN0004,SK008,Problem Solving (DSA Practice),0.428,developing,0.391,0.45,diagnostic_and_practice
LSK00037,LRN0005,SK019,Advanced SQL,0.9,advanced,0.875,0.33,diagnostic_and_practice
LSK00038,LRN0005,SK051,Data Modeling,0.2,novice,0.166,0.78,diagnostic_and_practice
LSK00039,LRN0005,SK053,ETL Fundamentals,0.408,developing,0.38,0.4,diagnostic_and_practice
LSK00040,LRN0005,SK057,Apache Spark Basics,0.611,competent,0.604,0.51,diagnostic_and_practice
LSK00041,LRN0005,SK054,Data Warehousing,0.843,proficient,0.931,0.64,diagnostic_and_practice
LSK00042,LRN0005,SK060,Data Pipeline Design,0.873,advanced,0.904,0.34,diagnostic_and_practice
LSK00043,LRN0005,SK001,Python Basics,0.235,novice,0.124,0.45,diagnostic_and_practice
LSK00044,LRN0005,SK002,Git & Version Control,0.313,developing,0.197,0.37,diagnostic_and_practice
LSK00045,LRN0005,SK008,Problem Solving (DSA Practice),0.457,competent,0.451,0.7,diagnostic_and_practice
LSK00046,LRN0006,SK041,Linux Fundamentals,0.102,novice,0.099,0.84,diagnostic_and_practice
LSK00047,LRN0006,SK042,Cloud Computing Basics,0.285,developing,0.245,0.83,diagnostic_and_practice
LSK00048,LRN0006,SK044,AWS Core Services,0.46,competent,0.343,0.66,diagnostic_and_practice
LSK00049,LRN0006,SK045,Docker Fundamentals,0.674,proficient,0.762,0.66,diagnostic_and_practice
LSK00050,LRN0006,SK047,Kubernetes Basics,0.934,advanced,0.908,0.49,diagnostic_and_practice
LSK00051,LRN0006,SK048,CI/CD Pipelines,0.094,novice,0.12,0.51,diagnostic_and_practice
LSK00052,LRN0006,SK001,Python Basics,0.39,developing,0.407,0.5,diagnostic_and_practice
LSK00053,LRN0006,SK002,Git & Version Control,0.615,competent,0.634,0.4,diagnostic_and_practice
LSK00054,LRN0006,SK008,Problem Solving (DSA Practice),0.763,proficient,0.684,0.3,diagnostic_and_practice
LSK00055,LRN0007,SK012,SQL Basics,0.321,developing,0.218,0.45,diagnostic_and_practice
LSK00056,LRN0007,SK019,Advanced SQL,0.633,competent,0.704,0.62,diagnostic_and_practice
LSK00057,LRN0007,SK013,Excel for Data Analysis,0.732,proficient,0.76,0.89,diagnostic_and_practice
LSK00058,LRN0007,SK016,Data Visualization,0.895,advanced,0.841,0.78,diagnostic_and_practice
LSK00059,LRN0007,SK011,Descriptive Statistics,0.145,novice,0.197,0.79,diagnostic_and_practice
LSK00060,LRN0007,SK018,Exploratory Data Analysis,0.437,developing,0.468,0.41,diagnostic_and_practice
LSK00061,LRN0007,SK001,Python Basics,0.627,competent,0.663,0.84,diagnostic_and_practice
LSK00062,LRN0007,SK002,Git & Version Control,0.799,proficient,0.886,0.43,diagnostic_and_practice
LSK00063,LRN0007,SK008,Problem Solving (DSA Practice),0.88,advanced,0.848,0.48,diagnostic_and_practice
LSK00064,LRN0008,SK003,Python Data Structures,0.53,competent,0.435,0.71,diagnostic_and_practice
LSK00065,LRN0008,SK017,Inferential Statistics,0.811,proficient,0.914,0.39,diagnostic_and_practice
LSK00066,LRN0008,SK021,ML Foundations,0.872,advanced,0.82,0.68,diagnostic_and_practice
LSK00067,LRN0008,SK022,Regression Techniques,0.204,novice,0.296,0.81,diagnostic_and_practice
LSK00068,LRN0008,SK023,Classification Techniques,0.313,developing,0.32,0.37,diagnostic_and_practice
LSK00069,LRN0008,SK024,Model Evaluation,0.505,competent,0.546,0.5,diagnostic_and_practice
LSK00070,LRN0008,SK001,Python Basics,0.702,proficient,0.629,0.41,diagnostic_and_practice
LSK00071,LRN0008,SK002,Git & Version Control,0.862,advanced,0.838,0.45,diagnostic_and_practice
LSK00072,LRN0008,SK008,Problem Solving (DSA Practice),0.115,novice,0.05,0.45,diagnostic_and_practice
LSK00073,LRN0009,SK021,ML Foundations,0.847,proficient,0.879,0.34,diagnostic_and_practice
LSK00074,LRN0009,SK025,Feature Engineering,0.863,advanced,0.916,0.77,diagnostic_and_practice
LSK00075,LRN0009,SK027,Neural Networks,0.14,novice,0.077,0.83,diagnostic_and_practice
LSK00076,LRN0009,SK028,Deep Learning,0.348,developing,0.388,0.71,diagnostic_and_practice
LSK00077,LRN0009,SK050,Model Deployment,0.51,competent,0.481,0.32,diagnostic_and_practice
LSK00078,LRN0009,SK024,Model Evaluation,0.712,proficient,0.661,0.52,diagnostic_and_practice
LSK00079,LRN0009,SK001,Python Basics,0.949,advanced,0.98,0.31,diagnostic_and_practice
LSK00080,LRN0009,SK002,Git & Version Control,0.21,novice,0.161,0.49,diagnostic_and_practice
LSK00081,LRN0009,SK008,Problem Solving (DSA Practice),0.399,developing,0.339,0.8,diagnostic_and_practice
LSK00082,LRN0010,SK031,HTML & CSS,0.866,advanced,0.876,0.51,diagnostic_and_practice
LSK00083,LRN0010,SK032,JavaScript Basics,0.205,novice,0.27,0.78,diagnostic_and_practice
LSK00084,LRN0010,SK035,React Fundamentals,0.402,developing,0.318,0.48,diagnostic_and_practice
LSK00085,LRN0010,SK036,Node.js Basics,0.538,competent,0.495,0.79,diagnostic_and_practice
LSK00086,LRN0010,SK037,REST API Design,0.825,proficient,0.798,0.84,diagnostic_and_practice
LSK00087,LRN0010,SK034,Database Design (RDBMS),0.951,advanced,0.98,0.31,diagnostic_and_practice
LSK00088,LRN0010,SK001,Python Basics,0.169,novice,0.056,0.85,diagnostic_and_practice
LSK00089,LRN0010,SK002,Git & Version Control,0.324,developing,0.279,0.64,diagnostic_and_practice
LSK00090,LRN0010,SK008,Problem Solving (DSA Practice),0.626,competent,0.632,0.46,diagnostic_and_practice
LSK00091,LRN0011,SK019,Advanced SQL,0.206,novice,0.149,0.57,diagnostic_and_practice
LSK00092,LRN0011,SK051,Data Modeling,0.259,developing,0.29,0.74,diagnostic_and_practice
LSK00093,LRN0011,SK053,ETL Fundamentals,0.602,competent,0.615,0.5,diagnostic_and_practice
LSK00094,LRN0011,SK057,Apache Spark Basics,0.799,proficient,0.697,0.86,diagnostic_and_practice
LSK00095,LRN0011,SK054,Data Warehousing,0.967,advanced,0.943,0.56,diagnostic_and_practice
LSK00096,LRN0011,SK060,Data Pipeline Design,0.217,novice,0.239,0.46,diagnostic_and_practice
LSK00097,LRN0011,SK001,Python Basics,0.406,developing,0.395,0.62,diagnostic_and_practice
LSK00098,LRN0011,SK002,Git & Version Control,0.544,competent,0.509,0.57,diagnostic_and_practice
LSK00099,LRN0011,SK008,Problem Solving (DSA Practice),0.838,proficient,0.95,0.83,diagnostic_and_practice
LSK00100,LRN0012,SK041,Linux Fundamentals,0.357,developing,0.447,0.54,diagnostic_and_practice
LSK00101,LRN0012,SK042,Cloud Computing Basics,0.567,competent,0.685,0.89,diagnostic_and_practice
LSK00102,LRN0012,SK044,AWS Core Services,0.711,proficient,0.782,0.53,diagnostic_and_practice
LSK00103,LRN0012,SK045,Docker Fundamentals,0.851,advanced,0.936,0.83,diagnostic_and_practice
LSK00104,LRN0012,SK047,Kubernetes Basics,0.094,novice,0.109,0.73,diagnostic_and_practice
LSK00105,LRN0012,SK048,CI/CD Pipelines,0.444,developing,0.383,0.38,diagnostic_and_practice
LSK00106,LRN0012,SK001,Python Basics,0.504,competent,0.426,0.69,diagnostic_and_practice
LSK00107,LRN0012,SK002,Git & Version Control,0.817,proficient,0.705,0.34,diagnostic_and_practice
LSK00108,LRN0012,SK008,Problem Solving (DSA Practice),0.968,advanced,0.882,0.82,diagnostic_and_practice
LSK00109,LRN0013,SK012,SQL Basics,0.641,competent,0.523,0.34,diagnostic_and_practice
LSK00110,LRN0013,SK019,Advanced SQL,0.716,proficient,0.727,0.47,diagnostic_and_practice
LSK00111,LRN0013,SK013,Excel for Data Analysis,0.898,advanced,0.98,0.65,diagnostic_and_practice
LSK00112,LRN0013,SK016,Data Visualization,0.098,novice,0.086,0.5,diagnostic_and_practice
LSK00113,LRN0013,SK011,Descriptive Statistics,0.432,developing,0.53,0.32,diagnostic_and_practice
LSK00114,LRN0013,SK018,Exploratory Data Analysis,0.539,competent,0.554,0.46,diagnostic_and_practice
LSK00115,LRN0013,SK001,Python Basics,0.659,proficient,0.705,0.54,diagnostic_and_practice
LSK00116,LRN0013,SK002,Git & Version Control,0.948,advanced,0.98,0.34,diagnostic_and_practice
LSK00117,LRN0013,SK008,Problem Solving (DSA Practice),0.118,novice,0.128,0.31,diagnostic_and_practice
LSK00118,LRN0014,SK003,Python Data Structures,0.691,proficient,0.611,0.71,diagnostic_and_practice
LSK00119,LRN0014,SK017,Inferential Statistics,0.878,advanced,0.923,0.57,diagnostic_and_practice
LSK00120,LRN0014,SK021,ML Foundations,0.231,novice,0.279,0.68,diagnostic_and_practice
LSK00121,LRN0014,SK022,Regression Techniques,0.281,developing,0.314,0.87,diagnostic_and_practice
LSK00122,LRN0014,SK023,Classification Techniques,0.645,competent,0.561,0.71,diagnostic_and_practice
LSK00123,LRN0014,SK024,Model Evaluation,0.673,proficient,0.71,0.86,diagnostic_and_practice
LSK00124,LRN0014,SK001,Python Basics,0.95,advanced,0.903,0.45,diagnostic_and_practice
LSK00125,LRN0014,SK002,Git & Version Control,0.125,novice,0.236,0.43,diagnostic_and_practice
LSK00126,LRN0014,SK008,Problem Solving (DSA Practice),0.414,developing,0.382,0.67,diagnostic_and_practice
LSK00127,LRN0015,SK021,ML Foundations,0.851,advanced,0.781,0.38,diagnostic_and_practice
LSK00128,LRN0015,SK025,Feature Engineering,0.144,novice,0.05,0.49,diagnostic_and_practice
LSK00129,LRN0015,SK027,Neural Networks,0.408,developing,0.421,0.83,diagnostic_and_practice
LSK00130,LRN0015,SK028,Deep Learning,0.564,competent,0.668,0.45,diagnostic_and_practice
LSK00131,LRN0015,SK050,Model Deployment,0.775,proficient,0.883,0.64,diagnostic_and_practice
LSK00132,LRN0015,SK024,Model Evaluation,0.957,advanced,0.85,0.31,diagnostic_and_practice
LSK00133,LRN0015,SK001,Python Basics,0.052,novice,0.058,0.44,diagnostic_and_practice
LSK00134,LRN0015,SK002,Git & Version Control,0.373,developing,0.347,0.63,diagnostic_and_practice
LSK00135,LRN0015,SK008,Problem Solving (DSA Practice),0.64,competent,0.621,0.7,diagnostic_and_practice
LSK00136,LRN0016,SK031,HTML & CSS,0.07,novice,0.163,0.88,diagnostic_and_practice
LSK00137,LRN0016,SK032,JavaScript Basics,0.3,developing,0.221,0.69,diagnostic_and_practice
LSK00138,LRN0016,SK035,React Fundamentals,0.608,competent,0.534,0.47,diagnostic_and_practice
LSK00139,LRN0016,SK036,Node.js Basics,0.69,proficient,0.746,0.65,diagnostic_and_practice
LSK00140,LRN0016,SK037,REST API Design,0.967,advanced,0.98,0.44,diagnostic_and_practice
LSK00141,LRN0016,SK034,Database Design (RDBMS),0.142,novice,0.151,0.48,diagnostic_and_practice
LSK00142,LRN0016,SK001,Python Basics,0.279,developing,0.341,0.52,diagnostic_and_practice
LSK00143,LRN0016,SK002,Git & Version Control,0.638,competent,0.597,0.32,diagnostic_and_practice
LSK00144,LRN0016,SK008,Problem Solving (DSA Practice),0.791,proficient,0.704,0.36,diagnostic_and_practice
LSK00145,LRN0017,SK019,Advanced SQL,0.426,developing,0.536,0.86,diagnostic_and_practice
LSK00146,LRN0017,SK051,Data Modeling,0.471,competent,0.543,0.66,diagnostic_and_practice
LSK00147,LRN0017,SK053,ETL Fundamentals,0.835,proficient,0.938,0.55,diagnostic_and_practice
LSK00148,LRN0017,SK057,Apache Spark Basics,0.872,advanced,0.851,0.57,diagnostic_and_practice
LSK00149,LRN0017,SK054,Data Warehousing,0.138,novice,0.104,0.75,diagnostic_and_practice
LSK00150,LRN0017,SK060,Data Pipeline Design,0.33,developing,0.248,0.81,diagnostic_and_practice
LSK00151,LRN0017,SK001,Python Basics,0.514,competent,0.473,0.86,diagnostic_and_practice
LSK00152,LRN0017,SK002,Git & Version Control,0.67,proficient,0.634,0.89,diagnostic_and_practice
LSK00153,LRN0017,SK008,Problem Solving (DSA Practice),0.936,advanced,0.952,0.43,diagnostic_and_practice
LSK00154,LRN0018,SK041,Linux Fundamentals,0.454,competent,0.452,0.36,diagnostic_and_practice
LSK00155,LRN0018,SK042,Cloud Computing Basics,0.661,proficient,0.672,0.65,diagnostic_and_practice
LSK00156,LRN0018,SK044,AWS Core Services,0.917,advanced,0.947,0.66,diagnostic_and_practice
LSK00157,LRN0018,SK045,Docker Fundamentals,0.107,novice,0.132,0.47,diagnostic_and_practice
LSK00158,LRN0018,SK047,Kubernetes Basics,0.267,developing,0.348,0.61,diagnostic_and_practice
LSK00159,LRN0018,SK048,CI/CD Pipelines,0.567,competent,0.563,0.88,diagnostic_and_practice
LSK00160,LRN0018,SK001,Python Basics,0.741,proficient,0.759,0.69,diagnostic_and_practice
LSK00161,LRN0018,SK002,Git & Version Control,0.896,advanced,0.793,0.51,diagnostic_and_practice
LSK00162,LRN0018,SK008,Problem Solving (DSA Practice),0.15,novice,0.05,0.56,diagnostic_and_practice
LSK00163,LRN0019,SK012,SQL Basics,0.837,proficient,0.789,0.65,diagnostic_and_practice
LSK00164,LRN0019,SK019,Advanced SQL,0.92,advanced,0.98,0.36,diagnostic_and_practice
LSK00165,LRN0019,SK013,Excel for Data Analysis,0.085,novice,0.139,0.8,diagnostic_and_practice
LSK00166,LRN0019,SK016,Data Visualization,0.31,developing,0.375,0.34,diagnostic_and_practice
LSK00167,LRN0019,SK011,Descriptive Statistics,0.503,competent,0.414,0.84,diagnostic_and_practice
LSK00168,LRN0019,SK018,Exploratory Data Analysis,0.657,proficient,0.686,0.5,diagnostic_and_practice
LSK00169,LRN0019,SK001,Python Basics,0.954,advanced,0.973,0.73,diagnostic_and_practice
LSK00170,LRN0019,SK002,Git & Version Control,0.217,novice,0.291,0.7,diagnostic_and_practice
LSK00171,LRN0019,SK008,Problem Solving (DSA Practice),0.328,developing,0.28,0.63,diagnostic_and_practice
LSK00172,LRN0020,SK003,Python Data Structures,0.911,advanced,0.98,0.37,diagnostic_and_practice
LSK00173,LRN0020,SK017,Inferential Statistics,0.185,novice,0.099,0.31,diagnostic_and_practice
LSK00174,LRN0020,SK021,ML Foundations,0.328,developing,0.369,0.7,diagnostic_and_practice
LSK00175,LRN0020,SK022,Regression Techniques,0.59,competent,0.475,0.48,diagnostic_and_practice
LSK00176,LRN0020,SK023,Classification Techniques,0.754,proficient,0.64,0.42,diagnostic_and_practice
LSK00177,LRN0020,SK024,Model Evaluation,0.925,advanced,0.965,0.81,diagnostic_and_practice
LSK00178,LRN0020,SK001,Python Basics,0.09,novice,0.05,0.37,diagnostic_and_practice
LSK00179,LRN0020,SK002,Git & Version Control,0.322,developing,0.359,0.56,diagnostic_and_practice
LSK00180,LRN0020,SK008,Problem Solving (DSA Practice),0.546,competent,0.441,0.8,diagnostic_and_practice
LSK00181,LRN0021,SK021,ML Foundations,0.079,novice,0.091,0.82,diagnostic_and_practice
LSK00182,LRN0021,SK025,Feature Engineering,0.436,developing,0.414,0.52,diagnostic_and_practice
LSK00183,LRN0021,SK027,Neural Networks,0.478,competent,0.359,0.72,diagnostic_and_practice
LSK00184,LRN0021,SK028,Deep Learning,0.769,proficient,0.863,0.6,diagnostic_and_practice
LSK00185,LRN0021,SK050,Model Deployment,0.875,advanced,0.935,0.86,diagnostic_and_practice
LSK00186,LRN0021,SK024,Model Evaluation,0.098,novice,0.116,0.75,diagnostic_and_practice
LSK00187,LRN0021,SK001,Python Basics,0.348,developing,0.408,0.48,diagnostic_and_practice
LSK00188,LRN0021,SK002,Git & Version Control,0.575,competent,0.507,0.84,diagnostic_and_practice
LSK00189,LRN0021,SK008,Problem Solving (DSA Practice),0.78,proficient,0.805,0.83,diagnostic_and_practice
LSK00190,LRN0022,SK031,HTML & CSS,0.275,developing,0.29,0.74,diagnostic_and_practice
LSK00191,LRN0022,SK032,JavaScript Basics,0.5,competent,0.588,0.33,diagnostic_and_practice
LSK00192,LRN0022,SK035,React Fundamentals,0.792,proficient,0.874,0.43,diagnostic_and_practice
LSK00193,LRN0022,SK036,Node.js Basics,0.941,advanced,0.935,0.65,diagnostic_and_practice
LSK00194,LRN0022,SK037,REST API Design,0.054,novice,0.104,0.62,diagnostic_and_practice
LSK00195,LRN0022,SK034,Database Design (RDBMS),0.265,developing,0.205,0.6,diagnostic_and_practice
LSK00196,LRN0022,SK001,Python Basics,0.501,competent,0.601,0.38,diagnostic_and_practice
LSK00197,LRN0022,SK002,Git & Version Control,0.738,proficient,0.843,0.3,diagnostic_and_practice
LSK00198,LRN0022,SK008,Problem Solving (DSA Practice),0.928,advanced,0.98,0.83,diagnostic_and_practice
LSK00199,LRN0023,SK019,Advanced SQL,0.61,competent,0.497,0.57,diagnostic_and_practice
LSK00200,LRN0023,SK051,Data Modeling,0.676,proficient,0.575,0.32,diagnostic_and_practice
LSK00201,LRN0023,SK053,ETL Fundamentals,0.905,advanced,0.98,0.42,diagnostic_and_practice
LSK00202,LRN0023,SK057,Apache Spark Basics,0.149,novice,0.16,0.55,diagnostic_and_practice
LSK00203,LRN0023,SK054,Data Warehousing,0.317,developing,0.234,0.73,diagnostic_and_practice
LSK00204,LRN0023,SK060,Data Pipeline Design,0.592,competent,0.606,0.7,diagnostic_and_practice
LSK00205,LRN0023,SK001,Python Basics,0.816,proficient,0.868,0.87,diagnostic_and_practice
LSK00206,LRN0023,SK002,Git & Version Control,0.941,advanced,0.881,0.68,diagnostic_and_practice
LSK00207,LRN0023,SK008,Problem Solving (DSA Practice),0.15,novice,0.121,0.44,diagnostic_and_practice
LSK00208,LRN0024,SK041,Linux Fundamentals,0.814,proficient,0.701,0.32,diagnostic_and_practice
LSK00209,LRN0024,SK042,Cloud Computing Basics,0.966,advanced,0.877,0.85,diagnostic_and_practice
LSK00210,LRN0024,SK044,AWS Core Services,0.234,novice,0.115,0.63,diagnostic_and_practice
LSK00211,LRN0024,SK045,Docker Fundamentals,0.37,developing,0.325,0.58,diagnostic_and_practice
LSK00212,LRN0024,SK047,Kubernetes Basics,0.622,competent,0.592,0.71,diagnostic_and_practice
LSK00213,LRN0024,SK048,CI/CD Pipelines,0.806,proficient,0.704,0.75,diagnostic_and_practice
LSK00214,LRN0024,SK001,Python Basics,0.858,advanced,0.899,0.74,diagnostic_and_practice
LSK00215,LRN0024,SK002,Git & Version Control,0.091,novice,0.201,0.56,diagnostic_and_practice
LSK00216,LRN0024,SK008,Problem Solving (DSA Practice),0.387,developing,0.397,0.31,diagnostic_and_practice
LSK00217,LRN0025,SK012,SQL Basics,0.952,advanced,0.832,0.32,diagnostic_and_practice
LSK00218,LRN0025,SK019,Advanced SQL,0.226,novice,0.278,0.9,diagnostic_and_practice
LSK00219,LRN0025,SK013,Excel for Data Analysis,0.257,developing,0.369,0.75,diagnostic_and_practice
LSK00220,LRN0025,SK016,Data Visualization,0.599,competent,0.534,0.81,diagnostic_and_practice
LSK00221,LRN0025,SK011,Descriptive Statistics,0.692,proficient,0.674,0.39,diagnostic_and_practice
LSK00222,LRN0025,SK018,Exploratory Data Analysis,0.858,advanced,0.951,0.62,diagnostic_and_practice
LSK00223,LRN0025,SK001,Python Basics,0.168,novice,0.117,0.71,diagnostic_and_practice
LSK00224,LRN0025,SK002,Git & Version Control,0.388,developing,0.322,0.58,diagnostic_and_practice
LSK00225,LRN0025,SK008,Problem Solving (DSA Practice),0.465,competent,0.467,0.36,diagnostic_and_practice
LSK00226,LRN0026,SK003,Python Data Structures,0.081,novice,0.158,0.59,diagnostic_and_practice
LSK00227,LRN0026,SK017,Inferential Statistics,0.276,developing,0.363,0.4,diagnostic_and_practice
LSK00228,LRN0026,SK021,ML Foundations,0.607,competent,0.697,0.39,diagnostic_and_practice
LSK00229,LRN0026,SK022,Regression Techniques,0.736,proficient,0.846,0.85,diagnostic_and_practice
LSK00230,LRN0026,SK023,Classification Techniques,0.879,advanced,0.808,0.79,diagnostic_and_practice
LSK00231,LRN0026,SK024,Model Evaluation,0.06,novice,0.05,0.31,diagnostic_and_practice
LSK00232,LRN0026,SK001,Python Basics,0.255,developing,0.359,0.3,diagnostic_and_practice
LSK00233,LRN0026,SK002,Git & Version Control,0.487,competent,0.513,0.68,diagnostic_and_practice
LSK00234,LRN0026,SK008,Problem Solving (DSA Practice),0.72,proficient,0.646,0.43,diagnostic_and_practice
LSK00235,LRN0027,SK021,ML Foundations,0.387,developing,0.353,0.49,diagnostic_and_practice
LSK00236,LRN0027,SK025,Feature Engineering,0.602,competent,0.637,0.5,diagnostic_and_practice
LSK00237,LRN0027,SK027,Neural Networks,0.672,proficient,0.574,0.32,diagnostic_and_practice
LSK00238,LRN0027,SK028,Deep Learning,0.921,advanced,0.809,0.36,diagnostic_and_practice
LSK00239,LRN0027,SK050,Model Deployment,0.101,novice,0.06,0.63,diagnostic_and_practice
LSK00240,LRN0027,SK024,Model Evaluation,0.441,developing,0.421,0.52,diagnostic_and_practice
LSK00241,LRN0027,SK001,Python Basics,0.483,competent,0.455,0.44,diagnostic_and_practice
LSK00242,LRN0027,SK002,Git & Version Control,0.837,proficient,0.729,0.31,diagnostic_and_practice
LSK00243,LRN0027,SK008,Problem Solving (DSA Practice),0.887,advanced,0.886,0.82,diagnostic_and_practice
LSK00244,LRN0028,SK031,HTML & CSS,0.646,competent,0.687,0.4,diagnostic_and_practice
LSK00245,LRN0028,SK032,JavaScript Basics,0.667,proficient,0.693,0.4,diagnostic_and_practice
LSK00246,LRN0028,SK035,React Fundamentals,0.869,advanced,0.98,0.63,diagnostic_and_practice
LSK00247,LRN0028,SK036,Node.js Basics,0.242,novice,0.13,0.47,diagnostic_and_practice
LSK00248,LRN0028,SK037,REST API Design,0.427,developing,0.466,0.68,diagnostic_and_practice
LSK00249,LRN0028,SK034,Database Design (RDBMS),0.485,competent,0.522,0.89,diagnostic_and_practice
LSK00250,LRN0028,SK001,Python Basics,0.825,proficient,0.819,0.49,diagnostic_and_practice
LSK00251,LRN0028,SK002,Git & Version Control,0.936,advanced,0.98,0.83,diagnostic_and_practice
LSK00252,LRN0028,SK008,Problem Solving (DSA Practice),0.222,novice,0.11,0.74,diagnostic_and_practice
LSK00253,LRN0029,SK019,Advanced SQL,0.712,proficient,0.6,0.85,diagnostic_and_practice
LSK00254,LRN0029,SK051,Data Modeling,0.961,advanced,0.98,0.34,diagnostic_and_practice
LSK00255,LRN0029,SK053,ETL Fundamentals,0.138,novice,0.156,0.74,diagnostic_and_practice
LSK00256,LRN0029,SK057,Apache Spark Basics,0.392,developing,0.385,0.36,diagnostic_and_practice
LSK00257,LRN0029,SK054,Data Warehousing,0.496,competent,0.578,0.47,diagnostic_and_practice
LSK00258,LRN0029,SK060,Data Pipeline Design,0.814,proficient,0.809,0.88,diagnostic_and_practice
LSK00259,LRN0029,SK001,Python Basics,0.937,advanced,0.98,0.79,diagnostic_and_practice
LSK00260,LRN0029,SK002,Git & Version Control,0.156,novice,0.135,0.32,diagnostic_and_practice
LSK00261,LRN0029,SK008,Problem Solving (DSA Practice),0.339,developing,0.408,0.66,diagnostic_and_practice
LSK00262,LRN0030,SK041,Linux Fundamentals,0.919,advanced,0.864,0.59,diagnostic_and_practice
LSK00263,LRN0030,SK042,Cloud Computing Basics,0.121,novice,0.112,0.32,diagnostic_and_practice
LSK00264,LRN0030,SK044,AWS Core Services,0.364,developing,0.405,0.4,diagnostic_and_practice
LSK00265,LRN0030,SK045,Docker Fundamentals,0.477,competent,0.494,0.37,diagnostic_and_practice
LSK00266,LRN0030,SK047,Kubernetes Basics,0.685,proficient,0.699,0.79,diagnostic_and_practice
LSK00267,LRN0030,SK048,CI/CD Pipelines,0.886,advanced,0.807,0.86,diagnostic_and_practice
LSK00268,LRN0030,SK001,Python Basics,0.06,novice,0.05,0.74,diagnostic_and_practice
LSK00269,LRN0030,SK002,Git & Version Control,0.4,developing,0.3,0.57,diagnostic_and_practice
LSK00270,LRN0030,SK008,Problem Solving (DSA Practice),0.499,competent,0.611,0.82,diagnostic_and_practice
LSK00271,LRN0031,SK012,SQL Basics,0.134,novice,0.081,0.56,diagnostic_and_practice
LSK00272,LRN0031,SK019,Advanced SQL,0.408,developing,0.328,0.4,diagnostic_and_practice
LSK00273,LRN0031,SK013,Excel for Data Analysis,0.593,competent,0.502,0.7,diagnostic_and_practice
LSK00274,LRN0031,SK016,Data Visualization,0.659,proficient,0.553,0.6,diagnostic_and_practice
LSK00275,LRN0031,SK011,Descriptive Statistics,0.941,advanced,0.98,0.71,diagnostic_and_practice
LSK00276,LRN0031,SK018,Exploratory Data Analysis,0.211,novice,0.178,0.52,diagnostic_and_practice
LSK00277,LRN0031,SK001,Python Basics,0.331,developing,0.357,0.59,diagnostic_and_practice
LSK00278,LRN0031,SK002,Git & Version Control,0.464,competent,0.543,0.58,diagnostic_and_practice
LSK00279,LRN0031,SK008,Problem Solving (DSA Practice),0.684,proficient,0.763,0.59,diagnostic_and_practice
LSK00280,LRN0032,SK003,Python Data Structures,0.448,developing,0.475,0.63,diagnostic_and_practice
LSK00281,LRN0032,SK017,Inferential Statistics,0.497,competent,0.599,0.48,diagnostic_and_practice
LSK00282,LRN0032,SK021,ML Foundations,0.705,proficient,0.722,0.47,diagnostic_and_practice
LSK00283,LRN0032,SK022,Regression Techniques,0.918,advanced,0.822,0.43,diagnostic_and_practice
LSK00284,LRN0032,SK023,Classification Techniques,0.098,novice,0.05,0.38,diagnostic_and_practice
LSK00285,LRN0032,SK024,Model Evaluation,0.383,developing,0.48,0.61,diagnostic_and_practice
LSK00286,LRN0032,SK001,Python Basics,0.64,competent,0.719,0.77,diagnostic_and_practice
LSK00287,LRN0032,SK002,Git & Version Control,0.661,proficient,0.723,0.66,diagnostic_and_practice
LSK00288,LRN0032,SK008,Problem Solving (DSA Practice),0.893,advanced,0.917,0.56,diagnostic_and_practice
LSK00289,LRN0033,SK021,ML Foundations,0.54,competent,0.621,0.55,diagnostic_and_practice
LSK00290,LRN0033,SK025,Feature Engineering,0.702,proficient,0.717,0.39,diagnostic_and_practice
LSK00291,LRN0033,SK027,Neural Networks,0.953,advanced,0.909,0.47,diagnostic_and_practice
LSK00292,LRN0033,SK028,Deep Learning,0.119,novice,0.059,0.64,diagnostic_and_practice
LSK00293,LRN0033,SK050,Model Deployment,0.275,developing,0.24,0.72,diagnostic_and_practice
LSK00294,LRN0033,SK024,Model Evaluation,0.526,competent,0.613,0.39,diagnostic_and_practice
LSK00295,LRN0033,SK001,Python Basics,0.672,proficient,0.573,0.6,diagnostic_and_practice
LSK00296,LRN0033,SK002,Git & Version Control,0.922,advanced,0.822,0.49,diagnostic_and_practice
LSK00297,LRN0033,SK008,Problem Solving (DSA Practice),0.221,novice,0.304,0.54,diagnostic_and_practice
LSK00298,LRN0034,SK031,HTML & CSS,0.829,proficient,0.813,0.77,diagnostic_and_practice
LSK00299,LRN0034,SK032,JavaScript Basics,0.852,advanced,0.827,0.53,diagnostic_and_practice
LSK00300,LRN0034,SK035,React Fundamentals,0.144,novice,0.196,0.65,diagnostic_and_practice
LSK00301,LRN0034,SK036,Node.js Basics,0.276,developing,0.2,0.65,diagnostic_and_practice
LSK00302,LRN0034,SK037,REST API Design,0.467,competent,0.479,0.31,diagnostic_and_practice
LSK00303,LRN0034,SK034,Database Design (RDBMS),0.84,proficient,0.774,0.78,diagnostic_and_practice
LSK00304,LRN0034,SK001,Python Basics,0.955,advanced,0.98,0.54,diagnostic_and_practice
LSK00305,LRN0034,SK002,Git & Version Control,0.246,novice,0.14,0.44,diagnostic_and_practice
LSK00306,LRN0034,SK008,Problem Solving (DSA Practice),0.305,developing,0.406,0.58,diagnostic_and_practice
LSK00307,LRN0035,SK019,Advanced SQL,0.924,advanced,0.874,0.63,diagnostic_and_practice
LSK00308,LRN0035,SK051,Data Modeling,0.121,novice,0.05,0.42,diagnostic_and_practice
LSK00309,LRN0035,SK053,ETL Fundamentals,0.309,developing,0.392,0.68,diagnostic_and_practice
LSK00310,LRN0035,SK057,Apache Spark Basics,0.486,competent,0.415,0.44,diagnostic_and_practice
LSK00311,LRN0035,SK054,Data Warehousing,0.779,proficient,0.717,0.34,diagnostic_and_practice
LSK00312,LRN0035,SK060,Data Pipeline Design,0.894,advanced,0.776,0.55,diagnostic_and_practice
LSK00313,LRN0035,SK001,Python Basics,0.071,novice,0.05,0.82,diagnostic_and_practice
LSK00314,LRN0035,SK002,Git & Version Control,0.373,developing,0.27,0.5,diagnostic_and_practice
LSK00315,LRN0035,SK008,Problem Solving (DSA Practice),0.619,competent,0.565,0.72,diagnostic_and_practice
LSK00316,LRN0036,SK041,Linux Fundamentals,0.209,novice,0.324,0.44,diagnostic_and_practice
LSK00317,LRN0036,SK042,Cloud Computing Basics,0.322,developing,0.383,0.53,diagnostic_and_practice
LSK00318,LRN0036,SK044,AWS Core Services,0.532,competent,0.475,0.37,diagnostic_and_practice
LSK00319,LRN0036,SK045,Docker Fundamentals,0.687,proficient,0.678,0.46,diagnostic_and_practice
LSK00320,LRN0036,SK047,Kubernetes Basics,0.965,advanced,0.98,0.5,diagnostic_and_practice
LSK00321,LRN0036,SK048,CI/CD Pipelines,0.12,novice,0.154,0.43,diagnostic_and_practice
LSK00322,LRN0036,SK001,Python Basics,0.404,developing,0.379,0.4,diagnostic_and_practice
LSK00323,LRN0036,SK002,Git & Version Control,0.528,competent,0.534,0.67,diagnostic_and_practice
LSK00324,LRN0036,SK008,Problem Solving (DSA Practice),0.805,proficient,0.742,0.76,diagnostic_and_practice
LSK00325,LRN0037,SK012,SQL Basics,0.426,developing,0.473,0.79,diagnostic_and_practice
LSK00326,LRN0037,SK019,Advanced SQL,0.509,competent,0.613,0.68,diagnostic_and_practice
LSK00327,LRN0037,SK013,Excel for Data Analysis,0.747,proficient,0.656,0.82,diagnostic_and_practice
LSK00328,LRN0037,SK016,Data Visualization,0.951,advanced,0.98,0.52,diagnostic_and_practice
LSK00329,LRN0037,SK011,Descriptive Statistics,0.131,novice,0.098,0.73,diagnostic_and_practice
LSK00330,LRN0037,SK018,Exploratory Data Analysis,0.369,developing,0.462,0.55,diagnostic_and_practice
LSK00331,LRN0037,SK001,Python Basics,0.625,competent,0.74,0.49,diagnostic_and_practice
LSK00332,LRN0037,SK002,Git & Version Control,0.652,proficient,0.762,0.71,diagnostic_and_practice
LSK00333,LRN0037,SK008,Problem Solving (DSA Practice),0.879,advanced,0.908,0.54,diagnostic_and_practice
LSK00334,LRN0038,SK003,Python Data Structures,0.649,competent,0.757,0.47,diagnostic_and_practice
LSK00335,LRN0038,SK017,Inferential Statistics,0.698,proficient,0.717,0.79,diagnostic_and_practice
LSK00336,LRN0038,SK021,ML Foundations,0.857,advanced,0.91,0.41,diagnostic_and_practice
LSK00337,LRN0038,SK022,Regression Techniques,0.137,novice,0.148,0.47,diagnostic_and_practice
LSK00338,LRN0038,SK023,Classification Techniques,0.29,developing,0.298,0.64,diagnostic_and_practice
LSK00339,LRN0038,SK024,Model Evaluation,0.645,competent,0.72,0.38,diagnostic_and_practice
LSK00340,LRN0038,SK001,Python Basics,0.709,proficient,0.599,0.61,diagnostic_and_practice
LSK00341,LRN0038,SK002,Git & Version Control,0.853,advanced,0.964,0.86,diagnostic_and_practice
LSK00342,LRN0038,SK008,Problem Solving (DSA Practice),0.2,novice,0.271,0.69,diagnostic_and_practice
LSK00343,LRN0039,SK021,ML Foundations,0.761,proficient,0.651,0.66,diagnostic_and_practice
LSK00344,LRN0039,SK025,Feature Engineering,0.893,advanced,0.841,0.6,diagnostic_and_practice
LSK00345,LRN0039,SK027,Neural Networks,0.136,novice,0.066,0.55,diagnostic_and_practice
LSK00346,LRN0039,SK028,Deep Learning,0.336,developing,0.416,0.57,diagnostic_and_practice
LSK00347,LRN0039,SK050,Model Deployment,0.476,competent,0.422,0.6,diagnostic_and_practice
LSK00348,LRN0039,SK024,Model Evaluation,0.802,proficient,0.749,0.56,diagnostic_and_practice
LSK00349,LRN0039,SK001,Python Basics,0.887,advanced,0.959,0.53,diagnostic_and_practice
LSK00350,LRN0039,SK002,Git & Version Control,0.146,novice,0.244,0.48,diagnostic_and_practice
LSK00351,LRN0039,SK008,Problem Solving (DSA Practice),0.291,developing,0.388,0.55,diagnostic_and_practice
LSK00352,LRN0040,SK031,HTML & CSS,0.902,advanced,0.95,0.45,diagnostic_and_practice
LSK00353,LRN0040,SK032,JavaScript Basics,0.201,novice,0.32,0.53,diagnostic_and_practice
LSK00354,LRN0040,SK035,React Fundamentals,0.391,developing,0.283,0.31,diagnostic_and_practice
LSK00355,LRN0040,SK036,Node.js Basics,0.559,competent,0.662,0.44,diagnostic_and_practice
LSK00356,LRN0040,SK037,REST API Design,0.786,proficient,0.78,0.33,diagnostic_and_practice
LSK00357,LRN0040,SK034,Database Design (RDBMS),0.872,advanced,0.827,0.8,diagnostic_and_practice
LSK00358,LRN0040,SK001,Python Basics,0.085,novice,0.195,0.33,diagnostic_and_practice
LSK00359,LRN0040,SK002,Git & Version Control,0.288,developing,0.35,0.31,diagnostic_and_practice
LSK00360,LRN0040,SK008,Problem Solving (DSA Practice),0.578,competent,0.546,0.4,diagnostic_and_practice
LSK00361,LRN0041,SK019,Advanced SQL,0.182,novice,0.261,0.31,diagnostic_and_practice
LSK00362,LRN0041,SK051,Data Modeling,0.413,developing,0.317,0.6,diagnostic_and_practice
LSK00363,LRN0041,SK053,ETL Fundamentals,0.643,competent,0.53,0.79,diagnostic_and_practice
LSK00364,LRN0041,SK057,Apache Spark Basics,0.698,proficient,0.61,0.65,diagnostic_and_practice
LSK00365,LRN0041,SK054,Data Warehousing,0.897,advanced,0.813,0.36,diagnostic_and_practice
LSK00366,LRN0041,SK060,Data Pipeline Design,0.215,novice,0.132,0.66,diagnostic_and_practice
LSK00367,LRN0041,SK001,Python Basics,0.281,developing,0.399,0.7,diagnostic_and_practice
LSK00368,LRN0041,SK002,Git & Version Control,0.63,competent,0.684,0.3,diagnostic_and_practice
LSK00369,LRN0041,SK008,Problem Solving (DSA Practice),0.709,proficient,0.726,0.81,diagnostic_and_practice
LSK00370,LRN0042,SK041,Linux Fundamentals,0.34,developing,0.433,0.37,diagnostic_and_practice
LSK00371,LRN0042,SK042,Cloud Computing Basics,0.612,competent,0.497,0.88,diagnostic_and_practice
LSK00372,LRN0042,SK044,AWS Core Services,0.825,proficient,0.792,0.88,diagnostic_and_practice
LSK00373,LRN0042,SK045,Docker Fundamentals,0.91,advanced,0.82,0.46,diagnostic_and_practice
LSK00374,LRN0042,SK047,Kubernetes Basics,0.231,novice,0.281,0.33,diagnostic_and_practice
LSK00375,LRN0042,SK048,CI/CD Pipelines,0.377,developing,0.288,0.7,diagnostic_and_practice
LSK00376,LRN0042,SK001,Python Basics,0.451,competent,0.463,0.33,diagnostic_and_practice
LSK00377,LRN0042,SK002,Git & Version Control,0.821,proficient,0.873,0.73,diagnostic_and_practice
LSK00378,LRN0042,SK008,Problem Solving (DSA Practice),0.92,advanced,0.831,0.86,diagnostic_and_practice
LSK00379,LRN0043,SK012,SQL Basics,0.545,competent,0.605,0.64,diagnostic_and_practice
LSK00380,LRN0043,SK019,Advanced SQL,0.83,proficient,0.943,0.85,diagnostic_and_practice
LSK00381,LRN0043,SK013,Excel for Data Analysis,0.927,advanced,0.98,0.61,diagnostic_and_practice
LSK00382,LRN0043,SK016,Data Visualization,0.205,novice,0.183,0.64,diagnostic_and_practice
LSK00383,LRN0043,SK011,Descriptive Statistics,0.412,developing,0.504,0.4,diagnostic_and_practice
LSK00384,LRN0043,SK018,Exploratory Data Analysis,0.521,competent,0.405,0.85,diagnostic_and_practice
LSK00385,LRN0043,SK001,Python Basics,0.846,proficient,0.793,0.46,diagnostic_and_practice
LSK00386,LRN0043,SK002,Git & Version Control,0.852,advanced,0.765,0.49,diagnostic_and_practice
LSK00387,LRN0043,SK008,Problem Solving (DSA Practice),0.226,novice,0.195,0.37,diagnostic_and_practice
LSK00388,LRN0044,SK003,Python Data Structures,0.843,proficient,0.898,0.45,diagnostic_and_practice
LSK00389,LRN0044,SK017,Inferential Statistics,0.945,advanced,0.834,0.58,diagnostic_and_practice
LSK00390,LRN0044,SK021,ML Foundations,0.066,novice,0.166,0.87,diagnostic_and_practice
LSK00391,LRN0044,SK022,Regression Techniques,0.43,developing,0.395,0.52,diagnostic_and_practice
LSK00392,LRN0044,SK023,Classification Techniques,0.63,competent,0.61,0.73,diagnostic_and_practice
LSK00393,LRN0044,SK024,Model Evaluation,0.755,proficient,0.811,0.36,diagnostic_and_practice
LSK00394,LRN0044,SK001,Python Basics,0.882,advanced,0.827,0.54,diagnostic_and_practice
LSK00395,LRN0044,SK002,Git & Version Control,0.2,novice,0.174,0.4,diagnostic_and_practice
LSK00396,LRN0044,SK008,Problem Solving (DSA Practice),0.283,developing,0.312,0.59,diagnostic_and_practice
LSK00397,LRN0045,SK021,ML Foundations,0.947,advanced,0.928,0.89,diagnostic_and_practice
LSK00398,LRN0045,SK025,Feature Engineering,0.149,novice,0.146,0.31,diagnostic_and_practice
LSK00399,LRN0045,SK027,Neural Networks,0.355,developing,0.301,0.42,diagnostic_and_practice
LSK00400,LRN0045,SK028,Deep Learning,0.586,competent,0.513,0.47,diagnostic_and_practice
LSK00401,LRN0045,SK050,Model Deployment,0.763,proficient,0.817,0.41,diagnostic_and_practice
LSK00402,LRN0045,SK024,Model Evaluation,0.913,advanced,0.942,0.67,diagnostic_and_practice
LSK00403,LRN0045,SK001,Python Basics,0.153,novice,0.196,0.87,diagnostic_and_practice
LSK00404,LRN0045,SK002,Git & Version Control,0.307,developing,0.421,0.42,diagnostic_and_practice
LSK00405,LRN0045,SK008,Problem Solving (DSA Practice),0.585,competent,0.491,0.54,diagnostic_and_practice
LSK00406,LRN0046,SK031,HTML & CSS,0.071,novice,0.158,0.62,diagnostic_and_practice
LSK00407,LRN0046,SK032,JavaScript Basics,0.31,developing,0.283,0.53,diagnostic_and_practice
LSK00408,LRN0046,SK035,React Fundamentals,0.524,competent,0.52,0.83,diagnostic_and_practice
LSK00409,LRN0046,SK036,Node.js Basics,0.778,proficient,0.871,0.6,diagnostic_and_practice
LSK00410,LRN0046,SK037,REST API Design,0.921,advanced,0.915,0.84,diagnostic_and_practice
LSK00411,LRN0046,SK034,Database Design (RDBMS),0.161,novice,0.28,0.37,diagnostic_and_practice
LSK00412,LRN0046,SK001,Python Basics,0.427,developing,0.448,0.5,diagnostic_and_practice
LSK00413,LRN0046,SK002,Git & Version Control,0.475,competent,0.575,0.33,diagnostic_and_practice
LSK00414,LRN0046,SK008,Problem Solving (DSA Practice),0.654,proficient,0.737,0.52,diagnostic_and_practice
LSK00415,LRN0047,SK019,Advanced SQL,0.353,developing,0.293,0.36,diagnostic_and_practice
LSK00416,LRN0047,SK051,Data Modeling,0.631,competent,0.628,0.84,diagnostic_and_practice
LSK00417,LRN0047,SK053,ETL Fundamentals,0.674,proficient,0.581,0.52,diagnostic_and_practice
LSK00418,LRN0047,SK057,Apache Spark Basics,0.949,advanced,0.924,0.82,diagnostic_and_practice
LSK00419,LRN0047,SK054,Data Warehousing,0.136,novice,0.103,0.38,diagnostic_and_practice
LSK00420,LRN0047,SK060,Data Pipeline Design,0.339,developing,0.293,0.49,diagnostic_and_practice
LSK00421,LRN0047,SK001,Python Basics,0.557,competent,0.639,0.57,diagnostic_and_practice
LSK00422,LRN0047,SK002,Git & Version Control,0.754,proficient,0.764,0.77,diagnostic_and_practice
LSK00423,LRN0047,SK008,Problem Solving (DSA Practice),0.969,advanced,0.927,0.35,diagnostic_and_practice
LSK00424,LRN0048,SK041,Linux Fundamentals,0.473,competent,0.376,0.61,diagnostic_and_practice
LSK00425,LRN0048,SK042,Cloud Computing Basics,0.745,proficient,0.862,0.61,diagnostic_and_practice
LSK00426,LRN0048,SK044,AWS Core Services,0.947,advanced,0.945,0.67,diagnostic_and_practice
LSK00427,LRN0048,SK045,Docker Fundamentals,0.231,novice,0.2,0.37,diagnostic_and_practice
LSK00428,LRN0048,SK047,Kubernetes Basics,0.364,developing,0.251,0.31,diagnostic_and_practice
LSK00429,LRN0048,SK048,CI/CD Pipelines,0.475,competent,0.369,0.43,diagnostic_and_practice
LSK00430,LRN0048,SK001,Python Basics,0.737,proficient,0.781,0.65,diagnostic_and_practice
LSK00431,LRN0048,SK002,Git & Version Control,0.892,advanced,0.871,0.75,diagnostic_and_practice
LSK00432,LRN0048,SK008,Problem Solving (DSA Practice),0.198,novice,0.212,0.53,diagnostic_and_practice
LSK00433,LRN0049,SK012,SQL Basics,0.843,proficient,0.836,0.8,diagnostic_and_practice
LSK00434,LRN0049,SK019,Advanced SQL,0.892,advanced,0.98,0.5,diagnostic_and_practice
LSK00435,LRN0049,SK013,Excel for Data Analysis,0.218,novice,0.162,0.87,diagnostic_and_practice
LSK00436,LRN0049,SK016,Data Visualization,0.415,developing,0.521,0.41,diagnostic_and_practice
LSK00437,LRN0049,SK011,Descriptive Statistics,0.576,competent,0.501,0.7,diagnostic_and_practice
LSK00438,LRN0049,SK018,Exploratory Data Analysis,0.752,proficient,0.726,0.54,diagnostic_and_practice
LSK00439,LRN0049,SK001,Python Basics,0.864,advanced,0.827,0.45,diagnostic_and_practice
LSK00440,LRN0049,SK002,Git & Version Control,0.184,novice,0.301,0.52,diagnostic_and_practice
LSK00441,LRN0049,SK008,Problem Solving (DSA Practice),0.373,developing,0.271,0.69,diagnostic_and_practice
LSK00442,LRN0050,SK003,Python Data Structures,0.89,advanced,0.803,0.57,diagnostic_and_practice
LSK00443,LRN0050,SK017,Inferential Statistics,0.125,novice,0.05,0.51,diagnostic_and_practice
LSK00444,LRN0050,SK021,ML Foundations,0.314,developing,0.198,0.36,diagnostic_and_practice
LSK00445,LRN0050,SK022,Regression Techniques,0.538,competent,0.557,0.47,diagnostic_and_practice
LSK00446,LRN0050,SK023,Classification Techniques,0.675,proficient,0.676,0.62,diagnostic_and_practice
LSK00447,LRN0050,SK024,Model Evaluation,0.885,advanced,0.775,0.55,diagnostic_and_practice
LSK00448,LRN0050,SK001,Python Basics,0.162,novice,0.06,0.87,diagnostic_and_practice
LSK00449,LRN0050,SK002,Git & Version Control,0.335,developing,0.36,0.73,diagnostic_and_practice
LSK00450,LRN0050,SK008,Problem Solving (DSA Practice),0.482,competent,0.397,0.49,diagnostic_and_practice
LSK00451,LRN0051,SK021,ML Foundations,0.147,novice,0.095,0.35,diagnostic_and_practice
LSK00452,LRN0051,SK025,Feature Engineering,0.389,developing,0.364,0.49,diagnostic_and_practice
LSK00453,LRN0051,SK027,Neural Networks,0.637,competent,0.696,0.68,diagnostic_and_practice
LSK00454,LRN0051,SK028,Deep Learning,0.829,proficient,0.949,0.8,diagnostic_and_practice
LSK00455,LRN0051,SK050,Model Deployment,0.933,advanced,0.937,0.78,diagnostic_and_practice
LSK00456,LRN0051,SK024,Model Evaluation,0.166,novice,0.113,0.4,diagnostic_and_practice
LSK00457,LRN0051,SK001,Python Basics,0.43,developing,0.476,0.8,diagnostic_and_practice
LSK00458,LRN0051,SK002,Git & Version Control,0.631,competent,0.55,0.82,diagnostic_and_practice
LSK00459,LRN0051,SK008,Problem Solving (DSA Practice),0.734,proficient,0.675,0.36,diagnostic_and_practice
LSK00460,LRN0052,SK031,HTML & CSS,0.437,developing,0.382,0.76,diagnostic_and_practice
LSK00461,LRN0052,SK032,JavaScript Basics,0.516,competent,0.425,0.58,diagnostic_and_practice
LSK00462,LRN0052,SK035,React Fundamentals,0.683,proficient,0.639,0.33,diagnostic_and_practice
LSK00463,LRN0052,SK036,Node.js Basics,0.875,advanced,0.972,0.83,diagnostic_and_practice
LSK00464,LRN0052,SK037,REST API Design,0.085,novice,0.088,0.36,diagnostic_and_practice
LSK00465,LRN0052,SK034,Database Design (RDBMS),0.322,developing,0.232,0.8,diagnostic_and_practice
LSK00466,LRN0052,SK001,Python Basics,0.533,competent,0.481,0.4,diagnostic_and_practice
LSK00467,LRN0052,SK002,Git & Version Control,0.675,proficient,0.563,0.45,diagnostic_and_practice
LSK00468,LRN0052,SK008,Problem Solving (DSA Practice),0.859,advanced,0.962,0.85,diagnostic_and_practice
LSK00469,LRN0053,SK019,Advanced SQL,0.525,competent,0.458,0.39,diagnostic_and_practice
LSK00470,LRN0053,SK051,Data Modeling,0.704,proficient,0.599,0.48,diagnostic_and_practice
LSK00471,LRN0053,SK053,ETL Fundamentals,0.892,advanced,0.844,0.38,diagnostic_and_practice
LSK00472,LRN0053,SK057,Apache Spark Basics,0.216,novice,0.327,0.78,diagnostic_and_practice
LSK00473,LRN0053,SK054,Data Warehousing,0.436,developing,0.478,0.47,diagnostic_and_practice
LSK00474,LRN0053,SK060,Data Pipeline Design,0.599,competent,0.634,0.59,diagnostic_and_practice
LSK00475,LRN0053,SK001,Python Basics,0.699,proficient,0.762,0.52,diagnostic_and_practice
LSK00476,LRN0053,SK002,Git & Version Control,0.856,advanced,0.802,0.31,diagnostic_and_practice
LSK00477,LRN0053,SK008,Problem Solving (DSA Practice),0.121,novice,0.107,0.33,diagnostic_and_practice
LSK00478,LRN0054,SK041,Linux Fundamentals,0.748,proficient,0.808,0.86,diagnostic_and_practice
LSK00479,LRN0054,SK042,Cloud Computing Basics,0.913,advanced,0.953,0.5,diagnostic_and_practice
LSK00480,LRN0054,SK044,AWS Core Services,0.054,novice,0.05,0.31,diagnostic_and_practice
LSK00481,LRN0054,SK045,Docker Fundamentals,0.442,developing,0.391,0.64,diagnostic_and_practice
LSK00482,LRN0054,SK047,Kubernetes Basics,0.509,competent,0.548,0.71,diagnostic_and_practice
LSK00483,LRN0054,SK048,CI/CD Pipelines,0.748,proficient,0.735,0.41,diagnostic_and_practice
LSK00484,LRN0054,SK001,Python Basics,0.881,advanced,0.877,0.72,diagnostic_and_practice
LSK00485,LRN0054,SK002,Git & Version Control,0.128,novice,0.209,0.67,diagnostic_and_practice
LSK00486,LRN0054,SK008,Problem Solving (DSA Practice),0.359,developing,0.462,0.52,diagnostic_and_practice
LSK00487,LRN0055,SK012,SQL Basics,0.883,advanced,0.764,0.88,diagnostic_and_practice
LSK00488,LRN0055,SK019,Advanced SQL,0.103,novice,0.173,0.44,diagnostic_and_practice
LSK00489,LRN0055,SK013,Excel for Data Analysis,0.418,developing,0.447,0.52,diagnostic_and_practice
LSK00490,LRN0055,SK016,Data Visualization,0.625,competent,0.619,0.76,diagnostic_and_practice
LSK00491,LRN0055,SK011,Descriptive Statistics,0.723,proficient,0.833,0.78,diagnostic_and_practice
LSK00492,LRN0055,SK018,Exploratory Data Analysis,0.854,advanced,0.815,0.42,diagnostic_and_practice
LSK00493,LRN0055,SK001,Python Basics,0.149,novice,0.17,0.33,diagnostic_and_practice
LSK00494,LRN0055,SK002,Git & Version Control,0.289,developing,0.382,0.57,diagnostic_and_practice
LSK00495,LRN0055,SK008,Problem Solving (DSA Practice),0.634,competent,0.522,0.8,diagnostic_and_practice
LSK00496,LRN0056,SK003,Python Data Structures,0.206,novice,0.324,0.52,diagnostic_and_practice
LSK00497,LRN0056,SK017,Inferential Statistics,0.375,developing,0.382,0.87,diagnostic_and_practice
LSK00498,LRN0056,SK021,ML Foundations,0.565,competent,0.677,0.36,diagnostic_and_practice
LSK00499,LRN0056,SK022,Regression Techniques,0.733,proficient,0.717,0.47,diagnostic_and_practice
LSK00500,LRN0056,SK023,Classification Techniques,0.912,advanced,0.98,0.43,diagnostic_and_practice
LSK00501,LRN0056,SK024,Model Evaluation,0.123,novice,0.05,0.73,diagnostic_and_practice
LSK00502,LRN0056,SK001,Python Basics,0.373,developing,0.338,0.79,diagnostic_and_practice
LSK00503,LRN0056,SK002,Git & Version Control,0.612,competent,0.652,0.84,diagnostic_and_practice
LSK00504,LRN0056,SK008,Problem Solving (DSA Practice),0.711,proficient,0.691,0.81,diagnostic_and_practice
LSK00505,LRN0057,SK021,ML Foundations,0.334,developing,0.317,0.35,diagnostic_and_practice
LSK00506,LRN0057,SK025,Feature Engineering,0.51,competent,0.574,0.82,diagnostic_and_practice
LSK00507,LRN0057,SK027,Neural Networks,0.756,proficient,0.829,0.7,diagnostic_and_practice
LSK00508,LRN0057,SK028,Deep Learning,0.86,advanced,0.872,0.68,diagnostic_and_practice
LSK00509,LRN0057,SK050,Model Deployment,0.154,novice,0.12,0.8,diagnostic_and_practice
LSK00510,LRN0057,SK024,Model Evaluation,0.42,developing,0.377,0.72,diagnostic_and_practice
LSK00511,LRN0057,SK001,Python Basics,0.568,competent,0.504,0.48,diagnostic_and_practice
LSK00512,LRN0057,SK002,Git & Version Control,0.837,proficient,0.799,0.35,diagnostic_and_practice
LSK00513,LRN0057,SK008,Problem Solving (DSA Practice),0.882,advanced,0.88,0.84,diagnostic_and_practice
LSK00514,LRN0058,SK031,HTML & CSS,0.648,competent,0.558,0.42,diagnostic_and_practice
LSK00515,LRN0058,SK032,JavaScript Basics,0.668,proficient,0.737,0.75,diagnostic_and_practice
LSK00516,LRN0058,SK035,React Fundamentals,0.886,advanced,0.82,0.73,diagnostic_and_practice
LSK00517,LRN0058,SK036,Node.js Basics,0.053,novice,0.057,0.77,diagnostic_and_practice
LSK00518,LRN0058,SK037,REST API Design,0.315,developing,0.391,0.64,diagnostic_and_practice
LSK00519,LRN0058,SK034,Database Design (RDBMS),0.465,competent,0.563,0.77,diagnostic_and_practice
LSK00520,LRN0058,SK001,Python Basics,0.727,proficient,0.609,0.47,diagnostic_and_practice
LSK00521,LRN0058,SK002,Git & Version Control,0.891,advanced,0.98,0.65,diagnostic_and_practice
LSK00522,LRN0058,SK008,Problem Solving (DSA Practice),0.21,novice,0.266,0.38,diagnostic_and_practice
LSK00523,LRN0059,SK019,Advanced SQL,0.831,proficient,0.749,0.32,diagnostic_and_practice
LSK00524,LRN0059,SK051,Data Modeling,0.929,advanced,0.98,0.76,diagnostic_and_practice
LSK00525,LRN0059,SK053,ETL Fundamentals,0.203,novice,0.104,0.83,diagnostic_and_practice
LSK00526,LRN0059,SK057,Apache Spark Basics,0.358,developing,0.469,0.78,diagnostic_and_practice
LSK00527,LRN0059,SK054,Data Warehousing,0.594,competent,0.532,0.54,diagnostic_and_practice
LSK00528,LRN0059,SK060,Data Pipeline Design,0.708,proficient,0.723,0.64,diagnostic_and_practice
LSK00529,LRN0059,SK001,Python Basics,0.948,advanced,0.881,0.68,diagnostic_and_practice
LSK00530,LRN0059,SK002,Git & Version Control,0.086,novice,0.05,0.83,diagnostic_and_practice
LSK00531,LRN0059,SK008,Problem Solving (DSA Practice),0.399,developing,0.309,0.63,diagnostic_and_practice
LSK00532,LRN0060,SK041,Linux Fundamentals,0.886,advanced,0.847,0.84,diagnostic_and_practice
LSK00533,LRN0060,SK042,Cloud Computing Basics,0.118,novice,0.164,0.59,diagnostic_and_practice
LSK00534,LRN0060,SK044,AWS Core Services,0.422,developing,0.433,0.81,diagnostic_and_practice
LSK00535,LRN0060,SK045,Docker Fundamentals,0.539,competent,0.447,0.75,diagnostic_and_practice
LSK00536,LRN0060,SK047,Kubernetes Basics,0.714,proficient,0.709,0.73,diagnostic_and_practice
LSK00537,LRN0060,SK048,CI/CD Pipelines,0.9,advanced,0.964,0.74,diagnostic_and_practice
LSK00538,LRN0060,SK001,Python Basics,0.162,novice,0.125,0.68,diagnostic_and_practice
LSK00539,LRN0060,SK002,Git & Version Control,0.388,developing,0.443,0.65,diagnostic_and_practice
LSK00540,LRN0060,SK008,Problem Solving (DSA Practice),0.529,competent,0.589,0.31,diagnostic_and_practice
LSK00541,LRN0061,SK012,SQL Basics,0.08,novice,0.05,0.66,diagnostic_and_practice
LSK00542,LRN0061,SK019,Advanced SQL,0.353,developing,0.236,0.87,diagnostic_and_practice
LSK00543,LRN0061,SK013,Excel for Data Analysis,0.644,competent,0.568,0.4,diagnostic_and_practice
LSK00544,LRN0061,SK016,Data Visualization,0.676,proficient,0.593,0.61,diagnostic_and_practice
LSK00545,LRN0061,SK011,Descriptive Statistics,0.946,advanced,0.851,0.49,diagnostic_and_practice
LSK00546,LRN0061,SK018,Exploratory Data Analysis,0.157,novice,0.153,0.5,diagnostic_and_practice
LSK00547,LRN0061,SK001,Python Basics,0.436,developing,0.379,0.57,diagnostic_and_practice
LSK00548,LRN0061,SK002,Git & Version Control,0.458,competent,0.476,0.87,diagnostic_and_practice
LSK00549,LRN0061,SK008,Problem Solving (DSA Practice),0.697,proficient,0.788,0.41,diagnostic_and_practice
LSK00550,LRN0062,SK003,Python Data Structures,0.257,developing,0.277,0.41,diagnostic_and_practice
LSK00551,LRN0062,SK017,Inferential Statistics,0.451,competent,0.516,0.53,diagnostic_and_practice
LSK00552,LRN0062,SK021,ML Foundations,0.722,proficient,0.756,0.33,diagnostic_and_practice
LSK00553,LRN0062,SK022,Regression Techniques,0.869,advanced,0.864,0.7,diagnostic_and_practice
LSK00554,LRN0062,SK023,Classification Techniques,0.248,novice,0.234,0.67,diagnostic_and_practice
LSK00555,LRN0062,SK024,Model Evaluation,0.425,developing,0.394,0.37,diagnostic_and_practice
LSK00556,LRN0062,SK001,Python Basics,0.613,competent,0.612,0.83,diagnostic_and_practice
LSK00557,LRN0062,SK002,Git & Version Control,0.773,proficient,0.757,0.37,diagnostic_and_practice
LSK00558,LRN0062,SK008,Problem Solving (DSA Practice),0.911,advanced,0.89,0.71,diagnostic_and_practice
LSK00559,LRN0063,SK021,ML Foundations,0.643,competent,0.583,0.89,diagnostic_and_practice
LSK00560,LRN0063,SK025,Feature Engineering,0.786,proficient,0.713,0.49,diagnostic_and_practice
LSK00561,LRN0063,SK027,Neural Networks,0.895,advanced,0.924,0.32,diagnostic_and_practice
LSK00562,LRN0063,SK028,Deep Learning,0.087,novice,0.134,0.64,diagnostic_and_practice
LSK00563,LRN0063,SK050,Model Deployment,0.275,developing,0.192,0.33,diagnostic_and_practice
LSK00564,LRN0063,SK024,Model Evaluation,0.574,competent,0.684,0.59,diagnostic_and_practice
LSK00565,LRN0063,SK001,Python Basics,0.775,proficient,0.689,0.58,diagnostic_and_practice
LSK00566,LRN0063,SK002,Git & Version Control,0.859,advanced,0.94,0.46,diagnostic_and_practice
LSK00567,LRN0063,SK008,Problem Solving (DSA Practice),0.133,novice,0.161,0.86,diagnostic_and_practice
LSK00568,LRN0064,SK031,HTML & CSS,0.746,proficient,0.77,0.32,diagnostic_and_practice
LSK00569,LRN0064,SK032,JavaScript Basics,0.896,advanced,0.928,0.8,diagnostic_and_practice
LSK00570,LRN0064,SK035,React Fundamentals,0.171,novice,0.195,0.89,diagnostic_and_practice
LSK00571,LRN0064,SK036,Node.js Basics,0.25,developing,0.273,0.64,diagnostic_and_practice
LSK00572,LRN0064,SK037,REST API Design,0.624,competent,0.728,0.77,diagnostic_and_practice
LSK00573,LRN0064,SK034,Database Design (RDBMS),0.662,proficient,0.584,0.72,diagnostic_and_practice
LSK00574,LRN0064,SK001,Python Basics,0.919,advanced,0.855,0.43,diagnostic_and_practice
LSK00575,LRN0064,SK002,Git & Version Control,0.062,novice,0.165,0.59,diagnostic_and_practice
LSK00576,LRN0064,SK008,Problem Solving (DSA Practice),0.337,developing,0.434,0.88,diagnostic_and_practice
LSK00577,LRN0065,SK019,Advanced SQL,0.968,advanced,0.98,0.31,diagnostic_and_practice
LSK00578,LRN0065,SK051,Data Modeling,0.198,novice,0.182,0.69,diagnostic_and_practice
LSK00579,LRN0065,SK053,ETL Fundamentals,0.302,developing,0.419,0.35,diagnostic_and_practice
LSK00580,LRN0065,SK057,Apache Spark Basics,0.579,competent,0.681,0.51,diagnostic_and_practice
LSK00581,LRN0065,SK054,Data Warehousing,0.696,proficient,0.724,0.37,diagnostic_and_practice
LSK00582,LRN0065,SK060,Data Pipeline Design,0.853,advanced,0.935,0.66,diagnostic_and_practice
LSK00583,LRN0065,SK001,Python Basics,0.148,novice,0.245,0.66,diagnostic_and_practice
LSK00584,LRN0065,SK002,Git & Version Control,0.429,developing,0.495,0.5,diagnostic_and_practice
LSK00585,LRN0065,SK008,Problem Solving (DSA Practice),0.644,competent,0.563,0.74,diagnostic_and_practice
LSK00586,LRN0066,SK041,Linux Fundamentals,0.19,novice,0.109,0.8,diagnostic_and_practice
LSK00587,LRN0066,SK042,Cloud Computing Basics,0.416,developing,0.401,0.72,diagnostic_and_practice
LSK00588,LRN0066,SK044,AWS Core Services,0.528,competent,0.511,0.41,diagnostic_and_practice
LSK00589,LRN0066,SK045,Docker Fundamentals,0.66,proficient,0.658,0.69,diagnostic_and_practice
LSK00590,LRN0066,SK047,Kubernetes Basics,0.9,advanced,0.908,0.53,diagnostic_and_practice
LSK00591,LRN0066,SK048,CI/CD Pipelines,0.228,novice,0.148,0.47,diagnostic_and_practice
LSK00592,LRN0066,SK001,Python Basics,0.305,developing,0.323,0.84,diagnostic_and_practice
LSK00593,LRN0066,SK002,Git & Version Control,0.51,competent,0.463,0.33,diagnostic_and_practice
LSK00594,LRN0066,SK008,Problem Solving (DSA Practice),0.846,proficient,0.856,0.79,diagnostic_and_practice
LSK00595,LRN0067,SK012,SQL Basics,0.26,developing,0.302,0.66,diagnostic_and_practice
LSK00596,LRN0067,SK019,Advanced SQL,0.639,competent,0.752,0.82,diagnostic_and_practice
LSK00597,LRN0067,SK013,Excel for Data Analysis,0.683,proficient,0.706,0.57,diagnostic_and_practice
LSK00598,LRN0067,SK016,Data Visualization,0.918,advanced,0.876,0.48,diagnostic_and_practice
LSK00599,LRN0067,SK011,Descriptive Statistics,0.18,novice,0.234,0.46,diagnostic_and_practice
LSK00600,LRN0067,SK018,Exploratory Data Analysis,0.36,developing,0.336,0.6,diagnostic_and_practice
LSK00601,LRN0067,SK001,Python Basics,0.573,competent,0.526,0.52,diagnostic_and_practice
LSK00602,LRN0067,SK002,Git & Version Control,0.706,proficient,0.679,0.31,diagnostic_and_practice
LSK00603,LRN0067,SK008,Problem Solving (DSA Practice),0.966,advanced,0.876,0.61,diagnostic_and_practice
LSK00604,LRN0068,SK003,Python Data Structures,0.544,competent,0.646,0.79,diagnostic_and_practice
LSK00605,LRN0068,SK017,Inferential Statistics,0.74,proficient,0.776,0.46,diagnostic_and_practice
LSK00606,LRN0068,SK021,ML Foundations,0.903,advanced,0.98,0.76,diagnostic_and_practice
LSK00607,LRN0068,SK022,Regression Techniques,0.072,novice,0.05,0.75,diagnostic_and_practice
LSK00608,LRN0068,SK023,Classification Techniques,0.449,developing,0.45,0.9,diagnostic_and_practice
LSK00609,LRN0068,SK024,Model Evaluation,0.615,competent,0.517,0.77,diagnostic_and_practice
LSK00610,LRN0068,SK001,Python Basics,0.814,proficient,0.725,0.46,diagnostic_and_practice
LSK00611,LRN0068,SK002,Git & Version Control,0.857,advanced,0.79,0.79,diagnostic_and_practice
LSK00612,LRN0068,SK008,Problem Solving (DSA Practice),0.149,novice,0.26,0.69,diagnostic_and_practice
LSK00613,LRN0069,SK021,ML Foundations,0.8,proficient,0.772,0.34,diagnostic_and_practice
LSK00614,LRN0069,SK025,Feature Engineering,0.915,advanced,0.925,0.81,diagnostic_and_practice
LSK00615,LRN0069,SK027,Neural Networks,0.13,novice,0.126,0.57,diagnostic_and_practice
LSK00616,LRN0069,SK028,Deep Learning,0.393,developing,0.4,0.46,diagnostic_and_practice
LSK00617,LRN0069,SK050,Model Deployment,0.467,competent,0.528,0.38,diagnostic_and_practice
LSK00618,LRN0069,SK024,Model Evaluation,0.843,proficient,0.763,0.42,diagnostic_and_practice
LSK00619,LRN0069,SK001,Python Basics,0.926,advanced,0.98,0.5,diagnostic_and_practice
LSK00620,LRN0069,SK002,Git & Version Control,0.126,novice,0.099,0.85,diagnostic_and_practice
LSK00621,LRN0069,SK008,Problem Solving (DSA Practice),0.325,developing,0.259,0.39,diagnostic_and_practice
LSK00622,LRN0070,SK031,HTML & CSS,0.967,advanced,0.868,0.8,diagnostic_and_practice
LSK00623,LRN0070,SK032,JavaScript Basics,0.091,novice,0.053,0.38,diagnostic_and_practice
LSK00624,LRN0070,SK035,React Fundamentals,0.393,developing,0.363,0.54,diagnostic_and_practice
LSK00625,LRN0070,SK036,Node.js Basics,0.625,competent,0.648,0.32,diagnostic_and_practice
LSK00626,LRN0070,SK037,REST API Design,0.801,proficient,0.858,0.87,diagnostic_and_practice
LSK00627,LRN0070,SK034,Database Design (RDBMS),0.966,advanced,0.98,0.59,diagnostic_and_practice
LSK00628,LRN0070,SK001,Python Basics,0.133,novice,0.156,0.77,diagnostic_and_practice
LSK00629,LRN0070,SK002,Git & Version Control,0.39,developing,0.358,0.69,diagnostic_and_practice
LSK00630,LRN0070,SK008,Problem Solving (DSA Practice),0.616,competent,0.506,0.3,diagnostic_and_practice
LSK00631,LRN0071,SK019,Advanced SQL,0.147,novice,0.228,0.62,diagnostic_and_practice
LSK00632,LRN0071,SK051,Data Modeling,0.394,developing,0.449,0.76,diagnostic_and_practice
LSK00633,LRN0071,SK053,ETL Fundamentals,0.453,competent,0.554,0.58,diagnostic_and_practice
LSK00634,LRN0071,SK057,Apache Spark Basics,0.778,proficient,0.738,0.53,diagnostic_and_practice
LSK00635,LRN0071,SK054,Data Warehousing,0.86,advanced,0.892,0.72,diagnostic_and_practice
LSK00636,LRN0071,SK060,Data Pipeline Design,0.149,novice,0.125,0.33,diagnostic_and_practice
LSK00637,LRN0071,SK001,Python Basics,0.356,developing,0.28,0.61,diagnostic_and_practice
LSK00638,LRN0071,SK002,Git & Version Control,0.468,competent,0.567,0.87,diagnostic_and_practice
LSK00639,LRN0071,SK008,Problem Solving (DSA Practice),0.682,proficient,0.643,0.62,diagnostic_and_practice
LSK00640,LRN0072,SK041,Linux Fundamentals,0.334,developing,0.397,0.72,diagnostic_and_practice
LSK00641,LRN0072,SK042,Cloud Computing Basics,0.472,competent,0.525,0.43,diagnostic_and_practice
LSK00642,LRN0072,SK044,AWS Core Services,0.797,proficient,0.872,0.84,diagnostic_and_practice
LSK00643,LRN0072,SK045,Docker Fundamentals,0.861,advanced,0.824,0.31,diagnostic_and_practice
LSK00644,LRN0072,SK047,Kubernetes Basics,0.212,novice,0.144,0.45,diagnostic_and_practice
LSK00645,LRN0072,SK048,CI/CD Pipelines,0.262,developing,0.202,0.83,diagnostic_and_practice
LSK00646,LRN0072,SK001,Python Basics,0.507,competent,0.449,0.85,diagnostic_and_practice
LSK00647,LRN0072,SK002,Git & Version Control,0.715,proficient,0.713,0.66,diagnostic_and_practice
LSK00648,LRN0072,SK008,Problem Solving (DSA Practice),0.93,advanced,0.844,0.68,diagnostic_and_practice
LSK00649,LRN0073,SK012,SQL Basics,0.457,competent,0.406,0.83,diagnostic_and_practice
LSK00650,LRN0073,SK019,Advanced SQL,0.846,proficient,0.885,0.47,diagnostic_and_practice
LSK00651,LRN0073,SK013,Excel for Data Analysis,0.898,advanced,0.918,0.63,diagnostic_and_practice
LSK00652,LRN0073,SK016,Data Visualization,0.163,novice,0.159,0.64,diagnostic_and_practice
LSK00653,LRN0073,SK011,Descriptive Statistics,0.324,developing,0.276,0.85,diagnostic_and_practice
LSK00654,LRN0073,SK018,Exploratory Data Analysis,0.482,competent,0.45,0.62,diagnostic_and_practice
LSK00655,LRN0073,SK001,Python Basics,0.804,proficient,0.718,0.53,diagnostic_and_practice
LSK00656,LRN0073,SK002,Git & Version Control,0.952,advanced,0.89,0.88,diagnostic_and_practice
LSK00657,LRN0073,SK008,Problem Solving (DSA Practice),0.164,novice,0.279,0.76,diagnostic_and_practice
LSK00658,LRN0074,SK003,Python Data Structures,0.669,proficient,0.736,0.61,diagnostic_and_practice
LSK00659,LRN0074,SK017,Inferential Statistics,0.931,advanced,0.949,0.74,diagnostic_and_practice
LSK00660,LRN0074,SK021,ML Foundations,0.208,novice,0.227,0.9,diagnostic_and_practice
LSK00661,LRN0074,SK022,Regression Techniques,0.314,developing,0.326,0.33,diagnostic_and_practice
LSK00662,LRN0074,SK023,Classification Techniques,0.463,competent,0.349,0.86,diagnostic_and_practice
LSK00663,LRN0074,SK024,Model Evaluation,0.746,proficient,0.747,0.87,diagnostic_and_practice
LSK00664,LRN0074,SK001,Python Basics,0.886,advanced,0.98,0.3,diagnostic_and_practice
LSK00665,LRN0074,SK002,Git & Version Control,0.21,novice,0.175,0.84,diagnostic_and_practice
LSK00666,LRN0074,SK008,Problem Solving (DSA Practice),0.253,developing,0.156,0.62,diagnostic_and_practice
LSK00667,LRN0075,SK021,ML Foundations,0.891,advanced,0.922,0.75,diagnostic_and_practice
LSK00668,LRN0075,SK025,Feature Engineering,0.058,novice,0.05,0.57,diagnostic_and_practice
LSK00669,LRN0075,SK027,Neural Networks,0.315,developing,0.423,0.77,diagnostic_and_practice
LSK00670,LRN0075,SK028,Deep Learning,0.549,competent,0.609,0.81,diagnostic_and_practice
LSK00671,LRN0075,SK050,Model Deployment,0.698,proficient,0.739,0.58,diagnostic_and_practice
LSK00672,LRN0075,SK024,Model Evaluation,0.952,advanced,0.933,0.64,diagnostic_and_practice
LSK00673,LRN0075,SK001,Python Basics,0.05,novice,0.13,0.62,diagnostic_and_practice
LSK00674,LRN0075,SK002,Git & Version Control,0.252,developing,0.362,0.59,diagnostic_and_practice
LSK00675,LRN0075,SK008,Problem Solving (DSA Practice),0.52,competent,0.512,0.46,diagnostic_and_practice
LSK00676,LRN0076,SK031,HTML & CSS,0.102,novice,0.13,0.86,diagnostic_and_practice
LSK00677,LRN0076,SK032,JavaScript Basics,0.437,developing,0.394,0.52,diagnostic_and_practice
LSK00678,LRN0076,SK035,React Fundamentals,0.638,competent,0.729,0.56,diagnostic_and_practice
LSK00679,LRN0076,SK036,Node.js Basics,0.83,proficient,0.9,0.65,diagnostic_and_practice
LSK00680,LRN0076,SK037,REST API Design,0.941,advanced,0.98,0.71,diagnostic_and_practice
LSK00681,LRN0076,SK034,Database Design (RDBMS),0.197,novice,0.116,0.61,diagnostic_and_practice
LSK00682,LRN0076,SK001,Python Basics,0.339,developing,0.39,0.75,diagnostic_and_practice
LSK00683,LRN0076,SK002,Git & Version Control,0.481,competent,0.595,0.75,diagnostic_and_practice
LSK00684,LRN0076,SK008,Problem Solving (DSA Practice),0.664,proficient,0.584,0.65,diagnostic_and_practice
LSK00685,LRN0077,SK019,Advanced SQL,0.254,developing,0.151,0.32,diagnostic_and_practice
LSK00686,LRN0077,SK051,Data Modeling,0.456,competent,0.482,0.9,diagnostic_and_practice
LSK00687,LRN0077,SK053,ETL Fundamentals,0.752,proficient,0.734,0.48,diagnostic_and_practice
LSK00688,LRN0077,SK057,Apache Spark Basics,0.966,advanced,0.98,0.47,diagnostic_and_practice
LSK00689,LRN0077,SK054,Data Warehousing,0.207,novice,0.098,0.45,diagnostic_and_practice
LSK00690,LRN0077,SK060,Data Pipeline Design,0.345,developing,0.259,0.41,diagnostic_and_practice
LSK00691,LRN0077,SK001,Python Basics,0.56,competent,0.475,0.49,diagnostic_and_practice
LSK00692,LRN0077,SK002,Git & Version Control,0.796,proficient,0.7,0.55,diagnostic_and_practice
LSK00693,LRN0077,SK008,Problem Solving (DSA Practice),0.927,advanced,0.98,0.78,diagnostic_and_practice
LSK00694,LRN0078,SK041,Linux Fundamentals,0.62,competent,0.706,0.8,diagnostic_and_practice
LSK00695,LRN0078,SK042,Cloud Computing Basics,0.826,proficient,0.773,0.86,diagnostic_and_practice
LSK00696,LRN0078,SK044,AWS Core Services,0.906,advanced,0.867,0.89,diagnostic_and_practice
LSK00697,LRN0078,SK045,Docker Fundamentals,0.176,novice,0.146,0.68,diagnostic_and_practice
LSK00698,LRN0078,SK047,Kubernetes Basics,0.35,developing,0.383,0.36,diagnostic_and_practice
LSK00699,LRN0078,SK048,CI/CD Pipelines,0.518,competent,0.609,0.58,diagnostic_and_practice
LSK00700,LRN0078,SK001,Python Basics,0.74,proficient,0.631,0.33,diagnostic_and_practice
LSK00701,LRN0078,SK002,Git & Version Control,0.942,advanced,0.893,0.55,diagnostic_and_practice
LSK00702,LRN0078,SK008,Problem Solving (DSA Practice),0.087,novice,0.05,0.84,diagnostic_and_practice
LSK00703,LRN0079,SK012,SQL Basics,0.849,proficient,0.73,0.31,diagnostic_and_practice
LSK00704,LRN0079,SK019,Advanced SQL,0.948,advanced,0.976,0.44,diagnostic_and_practice
LSK00705,LRN0079,SK013,Excel for Data Analysis,0.192,novice,0.213,0.48,diagnostic_and_practice
LSK00706,LRN0079,SK016,Data Visualization,0.44,developing,0.446,0.62,diagnostic_and_practice
LSK00707,LRN0079,SK011,Descriptive Statistics,0.636,competent,0.744,0.53,diagnostic_and_practice
LSK00708,LRN0079,SK018,Exploratory Data Analysis,0.85,proficient,0.922,0.73,diagnostic_and_practice
LSK00709,LRN0079,SK001,Python Basics,0.918,advanced,0.824,0.46,diagnostic_and_practice
LSK00710,LRN0079,SK002,Git & Version Control,0.054,novice,0.162,0.46,diagnostic_and_practice
LSK00711,LRN0079,SK008,Problem Solving (DSA Practice),0.311,developing,0.245,0.79,diagnostic_and_practice
LSK00712,LRN0080,SK003,Python Data Structures,0.87,advanced,0.782,0.57,diagnostic_and_practice
LSK00713,LRN0080,SK017,Inferential Statistics,0.052,novice,0.05,0.63,diagnostic_and_practice
LSK00714,LRN0080,SK021,ML Foundations,0.411,developing,0.41,0.41,diagnostic_and_practice
LSK00715,LRN0080,SK022,Regression Techniques,0.585,competent,0.632,0.59,diagnostic_and_practice
LSK00716,LRN0080,SK023,Classification Techniques,0.8,proficient,0.818,0.42,diagnostic_and_practice
LSK00717,LRN0080,SK024,Model Evaluation,0.908,advanced,0.885,0.77,diagnostic_and_practice
LSK00718,LRN0080,SK001,Python Basics,0.152,novice,0.083,0.7,diagnostic_and_practice
LSK00719,LRN0080,SK002,Git & Version Control,0.346,developing,0.318,0.79,diagnostic_and_practice
LSK00720,LRN0080,SK008,Problem Solving (DSA Practice),0.644,competent,0.728,0.32,diagnostic_and_practice
LSK00721,LRN0081,SK021,ML Foundations,0.236,novice,0.124,0.42,diagnostic_and_practice
LSK00722,LRN0081,SK025,Feature Engineering,0.36,developing,0.247,0.45,diagnostic_and_practice
LSK00723,LRN0081,SK027,Neural Networks,0.565,competent,0.446,0.73,diagnostic_and_practice
LSK00724,LRN0081,SK028,Deep Learning,0.834,proficient,0.723,0.32,diagnostic_and_practice
LSK00725,LRN0081,SK050,Model Deployment,0.88,advanced,0.98,0.88,diagnostic_and_practice
LSK00726,LRN0081,SK024,Model Evaluation,0.202,novice,0.173,0.67,diagnostic_and_practice
LSK00727,LRN0081,SK001,Python Basics,0.397,developing,0.307,0.44,diagnostic_and_practice
LSK00728,LRN0081,SK002,Git & Version Control,0.488,competent,0.426,0.74,diagnostic_and_practice
LSK00729,LRN0081,SK008,Problem Solving (DSA Practice),0.743,proficient,0.812,0.45,diagnostic_and_practice
LSK00730,LRN0082,SK031,HTML & CSS,0.341,developing,0.302,0.41,diagnostic_and_practice
LSK00731,LRN0082,SK032,JavaScript Basics,0.54,competent,0.628,0.84,diagnostic_and_practice
LSK00732,LRN0082,SK035,React Fundamentals,0.694,proficient,0.733,0.73,diagnostic_and_practice
LSK00733,LRN0082,SK036,Node.js Basics,0.944,advanced,0.98,0.66,diagnostic_and_practice
LSK00734,LRN0082,SK037,REST API Design,0.169,novice,0.222,0.78,diagnostic_and_practice
LSK00735,LRN0082,SK034,Database Design (RDBMS),0.444,developing,0.498,0.41,diagnostic_and_practice
LSK00736,LRN0082,SK001,Python Basics,0.574,competent,0.515,0.39,diagnostic_and_practice
LSK00737,LRN0082,SK002,Git & Version Control,0.711,proficient,0.793,0.76,diagnostic_and_practice
LSK00738,LRN0082,SK008,Problem Solving (DSA Practice),0.913,advanced,0.842,0.38,diagnostic_and_practice
LSK00739,LRN0083,SK019,Advanced SQL,0.581,competent,0.557,0.67,diagnostic_and_practice
LSK00740,LRN0083,SK051,Data Modeling,0.803,proficient,0.815,0.75,diagnostic_and_practice
LSK00741,LRN0083,SK053,ETL Fundamentals,0.918,advanced,0.918,0.44,diagnostic_and_practice
LSK00742,LRN0083,SK057,Apache Spark Basics,0.225,novice,0.243,0.48,diagnostic_and_practice
LSK00743,LRN0083,SK054,Data Warehousing,0.264,developing,0.16,0.39,diagnostic_and_practice
LSK00744,LRN0083,SK060,Data Pipeline Design,0.583,competent,0.556,0.81,diagnostic_and_practice
LSK00745,LRN0083,SK001,Python Basics,0.765,proficient,0.731,0.82,diagnostic_and_practice
LSK00746,LRN0083,SK002,Git & Version Control,0.904,advanced,0.98,0.46,diagnostic_and_practice
LSK00747,LRN0083,SK008,Problem Solving (DSA Practice),0.144,novice,0.181,0.41,diagnostic_and_practice
LSK00748,LRN0084,SK041,Linux Fundamentals,0.74,proficient,0.654,0.87,diagnostic_and_practice
LSK00749,LRN0084,SK042,Cloud Computing Basics,0.895,advanced,0.93,0.78,diagnostic_and_practice
LSK00750,LRN0084,SK044,AWS Core Services,0.219,novice,0.102,0.73,diagnostic_and_practice
LSK00751,LRN0084,SK045,Docker Fundamentals,0.336,developing,0.254,0.58,diagnostic_and_practice
LSK00752,LRN0084,SK047,Kubernetes Basics,0.545,competent,0.496,0.56,diagnostic_and_practice
LSK00753,LRN0084,SK048,CI/CD Pipelines,0.677,proficient,0.712,0.54,diagnostic_and_practice
LSK00754,LRN0084,SK001,Python Basics,0.885,advanced,0.98,0.73,diagnostic_and_practice
LSK00755,LRN0084,SK002,Git & Version Control,0.18,novice,0.282,0.64,diagnostic_and_practice
LSK00756,LRN0084,SK008,Problem Solving (DSA Practice),0.295,developing,0.265,0.61,diagnostic_and_practice
LSK00757,LRN0085,SK012,SQL Basics,0.94,advanced,0.915,0.77,diagnostic_and_practice
LSK00758,LRN0085,SK019,Advanced SQL,0.108,novice,0.178,0.53,diagnostic_and_practice
LSK00759,LRN0085,SK013,Excel for Data Analysis,0.34,developing,0.407,0.5,diagnostic_and_practice
LSK00760,LRN0085,SK016,Data Visualization,0.484,competent,0.396,0.85,diagnostic_and_practice
LSK00761,LRN0085,SK011,Descriptive Statistics,0.739,proficient,0.849,0.84,diagnostic_and_practice
LSK00762,LRN0085,SK018,Exploratory Data Analysis,0.889,advanced,0.867,0.6,diagnostic_and_practice
LSK00763,LRN0085,SK001,Python Basics,0.242,novice,0.288,0.7,diagnostic_and_practice
LSK00764,LRN0085,SK002,Git & Version Control,0.417,developing,0.533,0.68,diagnostic_and_practice
LSK00765,LRN0085,SK008,Problem Solving (DSA Practice),0.503,competent,0.473,0.72,diagnostic_and_practice
LSK00766,LRN0086,SK003,Python Data Structures,0.188,novice,0.188,0.49,diagnostic_and_practice
LSK00767,LRN0086,SK017,Inferential Statistics,0.314,developing,0.387,0.54,diagnostic_and_practice
LSK00768,LRN0086,SK021,ML Foundations,0.553,competent,0.508,0.36,diagnostic_and_practice
LSK00769,LRN0086,SK022,Regression Techniques,0.684,proficient,0.693,0.51,diagnostic_and_practice
LSK00770,LRN0086,SK023,Classification Techniques,0.959,advanced,0.98,0.45,diagnostic_and_practice
LSK00771,LRN0086,SK024,Model Evaluation,0.167,novice,0.166,0.6,diagnostic_and_practice
LSK00772,LRN0086,SK001,Python Basics,0.314,developing,0.42,0.41,diagnostic_and_practice
LSK00773,LRN0086,SK002,Git & Version Control,0.645,competent,0.598,0.46,diagnostic_and_practice
LSK00774,LRN0086,SK008,Problem Solving (DSA Practice),0.826,proficient,0.774,0.75,diagnostic_and_practice
LSK00775,LRN0087,SK021,ML Foundations,0.274,developing,0.376,0.59,diagnostic_and_practice
LSK00776,LRN0087,SK025,Feature Engineering,0.611,competent,0.634,0.88,diagnostic_and_practice
LSK00777,LRN0087,SK027,Neural Networks,0.772,proficient,0.804,0.81,diagnostic_and_practice
LSK00778,LRN0087,SK028,Deep Learning,0.945,advanced,0.98,0.76,diagnostic_and_practice
LSK00779,LRN0087,SK050,Model Deployment,0.195,novice,0.137,0.53,diagnostic_and_practice
LSK00780,LRN0087,SK024,Model Evaluation,0.44,developing,0.521,0.35,diagnostic_and_practice
LSK00781,LRN0087,SK001,Python Basics,0.626,competent,0.717,0.86,diagnostic_and_practice
LSK00782,LRN0087,SK002,Git & Version Control,0.818,proficient,0.911,0.84,diagnostic_and_practice
LSK00783,LRN0087,SK008,Problem Solving (DSA Practice),0.909,advanced,0.98,0.65,diagnostic_and_practice
LSK00784,LRN0088,SK031,HTML & CSS,0.565,competent,0.511,0.53,diagnostic_and_practice
LSK00785,LRN0088,SK032,JavaScript Basics,0.72,proficient,0.752,0.79,diagnostic_and_practice
LSK00786,LRN0088,SK035,React Fundamentals,0.93,advanced,0.98,0.67,diagnostic_and_practice
LSK00787,LRN0088,SK036,Node.js Basics,0.07,novice,0.116,0.83,diagnostic_and_practice
LSK00788,LRN0088,SK037,REST API Design,0.297,developing,0.276,0.51,diagnostic_and_practice
LSK00789,LRN0088,SK034,Database Design (RDBMS),0.605,competent,0.721,0.82,diagnostic_and_practice
LSK00790,LRN0088,SK001,Python Basics,0.654,proficient,0.76,0.82,diagnostic_and_practice
LSK00791,LRN0088,SK002,Git & Version Control,0.87,advanced,0.952,0.32,diagnostic_and_practice
LSK00792,LRN0088,SK008,Problem Solving (DSA Practice),0.069,novice,0.05,0.75,diagnostic_and_practice
LSK00793,LRN0089,SK019,Advanced SQL,0.702,proficient,0.789,0.35,diagnostic_and_practice
LSK00794,LRN0089,SK051,Data Modeling,0.853,advanced,0.951,0.47,diagnostic_and_practice
LSK00795,LRN0089,SK053,ETL Fundamentals,0.068,novice,0.152,0.65,diagnostic_and_practice
LSK00796,LRN0089,SK057,Apache Spark Basics,0.362,developing,0.464,0.74,diagnostic_and_practice
LSK00797,LRN0089,SK054,Data Warehousing,0.575,competent,0.641,0.39,diagnostic_and_practice
LSK00798,LRN0089,SK060,Data Pipeline Design,0.767,proficient,0.683,0.53,diagnostic_and_practice
LSK00799,LRN0089,SK001,Python Basics,0.95,advanced,0.907,0.65,diagnostic_and_practice
LSK00800,LRN0089,SK002,Git & Version Control,0.09,novice,0.1,0.68,diagnostic_and_practice
LSK00801,LRN0089,SK008,Problem Solving (DSA Practice),0.253,developing,0.364,0.61,diagnostic_and_practice
LSK00802,LRN0090,SK041,Linux Fundamentals,0.87,advanced,0.752,0.3,diagnostic_and_practice
LSK00803,LRN0090,SK042,Cloud Computing Basics,0.215,novice,0.331,0.78,diagnostic_and_practice
LSK00804,LRN0090,SK044,AWS Core Services,0.377,developing,0.496,0.71,diagnostic_and_practice
LSK00805,LRN0090,SK045,Docker Fundamentals,0.595,competent,0.533,0.32,diagnostic_and_practice
LSK00806,LRN0090,SK047,Kubernetes Basics,0.783,proficient,0.749,0.42,diagnostic_and_practice
LSK00807,LRN0090,SK048,CI/CD Pipelines,0.929,advanced,0.98,0.79,diagnostic_and_practice
LSK00808,LRN0090,SK001,Python Basics,0.168,novice,0.073,0.79,diagnostic_and_practice
LSK00809,LRN0090,SK002,Git & Version Control,0.325,developing,0.433,0.58,diagnostic_and_practice
LSK00810,LRN0090,SK008,Problem Solving (DSA Practice),0.484,competent,0.455,0.5,diagnostic_and_practice
LSK00811,LRN0091,SK012,SQL Basics,0.112,novice,0.05,0.88,diagnostic_and_practice
LSK00812,LRN0091,SK019,Advanced SQL,0.399,developing,0.425,0.65,diagnostic_and_practice
LSK00813,LRN0091,SK013,Excel for Data Analysis,0.601,competent,0.506,0.32,diagnostic_and_practice
LSK00814,LRN0091,SK016,Data Visualization,0.662,proficient,0.633,0.89,diagnostic_and_practice
LSK00815,LRN0091,SK011,Descriptive Statistics,0.947,advanced,0.972,0.6,diagnostic_and_practice
LSK00816,LRN0091,SK018,Exploratory Data Analysis,0.106,novice,0.05,0.7,diagnostic_and_practice
LSK00817,LRN0091,SK001,Python Basics,0.367,developing,0.471,0.63,diagnostic_and_practice
LSK00818,LRN0091,SK002,Git & Version Control,0.548,competent,0.532,0.43,diagnostic_and_practice
LSK00819,LRN0091,SK008,Problem Solving (DSA Practice),0.734,proficient,0.624,0.61,diagnostic_and_practice
LSK00820,LRN0092,SK003,Python Data Structures,0.338,developing,0.251,0.36,diagnostic_and_practice
LSK00821,LRN0092,SK017,Inferential Statistics,0.499,competent,0.425,0.41,diagnostic_and_practice
LSK00822,LRN0092,SK021,ML Foundations,0.771,proficient,0.691,0.87,diagnostic_and_practice
LSK00823,LRN0092,SK022,Regression Techniques,0.948,advanced,0.98,0.32,diagnostic_and_practice
LSK00824,LRN0092,SK023,Classification Techniques,0.086,novice,0.129,0.86,diagnostic_and_practice
LSK00825,LRN0092,SK024,Model Evaluation,0.357,developing,0.266,0.87,diagnostic_and_practice
LSK00826,LRN0092,SK001,Python Basics,0.535,competent,0.454,0.74,diagnostic_and_practice
LSK00827,LRN0092,SK002,Git & Version Control,0.787,proficient,0.863,0.5,diagnostic_and_practice
LSK00828,LRN0092,SK008,Problem Solving (DSA Practice),0.888,advanced,0.961,0.7,diagnostic_and_practice
LSK00829,LRN0093,SK021,ML Foundations,0.615,competent,0.63,0.43,diagnostic_and_practice
LSK00830,LRN0093,SK025,Feature Engineering,0.669,proficient,0.569,0.88,diagnostic_and_practice
LSK00831,LRN0093,SK027,Neural Networks,0.963,advanced,0.951,0.77,diagnostic_and_practice
LSK00832,LRN0093,SK028,Deep Learning,0.228,novice,0.24,0.65,diagnostic_and_practice
LSK00833,LRN0093,SK050,Model Deployment,0.297,developing,0.307,0.88,diagnostic_and_practice
LSK00834,LRN0093,SK024,Model Evaluation,0.576,competent,0.651,0.83,diagnostic_and_practice
LSK00835,LRN0093,SK001,Python Basics,0.776,proficient,0.798,0.84,diagnostic_and_practice
LSK00836,LRN0093,SK002,Git & Version Control,0.873,advanced,0.947,0.41,diagnostic_and_practice
LSK00837,LRN0093,SK008,Problem Solving (DSA Practice),0.091,novice,0.187,0.77,diagnostic_and_practice
LSK00838,LRN0094,SK031,HTML & CSS,0.69,proficient,0.687,0.53,diagnostic_and_practice
LSK00839,LRN0094,SK032,JavaScript Basics,0.939,advanced,0.866,0.58,diagnostic_and_practice
LSK00840,LRN0094,SK035,React Fundamentals,0.149,novice,0.164,0.49,diagnostic_and_practice
LSK00841,LRN0094,SK036,Node.js Basics,0.361,developing,0.375,0.36,diagnostic_and_practice
LSK00842,LRN0094,SK037,REST API Design,0.456,competent,0.543,0.72,diagnostic_and_practice
LSK00843,LRN0094,SK034,Database Design (RDBMS),0.772,proficient,0.878,0.89,diagnostic_and_practice
LSK00844,LRN0094,SK001,Python Basics,0.94,advanced,0.858,0.44,diagnostic_and_practice
LSK00845,LRN0094,SK002,Git & Version Control,0.204,novice,0.315,0.4,diagnostic_and_practice
LSK00846,LRN0094,SK008,Problem Solving (DSA Practice),0.315,developing,0.291,0.52,diagnostic_and_practice
LSK00847,LRN0095,SK019,Advanced SQL,0.891,advanced,0.876,0.86,diagnostic_and_practice
LSK00848,LRN0095,SK051,Data Modeling,0.062,novice,0.136,0.5,diagnostic_and_practice
LSK00849,LRN0095,SK053,ETL Fundamentals,0.345,developing,0.381,0.71,diagnostic_and_practice
LSK00850,LRN0095,SK057,Apache Spark Basics,0.541,competent,0.485,0.63,diagnostic_and_practice
LSK00851,LRN0095,SK054,Data Warehousing,0.823,proficient,0.764,0.49,diagnostic_and_practice
LSK00852,LRN0095,SK060,Data Pipeline Design,0.909,advanced,0.791,0.7,diagnostic_and_practice
LSK00853,LRN0095,SK001,Python Basics,0.204,novice,0.174,0.58,diagnostic_and_practice
LSK00854,LRN0095,SK002,Git & Version Control,0.418,developing,0.516,0.61,diagnostic_and_practice
LSK00855,LRN0095,SK008,Problem Solving (DSA Practice),0.465,competent,0.577,0.75,diagnostic_and_practice
LSK00856,LRN0096,SK041,Linux Fundamentals,0.155,novice,0.14,0.32,diagnostic_and_practice
LSK00857,LRN0096,SK042,Cloud Computing Basics,0.417,developing,0.449,0.45,diagnostic_and_practice
LSK00858,LRN0096,SK044,AWS Core Services,0.471,competent,0.424,0.89,diagnostic_and_practice
LSK00859,LRN0096,SK045,Docker Fundamentals,0.812,proficient,0.736,0.43,diagnostic_and_practice
LSK00860,LRN0096,SK047,Kubernetes Basics,0.898,advanced,0.887,0.71,diagnostic_and_practice
LSK00861,LRN0096,SK048,CI/CD Pipelines,0.063,novice,0.05,0.78,diagnostic_and_practice
LSK00862,LRN0096,SK001,Python Basics,0.349,developing,0.381,0.62,diagnostic_and_practice
LSK00863,LRN0096,SK002,Git & Version Control,0.608,competent,0.707,0.36,diagnostic_and_practice
LSK00864,LRN0096,SK008,Problem Solving (DSA Practice),0.801,proficient,0.712,0.73,diagnostic_and_practice
LSK00865,LRN0097,SK012,SQL Basics,0.44,developing,0.466,0.43,diagnostic_and_practice
LSK00866,LRN0097,SK019,Advanced SQL,0.453,competent,0.494,0.89,diagnostic_and_practice
LSK00867,LRN0097,SK013,Excel for Data Analysis,0.841,proficient,0.795,0.43,diagnostic_and_practice
LSK00868,LRN0097,SK016,Data Visualization,0.893,advanced,0.933,0.54,diagnostic_and_practice
LSK00869,LRN0097,SK011,Descriptive Statistics,0.133,novice,0.21,0.49,diagnostic_and_practice
LSK00870,LRN0097,SK018,Exploratory Data Analysis,0.374,developing,0.358,0.61,diagnostic_and_practice
LSK00871,LRN0097,SK001,Python Basics,0.637,competent,0.521,0.39,diagnostic_and_practice
LSK00872,LRN0097,SK002,Git & Version Control,0.841,proficient,0.747,0.61,diagnostic_and_practice
LSK00873,LRN0097,SK008,Problem Solving (DSA Practice),0.851,advanced,0.779,0.72,diagnostic_and_practice
LSK00874,LRN0098,SK003,Python Data Structures,0.537,competent,0.586,0.7,diagnostic_and_practice
LSK00875,LRN0098,SK017,Inferential Statistics,0.673,proficient,0.747,0.51,diagnostic_and_practice
LSK00876,LRN0098,SK021,ML Foundations,0.923,advanced,0.94,0.63,diagnostic_and_practice
LSK00877,LRN0098,SK022,Regression Techniques,0.113,novice,0.181,0.78,diagnostic_and_practice
LSK00878,LRN0098,SK023,Classification Techniques,0.376,developing,0.473,0.66,diagnostic_and_practice
LSK00879,LRN0098,SK024,Model Evaluation,0.56,competent,0.465,0.54,diagnostic_and_practice
LSK00880,LRN0098,SK001,Python Basics,0.755,proficient,0.8,0.66,diagnostic_and_practice
LSK00881,LRN0098,SK002,Git & Version Control,0.929,advanced,0.905,0.82,diagnostic_and_practice
LSK00882,LRN0098,SK008,Problem Solving (DSA Practice),0.174,novice,0.139,0.87,diagnostic_and_practice
LSK00883,LRN0099,SK021,ML Foundations,0.799,proficient,0.731,0.31,diagnostic_and_practice
LSK00884,LRN0099,SK025,Feature Engineering,0.891,advanced,0.862,0.9,diagnostic_and_practice
LSK00885,LRN0099,SK027,Neural Networks,0.186,novice,0.125,0.78,diagnostic_and_practice
LSK00886,LRN0099,SK028,Deep Learning,0.364,developing,0.459,0.32,diagnostic_and_practice
LSK00887,LRN0099,SK050,Model Deployment,0.526,competent,0.447,0.56,diagnostic_and_practice
LSK00888,LRN0099,SK024,Model Evaluation,0.829,proficient,0.822,0.8,diagnostic_and_practice
LSK00889,LRN0099,SK001,Python Basics,0.963,advanced,0.89,0.37,diagnostic_and_practice
LSK00890,LRN0099,SK002,Git & Version Control,0.12,novice,0.086,0.55,diagnostic_and_practice
LSK00891,LRN0099,SK008,Problem Solving (DSA Practice),0.256,developing,0.252,0.53,diagnostic_and_practice
LSK00892,LRN0100,SK031,HTML & CSS,0.914,advanced,0.946,0.78,diagnostic_and_practice
LSK00893,LRN0100,SK032,JavaScript Basics,0.053,novice,0.07,0.65,diagnostic_and_practice
LSK00894,LRN0100,SK035,React Fundamentals,0.345,developing,0.227,0.35,diagnostic_and_practice
LSK00895,LRN0100,SK036,Node.js Basics,0.647,competent,0.664,0.63,diagnostic_and_practice
LSK00896,LRN0100,SK037,REST API Design,0.786,proficient,0.698,0.75,diagnostic_and_practice
LSK00897,LRN0100,SK034,Database Design (RDBMS),0.908,advanced,0.92,0.74,diagnostic_and_practice
LSK00898,LRN0100,SK001,Python Basics,0.218,novice,0.259,0.86,diagnostic_and_practice
LSK00899,LRN0100,SK002,Git & Version Control,0.429,developing,0.539,0.53,diagnostic_and_practice
LSK00900,LRN0100,SK008,Problem Solving (DSA Practice),0.551,competent,0.621,0.45,diagnostic_and_practice
LSK00901,LRN0101,SK019,Advanced SQL,0.246,novice,0.28,0.85,diagnostic_and_practice
LSK00902,LRN0101,SK051,Data Modeling,0.337,developing,0.25,0.51,diagnostic_and_practice
LSK00903,LRN0101,SK053,ETL Fundamentals,0.494,competent,0.497,0.34,diagnostic_and_practice
LSK00904,LRN0101,SK057,Apache Spark Basics,0.732,proficient,0.809,0.7,diagnostic_and_practice
LSK00905,LRN0101,SK054,Data Warehousing,0.853,advanced,0.837,0.88,diagnostic_and_practice
LSK00906,LRN0101,SK060,Data Pipeline Design,0.057,novice,0.05,0.89,diagnostic_and_practice
LSK00907,LRN0101,SK001,Python Basics,0.298,developing,0.367,0.57,diagnostic_and_practice
LSK00908,LRN0101,SK002,Git & Version Control,0.632,competent,0.685,0.31,diagnostic_and_practice
LSK00909,LRN0101,SK008,Problem Solving (DSA Practice),0.84,proficient,0.746,0.89,diagnostic_and_practice
LSK00910,LRN0102,SK041,Linux Fundamentals,0.442,developing,0.427,0.41,diagnostic_and_practice
LSK00911,LRN0102,SK042,Cloud Computing Basics,0.623,competent,0.607,0.51,diagnostic_and_practice
LSK00912,LRN0102,SK044,AWS Core Services,0.79,proficient,0.899,0.54,diagnostic_and_practice
LSK00913,LRN0102,SK045,Docker Fundamentals,0.954,advanced,0.9,0.3,diagnostic_and_practice
LSK00914,LRN0102,SK047,Kubernetes Basics,0.128,novice,0.225,0.59,diagnostic_and_practice
LSK00915,LRN0102,SK048,CI/CD Pipelines,0.308,developing,0.271,0.72,diagnostic_and_practice
LSK00916,LRN0102,SK001,Python Basics,0.591,competent,0.546,0.84,diagnostic_and_practice
LSK00917,LRN0102,SK002,Git & Version Control,0.656,proficient,0.678,0.46,diagnostic_and_practice
LSK00918,LRN0102,SK008,Problem Solving (DSA Practice),0.95,advanced,0.849,0.61,diagnostic_and_practice
LSK00919,LRN0103,SK012,SQL Basics,0.558,competent,0.645,0.75,diagnostic_and_practice
LSK00920,LRN0103,SK019,Advanced SQL,0.698,proficient,0.727,0.49,diagnostic_and_practice
LSK00921,LRN0103,SK013,Excel for Data Analysis,0.866,advanced,0.841,0.61,diagnostic_and_practice
LSK00922,LRN0103,SK016,Data Visualization,0.191,novice,0.148,0.77,diagnostic_and_practice
LSK00923,LRN0103,SK011,Descriptive Statistics,0.289,developing,0.382,0.88,diagnostic_and_practice
LSK00924,LRN0103,SK018,Exploratory Data Analysis,0.554,competent,0.46,0.49,diagnostic_and_practice
LSK00925,LRN0103,SK001,Python Basics,0.8,proficient,0.837,0.65,diagnostic_and_practice
LSK00926,LRN0103,SK002,Git & Version Control,0.853,advanced,0.772,0.54,diagnostic_and_practice
LSK00927,LRN0103,SK008,Problem Solving (DSA Practice),0.19,novice,0.086,0.3,diagnostic_and_practice
LSK00928,LRN0104,SK003,Python Data Structures,0.707,proficient,0.67,0.72,diagnostic_and_practice
LSK00929,LRN0104,SK017,Inferential Statistics,0.855,advanced,0.924,0.6,diagnostic_and_practice
LSK00930,LRN0104,SK021,ML Foundations,0.137,novice,0.108,0.54,diagnostic_and_practice
LSK00931,LRN0104,SK022,Regression Techniques,0.444,developing,0.416,0.5,diagnostic_and_practice
LSK00932,LRN0104,SK023,Classification Techniques,0.615,competent,0.599,0.39,diagnostic_and_practice
LSK00933,LRN0104,SK024,Model Evaluation,0.821,proficient,0.926,0.44,diagnostic_and_practice
LSK00934,LRN0104,SK001,Python Basics,0.931,advanced,0.98,0.64,diagnostic_and_practice
LSK00935,LRN0104,SK002,Git & Version Control,0.188,novice,0.227,0.71,diagnostic_and_practice
LSK00936,LRN0104,SK008,Problem Solving (DSA Practice),0.44,developing,0.547,0.59,diagnostic_and_practice
LSK00937,LRN0105,SK021,ML Foundations,0.879,advanced,0.913,0.62,diagnostic_and_practice
LSK00938,LRN0105,SK025,Feature Engineering,0.1,novice,0.05,0.73,diagnostic_and_practice
LSK00939,LRN0105,SK027,Neural Networks,0.279,developing,0.367,0.42,diagnostic_and_practice
LSK00940,LRN0105,SK028,Deep Learning,0.569,competent,0.677,0.31,diagnostic_and_practice
LSK00941,LRN0105,SK050,Model Deployment,0.823,proficient,0.743,0.41,diagnostic_and_practice
LSK00942,LRN0105,SK024,Model Evaluation,0.863,advanced,0.797,0.69,diagnostic_and_practice
LSK00943,LRN0105,SK001,Python Basics,0.174,novice,0.161,0.77,diagnostic_and_practice
LSK00944,LRN0105,SK002,Git & Version Control,0.447,developing,0.525,0.38,diagnostic_and_practice
LSK00945,LRN0105,SK008,Problem Solving (DSA Practice),0.575,competent,0.607,0.43,diagnostic_and_practice
LSK00946,LRN0106,SK031,HTML & CSS,0.235,novice,0.23,0.54,diagnostic_and_practice
LSK00947,LRN0106,SK032,JavaScript Basics,0.316,developing,0.382,0.43,diagnostic_and_practice
LSK00948,LRN0106,SK035,React Fundamentals,0.538,competent,0.553,0.87,diagnostic_and_practice
LSK00949,LRN0106,SK036,Node.js Basics,0.71,proficient,0.792,0.77,diagnostic_and_practice
LSK00950,LRN0106,SK037,REST API Design,0.932,advanced,0.939,0.7,diagnostic_and_practice
LSK00951,LRN0106,SK034,Database Design (RDBMS),0.217,novice,0.3,0.31,diagnostic_and_practice
LSK00952,LRN0106,SK001,Python Basics,0.28,developing,0.334,0.34,diagnostic_and_practice
LSK00953,LRN0106,SK002,Git & Version Control,0.501,competent,0.528,0.41,diagnostic_and_practice
LSK00954,LRN0106,SK008,Problem Solving (DSA Practice),0.718,proficient,0.761,0.89,diagnostic_and_practice
LSK00955,LRN0107,SK019,Advanced SQL,0.411,developing,0.461,0.53,diagnostic_and_practice
LSK00956,LRN0107,SK051,Data Modeling,0.648,competent,0.763,0.69,diagnostic_and_practice
LSK00957,LRN0107,SK053,ETL Fundamentals,0.738,proficient,0.799,0.47,diagnostic_and_practice
LSK00958,LRN0107,SK057,Apache Spark Basics,0.888,advanced,0.907,0.75,diagnostic_and_practice
LSK00959,LRN0107,SK054,Data Warehousing,0.106,novice,0.05,0.79,diagnostic_and_practice
LSK00960,LRN0107,SK060,Data Pipeline Design,0.329,developing,0.293,0.66,diagnostic_and_practice
LSK00961,LRN0107,SK001,Python Basics,0.544,competent,0.614,0.36,diagnostic_and_practice
LSK00962,LRN0107,SK002,Git & Version Control,0.841,proficient,0.728,0.86,diagnostic_and_practice
LSK00963,LRN0107,SK008,Problem Solving (DSA Practice),0.926,advanced,0.825,0.32,diagnostic_and_practice
LSK00964,LRN0108,SK041,Linux Fundamentals,0.517,competent,0.629,0.56,diagnostic_and_practice
LSK00965,LRN0108,SK042,Cloud Computing Basics,0.828,proficient,0.912,0.87,diagnostic_and_practice
LSK00966,LRN0108,SK044,AWS Core Services,0.885,advanced,0.81,0.73,diagnostic_and_practice
LSK00967,LRN0108,SK045,Docker Fundamentals,0.141,novice,0.258,0.62,diagnostic_and_practice
LSK00968,LRN0108,SK047,Kubernetes Basics,0.305,developing,0.196,0.52,diagnostic_and_practice
LSK00969,LRN0108,SK048,CI/CD Pipelines,0.604,competent,0.535,0.64,diagnostic_and_practice
LSK00970,LRN0108,SK001,Python Basics,0.68,proficient,0.714,0.75,diagnostic_and_practice
LSK00971,LRN0108,SK002,Git & Version Control,0.851,advanced,0.91,0.45,diagnostic_and_practice
LSK00972,LRN0108,SK008,Problem Solving (DSA Practice),0.247,novice,0.194,0.86,diagnostic_and_practice
LSK00973,LRN0109,SK012,SQL Basics,0.733,proficient,0.784,0.5,diagnostic_and_practice
LSK00974,LRN0109,SK019,Advanced SQL,0.862,advanced,0.842,0.38,diagnostic_and_practice
LSK00975,LRN0109,SK013,Excel for Data Analysis,0.157,novice,0.249,0.72,diagnostic_and_practice
LSK00976,LRN0109,SK016,Data Visualization,0.404,developing,0.474,0.83,diagnostic_and_practice
LSK00977,LRN0109,SK011,Descriptive Statistics,0.528,competent,0.498,0.6,diagnostic_and_practice
LSK00978,LRN0109,SK018,Exploratory Data Analysis,0.842,proficient,0.779,0.5,diagnostic_and_practice
LSK00979,LRN0109,SK001,Python Basics,0.918,advanced,0.908,0.66,diagnostic_and_practice
LSK00980,LRN0109,SK002,Git & Version Control,0.118,novice,0.058,0.52,diagnostic_and_practice
LSK00981,LRN0109,SK008,Problem Solving (DSA Practice),0.29,developing,0.396,0.42,diagnostic_and_practice
LSK00982,LRN0110,SK003,Python Data Structures,0.851,advanced,0.967,0.76,diagnostic_and_practice
LSK00983,LRN0110,SK017,Inferential Statistics,0.246,novice,0.286,0.77,diagnostic_and_practice
LSK00984,LRN0110,SK021,ML Foundations,0.329,developing,0.428,0.87,diagnostic_and_practice
LSK00985,LRN0110,SK022,Regression Techniques,0.589,competent,0.587,0.8,diagnostic_and_practice
LSK00986,LRN0110,SK023,Classification Techniques,0.659,proficient,0.561,0.41,diagnostic_and_practice
LSK00987,LRN0110,SK024,Model Evaluation,0.876,advanced,0.901,0.58,diagnostic_and_practice
LSK00988,LRN0110,SK001,Python Basics,0.169,novice,0.186,0.56,diagnostic_and_practice
LSK00989,LRN0110,SK002,Git & Version Control,0.357,developing,0.392,0.68,diagnostic_and_practice
LSK00990,LRN0110,SK008,Problem Solving (DSA Practice),0.599,competent,0.647,0.72,diagnostic_and_practice
LSK00991,LRN0111,SK021,ML Foundations,0.182,novice,0.103,0.32,diagnostic_and_practice
LSK00992,LRN0111,SK025,Feature Engineering,0.381,developing,0.491,0.56,diagnostic_and_practice
LSK00993,LRN0111,SK027,Neural Networks,0.578,competent,0.534,0.62,diagnostic_and_practice
LSK00994,LRN0111,SK028,Deep Learning,0.662,proficient,0.571,0.34,diagnostic_and_practice
LSK00995,LRN0111,SK050,Model Deployment,0.912,advanced,0.943,0.34,diagnostic_and_practice
LSK00996,LRN0111,SK024,Model Evaluation,0.152,novice,0.234,0.85,diagnostic_and_practice
LSK00997,LRN0111,SK001,Python Basics,0.378,developing,0.418,0.75,diagnostic_and_practice
LSK00998,LRN0111,SK002,Git & Version Control,0.506,competent,0.421,0.52,diagnostic_and_practice
LSK00999,LRN0111,SK008,Problem Solving (DSA Practice),0.846,proficient,0.774,0.49,diagnostic_and_practice
LSK01000,LRN0112,SK031,HTML & CSS,0.336,developing,0.243,0.32,diagnostic_and_practice
LSK01001,LRN0112,SK032,JavaScript Basics,0.596,competent,0.634,0.84,diagnostic_and_practice
LSK01002,LRN0112,SK035,React Fundamentals,0.725,proficient,0.765,0.67,diagnostic_and_practice
LSK01003,LRN0112,SK036,Node.js Basics,0.873,advanced,0.868,0.59,diagnostic_and_practice
LSK01004,LRN0112,SK037,REST API Design,0.2,novice,0.13,0.89,diagnostic_and_practice
LSK01005,LRN0112,SK034,Database Design (RDBMS),0.361,developing,0.43,0.55,diagnostic_and_practice
LSK01006,LRN0112,SK001,Python Basics,0.561,competent,0.448,0.65,diagnostic_and_practice
LSK01007,LRN0112,SK002,Git & Version Control,0.769,proficient,0.746,0.89,diagnostic_and_practice
LSK01008,LRN0112,SK008,Problem Solving (DSA Practice),0.867,advanced,0.754,0.58,diagnostic_and_practice
LSK01009,LRN0113,SK019,Advanced SQL,0.528,competent,0.511,0.58,diagnostic_and_practice
LSK01010,LRN0113,SK051,Data Modeling,0.761,proficient,0.755,0.87,diagnostic_and_practice
LSK01011,LRN0113,SK053,ETL Fundamentals,0.946,advanced,0.927,0.64,diagnostic_and_practice
LSK01012,LRN0113,SK057,Apache Spark Basics,0.242,novice,0.155,0.66,diagnostic_and_practice
LSK01013,LRN0113,SK054,Data Warehousing,0.271,developing,0.254,0.36,diagnostic_and_practice
LSK01014,LRN0113,SK060,Data Pipeline Design,0.62,competent,0.692,0.45,diagnostic_and_practice
LSK01015,LRN0113,SK001,Python Basics,0.777,proficient,0.744,0.76,diagnostic_and_practice
LSK01016,LRN0113,SK002,Git & Version Control,0.931,advanced,0.847,0.55,diagnostic_and_practice
LSK01017,LRN0113,SK008,Problem Solving (DSA Practice),0.136,novice,0.143,0.89,diagnostic_and_practice
LSK01018,LRN0114,SK041,Linux Fundamentals,0.751,proficient,0.686,0.75,diagnostic_and_practice
LSK01019,LRN0114,SK042,Cloud Computing Basics,0.903,advanced,0.98,0.53,diagnostic_and_practice
LSK01020,LRN0114,SK044,AWS Core Services,0.142,novice,0.248,0.79,diagnostic_and_practice
LSK01021,LRN0114,SK045,Docker Fundamentals,0.31,developing,0.294,0.76,diagnostic_and_practice
LSK01022,LRN0114,SK047,Kubernetes Basics,0.525,competent,0.528,0.42,diagnostic_and_practice
LSK01023,LRN0114,SK048,CI/CD Pipelines,0.75,proficient,0.789,0.56,diagnostic_and_practice
LSK01024,LRN0114,SK001,Python Basics,0.947,advanced,0.98,0.31,diagnostic_and_practice
LSK01025,LRN0114,SK002,Git & Version Control,0.223,novice,0.265,0.42,diagnostic_and_practice
LSK01026,LRN0114,SK008,Problem Solving (DSA Practice),0.275,developing,0.166,0.78,diagnostic_and_practice
LSK01027,LRN0115,SK012,SQL Basics,0.967,advanced,0.961,0.34,diagnostic_and_practice
LSK01028,LRN0115,SK019,Advanced SQL,0.086,novice,0.147,0.87,diagnostic_and_practice
LSK01029,LRN0115,SK013,Excel for Data Analysis,0.448,developing,0.418,0.77,diagnostic_and_practice
LSK01030,LRN0115,SK016,Data Visualization,0.496,competent,0.451,0.4,diagnostic_and_practice
LSK01031,LRN0115,SK011,Descriptive Statistics,0.755,proficient,0.664,0.69,diagnostic_and_practice
LSK01032,LRN0115,SK018,Exploratory Data Analysis,0.939,advanced,0.84,0.67,diagnostic_and_practice
LSK01033,LRN0115,SK001,Python Basics,0.097,novice,0.088,0.34,diagnostic_and_practice
LSK01034,LRN0115,SK002,Git & Version Control,0.288,developing,0.181,0.38,diagnostic_and_practice
LSK01035,LRN0115,SK008,Problem Solving (DSA Practice),0.565,competent,0.679,0.66,diagnostic_and_practice
LSK01036,LRN0116,SK003,Python Data Structures,0.173,novice,0.058,0.68,diagnostic_and_practice
LSK01037,LRN0116,SK017,Inferential Statistics,0.375,developing,0.461,0.54,diagnostic_and_practice
LSK01038,LRN0116,SK021,ML Foundations,0.513,competent,0.411,0.45,diagnostic_and_practice
LSK01039,LRN0116,SK022,Regression Techniques,0.807,proficient,0.712,0.53,diagnostic_and_practice
LSK01040,LRN0116,SK023,Classification Techniques,0.861,advanced,0.883,0.51,diagnostic_and_practice
LSK01041,LRN0116,SK024,Model Evaluation,0.067,novice,0.05,0.83,diagnostic_and_practice
LSK01042,LRN0116,SK001,Python Basics,0.278,developing,0.286,0.38,diagnostic_and_practice
LSK01043,LRN0116,SK002,Git & Version Control,0.554,competent,0.59,0.5,diagnostic_and_practice
LSK01044,LRN0116,SK008,Problem Solving (DSA Practice),0.672,proficient,0.651,0.59,diagnostic_and_practice
LSK01045,LRN0117,SK021,ML Foundations,0.4,developing,0.341,0.61,diagnostic_and_practice
LSK01046,LRN0117,SK025,Feature Engineering,0.526,competent,0.607,0.57,diagnostic_and_practice
LSK01047,LRN0117,SK027,Neural Networks,0.785,proficient,0.808,0.78,diagnostic_and_practice
LSK01048,LRN0117,SK028,Deep Learning,0.96,advanced,0.857,0.85,diagnostic_and_practice
LSK01049,LRN0117,SK050,Model Deployment,0.17,novice,0.153,0.55,diagnostic_and_practice
LSK01050,LRN0117,SK024,Model Evaluation,0.439,developing,0.498,0.81,diagnostic_and_practice
LSK01051,LRN0117,SK001,Python Basics,0.523,competent,0.539,0.65,diagnostic_and_practice
LSK01052,LRN0117,SK002,Git & Version Control,0.8,proficient,0.713,0.86,diagnostic_and_practice
LSK01053,LRN0117,SK008,Problem Solving (DSA Practice),0.862,advanced,0.801,0.86,diagnostic_and_practice
LSK01054,LRN0118,SK031,HTML & CSS,0.508,competent,0.587,0.7,diagnostic_and_practice
LSK01055,LRN0118,SK032,JavaScript Basics,0.752,proficient,0.655,0.77,diagnostic_and_practice
LSK01056,LRN0118,SK035,React Fundamentals,0.924,advanced,0.809,0.49,diagnostic_and_practice
LSK01057,LRN0118,SK036,Node.js Basics,0.066,novice,0.05,0.48,diagnostic_and_practice
LSK01058,LRN0118,SK037,REST API Design,0.288,developing,0.182,0.66,diagnostic_and_practice
LSK01059,LRN0118,SK034,Database Design (RDBMS),0.465,competent,0.51,0.32,diagnostic_and_practice
LSK01060,LRN0118,SK001,Python Basics,0.747,proficient,0.679,0.86,diagnostic_and_practice
LSK01061,LRN0118,SK002,Git & Version Control,0.934,advanced,0.96,0.31,diagnostic_and_practice
LSK01062,LRN0118,SK008,Problem Solving (DSA Practice),0.161,novice,0.162,0.34,diagnostic_and_practice
LSK01063,LRN0119,SK019,Advanced SQL,0.653,proficient,0.612,0.39,diagnostic_and_practice
LSK01064,LRN0119,SK051,Data Modeling,0.93,advanced,0.948,0.49,diagnostic_and_practice
LSK01065,LRN0119,SK053,ETL Fundamentals,0.15,novice,0.212,0.89,diagnostic_and_practice
LSK01066,LRN0119,SK057,Apache Spark Basics,0.258,developing,0.335,0.53,diagnostic_and_practice
LSK01067,LRN0119,SK054,Data Warehousing,0.552,competent,0.651,0.52,diagnostic_and_practice
LSK01068,LRN0119,SK060,Data Pipeline Design,0.699,proficient,0.655,0.79,diagnostic_and_practice
LSK01069,LRN0119,SK001,Python Basics,0.881,advanced,0.888,0.44,diagnostic_and_practice
LSK01070,LRN0119,SK002,Git & Version Control,0.137,novice,0.163,0.88,diagnostic_and_practice
LSK01071,LRN0119,SK008,Problem Solving (DSA Practice),0.403,developing,0.514,0.52,diagnostic_and_practice
LSK01072,LRN0120,SK041,Linux Fundamentals,0.924,advanced,0.98,0.5,diagnostic_and_practice
LSK01073,LRN0120,SK042,Cloud Computing Basics,0.064,novice,0.084,0.84,diagnostic_and_practice
LSK01074,LRN0120,SK044,AWS Core Services,0.389,developing,0.275,0.45,diagnostic_and_practice
LSK01075,LRN0120,SK045,Docker Fundamentals,0.535,competent,0.57,0.78,diagnostic_and_practice
LSK01076,LRN0120,SK047,Kubernetes Basics,0.754,proficient,0.699,0.9,diagnostic_and_practice
LSK01077,LRN0120,SK048,CI/CD Pipelines,0.883,advanced,0.98,0.79,diagnostic_and_practice
LSK01078,LRN0120,SK001,Python Basics,0.216,novice,0.108,0.36,diagnostic_and_practice
LSK01079,LRN0120,SK002,Git & Version Control,0.352,developing,0.255,0.61,diagnostic_and_practice
LSK01080,LRN0120,SK008,Problem Solving (DSA Practice),0.49,competent,0.454,0.89,diagnostic_and_practice
LSK01081,LRN0121,SK012,SQL Basics,0.159,novice,0.119,0.73,diagnostic_and_practice
LSK01082,LRN0121,SK019,Advanced SQL,0.312,developing,0.336,0.6,diagnostic_and_practice
LSK01083,LRN0121,SK013,Excel for Data Analysis,0.453,competent,0.497,0.86,diagnostic_and_practice
LSK01084,LRN0121,SK016,Data Visualization,0.693,proficient,0.573,0.62,diagnostic_and_practice
LSK01085,LRN0121,SK011,Descriptive Statistics,0.885,advanced,0.927,0.36,diagnostic_and_practice
LSK01086,LRN0121,SK018,Exploratory Data Analysis,0.194,novice,0.123,0.62,diagnostic_and_practice
LSK01087,LRN0121,SK001,Python Basics,0.45,developing,0.457,0.51,diagnostic_and_practice
LSK01088,LRN0121,SK002,Git & Version Control,0.617,competent,0.498,0.61,diagnostic_and_practice
LSK01089,LRN0121,SK008,Problem Solving (DSA Practice),0.752,proficient,0.806,0.39,diagnostic_and_practice
LSK01090,LRN0122,SK003,Python Data Structures,0.257,developing,0.345,0.71,diagnostic_and_practice
LSK01091,LRN0122,SK017,Inferential Statistics,0.598,competent,0.689,0.67,diagnostic_and_practice
LSK01092,LRN0122,SK021,ML Foundations,0.837,proficient,0.785,0.37,diagnostic_and_practice
LSK01093,LRN0122,SK022,Regression Techniques,0.882,advanced,0.907,0.5,diagnostic_and_practice
LSK01094,LRN0122,SK023,Classification Techniques,0.118,novice,0.05,0.86,diagnostic_and_practice
LSK01095,LRN0122,SK024,Model Evaluation,0.445,developing,0.504,0.66,diagnostic_and_practice
LSK01096,LRN0122,SK001,Python Basics,0.493,competent,0.528,0.86,diagnostic_and_practice
LSK01097,LRN0122,SK002,Git & Version Control,0.689,proficient,0.614,0.36,diagnostic_and_practice
LSK01098,LRN0122,SK008,Problem Solving (DSA Practice),0.9,advanced,0.876,0.52,diagnostic_and_practice
LSK01099,LRN0123,SK021,ML Foundations,0.49,competent,0.579,0.36,diagnostic_and_practice
LSK01100,LRN0123,SK025,Feature Engineering,0.674,proficient,0.588,0.57,diagnostic_and_practice
LSK01101,LRN0123,SK027,Neural Networks,0.857,advanced,0.805,0.36,diagnostic_and_practice
LSK01102,LRN0123,SK028,Deep Learning,0.169,novice,0.088,0.73,diagnostic_and_practice
LSK01103,LRN0123,SK050,Model Deployment,0.35,developing,0.249,0.48,diagnostic_and_practice
LSK01104,LRN0123,SK024,Model Evaluation,0.523,competent,0.59,0.55,diagnostic_and_practice
LSK01105,LRN0123,SK001,Python Basics,0.764,proficient,0.77,0.49,diagnostic_and_practice
LSK01106,LRN0123,SK002,Git & Version Control,0.894,advanced,0.98,0.66,diagnostic_and_practice
LSK01107,LRN0123,SK008,Problem Solving (DSA Practice),0.233,novice,0.279,0.78,diagnostic_and_practice
LSK01108,LRN0124,SK031,HTML & CSS,0.76,proficient,0.863,0.6,diagnostic_and_practice
LSK01109,LRN0124,SK032,JavaScript Basics,0.966,advanced,0.98,0.9,diagnostic_and_practice
LSK01110,LRN0124,SK035,React Fundamentals,0.247,novice,0.151,0.8,diagnostic_and_practice
LSK01111,LRN0124,SK036,Node.js Basics,0.34,developing,0.381,0.78,diagnostic_and_practice
LSK01112,LRN0124,SK037,REST API Design,0.567,competent,0.574,0.48,diagnostic_and_practice
LSK01113,LRN0124,SK034,Database Design (RDBMS),0.664,proficient,0.753,0.85,diagnostic_and_practice
LSK01114,LRN0124,SK001,Python Basics,0.964,advanced,0.882,0.66,diagnostic_and_practice
LSK01115,LRN0124,SK002,Git & Version Control,0.214,novice,0.296,0.87,diagnostic_and_practice
LSK01116,LRN0124,SK008,Problem Solving (DSA Practice),0.385,developing,0.279,0.45,diagnostic_and_practice
LSK01117,LRN0125,SK019,Advanced SQL,0.852,advanced,0.79,0.64,diagnostic_and_practice
LSK01118,LRN0125,SK051,Data Modeling,0.056,novice,0.157,0.3,diagnostic_and_practice
LSK01119,LRN0125,SK053,ETL Fundamentals,0.306,developing,0.339,0.87,diagnostic_and_practice
LSK01120,LRN0125,SK057,Apache Spark Basics,0.482,competent,0.568,0.68,diagnostic_and_practice
LSK01121,LRN0125,SK054,Data Warehousing,0.776,proficient,0.761,0.6,diagnostic_and_practice
LSK01122,LRN0125,SK060,Data Pipeline Design,0.879,advanced,0.853,0.51,diagnostic_and_practice
LSK01123,LRN0125,SK001,Python Basics,0.075,novice,0.05,0.63,diagnostic_and_practice
LSK01124,LRN0125,SK002,Git & Version Control,0.296,developing,0.329,0.48,diagnostic_and_practice
LSK01125,LRN0125,SK008,Problem Solving (DSA Practice),0.546,competent,0.449,0.42,diagnostic_and_practice
LSK01126,LRN0126,SK041,Linux Fundamentals,0.187,novice,0.198,0.85,diagnostic_and_practice
LSK01127,LRN0126,SK042,Cloud Computing Basics,0.334,developing,0.333,0.45,diagnostic_and_practice
LSK01128,LRN0126,SK044,AWS Core Services,0.489,competent,0.399,0.77,diagnostic_and_practice
LSK01129,LRN0126,SK045,Docker Fundamentals,0.829,proficient,0.791,0.64,diagnostic_and_practice
LSK01130,LRN0126,SK047,Kubernetes Basics,0.878,advanced,0.814,0.49,diagnostic_and_practice
LSK01131,LRN0126,SK048,CI/CD Pipelines,0.17,novice,0.144,0.82,diagnostic_and_practice
LSK01132,LRN0126,SK001,Python Basics,0.4,developing,0.5,0.45,diagnostic_and_practice
LSK01133,LRN0126,SK002,Git & Version Control,0.56,competent,0.62,0.51,diagnostic_and_practice
LSK01134,LRN0126,SK008,Problem Solving (DSA Practice),0.684,proficient,0.609,0.35,diagnostic_and_practice
LSK01135,LRN0127,SK012,SQL Basics,0.327,developing,0.424,0.84,diagnostic_and_practice
LSK01136,LRN0127,SK019,Advanced SQL,0.618,competent,0.541,0.6,diagnostic_and_practice
LSK01137,LRN0127,SK013,Excel for Data Analysis,0.803,proficient,0.696,0.53,diagnostic_and_practice
LSK01138,LRN0127,SK016,Data Visualization,0.963,advanced,0.979,0.47,diagnostic_and_practice
LSK01139,LRN0127,SK011,Descriptive Statistics,0.075,novice,0.133,0.83,diagnostic_and_practice
LSK01140,LRN0127,SK018,Exploratory Data Analysis,0.397,developing,0.458,0.8,diagnostic_and_practice
LSK01141,LRN0127,SK001,Python Basics,0.637,competent,0.623,0.85,diagnostic_and_practice
LSK01142,LRN0127,SK002,Git & Version Control,0.724,proficient,0.651,0.64,diagnostic_and_practice
LSK01143,LRN0127,SK008,Problem Solving (DSA Practice),0.855,advanced,0.933,0.77,diagnostic_and_practice
LSK01144,LRN0128,SK003,Python Data Structures,0.644,competent,0.548,0.36,diagnostic_and_practice
LSK01145,LRN0128,SK017,Inferential Statistics,0.814,proficient,0.731,0.7,diagnostic_and_practice
LSK01146,LRN0128,SK021,ML Foundations,0.883,advanced,0.865,0.88,diagnostic_and_practice
LSK01147,LRN0128,SK022,Regression Techniques,0.224,novice,0.232,0.83,diagnostic_and_practice
LSK01148,LRN0128,SK023,Classification Techniques,0.277,developing,0.247,0.7,diagnostic_and_practice
LSK01149,LRN0128,SK024,Model Evaluation,0.62,competent,0.691,0.41,diagnostic_and_practice
LSK01150,LRN0128,SK001,Python Basics,0.709,proficient,0.593,0.83,diagnostic_and_practice
LSK01151,LRN0128,SK002,Git & Version Control,0.934,advanced,0.863,0.68,diagnostic_and_practice
LSK01152,LRN0128,SK008,Problem Solving (DSA Practice),0.181,novice,0.159,0.83,diagnostic_and_practice
LSK01153,LRN0129,SK021,ML Foundations,0.764,proficient,0.754,0.88,diagnostic_and_practice
LSK01154,LRN0129,SK025,Feature Engineering,0.941,advanced,0.98,0.49,diagnostic_and_practice
LSK01155,LRN0129,SK027,Neural Networks,0.207,novice,0.175,0.46,diagnostic_and_practice
LSK01156,LRN0129,SK028,Deep Learning,0.446,developing,0.331,0.62,diagnostic_and_practice
LSK01157,LRN0129,SK050,Model Deployment,0.537,competent,0.636,0.65,diagnostic_and_practice
LSK01158,LRN0129,SK024,Model Evaluation,0.829,proficient,0.937,0.59,diagnostic_and_practice
LSK01159,LRN0129,SK001,Python Basics,0.867,advanced,0.881,0.36,diagnostic_and_practice
LSK01160,LRN0129,SK002,Git & Version Control,0.073,novice,0.05,0.43,diagnostic_and_practice
LSK01161,LRN0129,SK008,Problem Solving (DSA Practice),0.375,developing,0.363,0.89,diagnostic_and_practice
LSK01162,LRN0130,SK031,HTML & CSS,0.883,advanced,0.968,0.39,diagnostic_and_practice
LSK01163,LRN0130,SK032,JavaScript Basics,0.073,novice,0.05,0.9,diagnostic_and_practice
LSK01164,LRN0130,SK035,React Fundamentals,0.347,developing,0.302,0.83,diagnostic_and_practice
LSK01165,LRN0130,SK036,Node.js Basics,0.462,competent,0.483,0.57,diagnostic_and_practice
LSK01166,LRN0130,SK037,REST API Design,0.656,proficient,0.543,0.78,diagnostic_and_practice
LSK01167,LRN0130,SK034,Database Design (RDBMS),0.931,advanced,0.969,0.46,diagnostic_and_practice
LSK01168,LRN0130,SK001,Python Basics,0.145,novice,0.146,0.37,diagnostic_and_practice
LSK01169,LRN0130,SK002,Git & Version Control,0.284,developing,0.181,0.39,diagnostic_and_practice
LSK01170,LRN0130,SK008,Problem Solving (DSA Practice),0.633,competent,0.53,0.88,diagnostic_and_practice
LSK01171,LRN0131,SK019,Advanced SQL,0.096,novice,0.142,0.69,diagnostic_and_practice
LSK01172,LRN0131,SK051,Data Modeling,0.415,developing,0.509,0.51,diagnostic_and_practice
LSK01173,LRN0131,SK053,ETL Fundamentals,0.46,competent,0.463,0.33,diagnostic_and_practice
LSK01174,LRN0131,SK057,Apache Spark Basics,0.723,proficient,0.659,0.64,diagnostic_and_practice
LSK01175,LRN0131,SK054,Data Warehousing,0.908,advanced,0.921,0.51,diagnostic_and_practice
LSK01176,LRN0131,SK060,Data Pipeline Design,0.191,novice,0.131,0.62,diagnostic_and_practice
LSK01177,LRN0131,SK001,Python Basics,0.348,developing,0.239,0.39,diagnostic_and_practice
LSK01178,LRN0131,SK002,Git & Version Control,0.598,competent,0.629,0.83,diagnostic_and_practice
LSK01179,LRN0131,SK008,Problem Solving (DSA Practice),0.831,proficient,0.854,0.71,diagnostic_and_practice
LSK01180,LRN0132,SK041,Linux Fundamentals,0.282,developing,0.339,0.71,diagnostic_and_practice
LSK01181,LRN0132,SK042,Cloud Computing Basics,0.537,competent,0.588,0.57,diagnostic_and_practice
LSK01182,LRN0132,SK044,AWS Core Services,0.673,proficient,0.685,0.55,diagnostic_and_practice
LSK01183,LRN0132,SK045,Docker Fundamentals,0.936,advanced,0.901,0.42,diagnostic_and_practice
LSK01184,LRN0132,SK047,Kubernetes Basics,0.095,novice,0.05,0.44,diagnostic_and_practice
LSK01185,LRN0132,SK048,CI/CD Pipelines,0.433,developing,0.533,0.39,diagnostic_and_practice
LSK01186,LRN0132,SK001,Python Basics,0.59,competent,0.682,0.31,diagnostic_and_practice
LSK01187,LRN0132,SK002,Git & Version Control,0.662,proficient,0.633,0.59,diagnostic_and_practice
LSK01188,LRN0132,SK008,Problem Solving (DSA Practice),0.902,advanced,0.924,0.37,diagnostic_and_practice
LSK01189,LRN0133,SK012,SQL Basics,0.504,competent,0.496,0.35,diagnostic_and_practice
LSK01190,LRN0133,SK019,Advanced SQL,0.656,proficient,0.639,0.47,diagnostic_and_practice
LSK01191,LRN0133,SK013,Excel for Data Analysis,0.97,advanced,0.98,0.84,diagnostic_and_practice
LSK01192,LRN0133,SK016,Data Visualization,0.126,novice,0.105,0.78,diagnostic_and_practice
LSK01193,LRN0133,SK011,Descriptive Statistics,0.333,developing,0.215,0.62,diagnostic_and_practice
LSK01194,LRN0133,SK018,Exploratory Data Analysis,0.648,competent,0.559,0.8,diagnostic_and_practice
LSK01195,LRN0133,SK001,Python Basics,0.757,proficient,0.765,0.66,diagnostic_and_practice
LSK01196,LRN0133,SK002,Git & Version Control,0.874,advanced,0.769,0.55,diagnostic_and_practice
LSK01197,LRN0133,SK008,Problem Solving (DSA Practice),0.198,novice,0.12,0.53,diagnostic_and_practice
LSK01198,LRN0134,SK003,Python Data Structures,0.793,proficient,0.836,0.39,diagnostic_and_practice
LSK01199,LRN0134,SK017,Inferential Statistics,0.949,advanced,0.861,0.69,diagnostic_and_practice
LSK01200,LRN0134,SK021,ML Foundations,0.161,novice,0.167,0.5,diagnostic_and_practice
LSK01201,LRN0134,SK022,Regression Techniques,0.306,developing,0.226,0.8,diagnostic_and_practice
LSK01202,LRN0134,SK023,Classification Techniques,0.551,competent,0.572,0.44,diagnostic_and_practice
LSK01203,LRN0134,SK024,Model Evaluation,0.656,proficient,0.601,0.31,diagnostic_and_practice
LSK01204,LRN0134,SK001,Python Basics,0.887,advanced,0.973,0.3,diagnostic_and_practice
LSK01205,LRN0134,SK002,Git & Version Control,0.087,novice,0.201,0.58,diagnostic_and_practice
LSK01206,LRN0134,SK008,Problem Solving (DSA Practice),0.424,developing,0.404,0.69,diagnostic_and_practice
LSK01207,LRN0135,SK021,ML Foundations,0.864,advanced,0.855,0.37,diagnostic_and_practice
LSK01208,LRN0135,SK025,Feature Engineering,0.054,novice,0.05,0.49,diagnostic_and_practice
LSK01209,LRN0135,SK027,Neural Networks,0.285,developing,0.341,0.54,diagnostic_and_practice
LSK01210,LRN0135,SK028,Deep Learning,0.536,competent,0.603,0.4,diagnostic_and_practice
LSK01211,LRN0135,SK050,Model Deployment,0.842,proficient,0.787,0.36,diagnostic_and_practice
LSK01212,LRN0135,SK024,Model Evaluation,0.898,advanced,0.869,0.59,diagnostic_and_practice
LSK01213,LRN0135,SK001,Python Basics,0.183,novice,0.187,0.82,diagnostic_and_practice
LSK01214,LRN0135,SK002,Git & Version Control,0.323,developing,0.355,0.75,diagnostic_and_practice
LSK01215,LRN0135,SK008,Problem Solving (DSA Practice),0.488,competent,0.598,0.54,diagnostic_and_practice
LSK01216,LRN0136,SK031,HTML & CSS,0.131,novice,0.05,0.59,diagnostic_and_practice
LSK01217,LRN0136,SK032,JavaScript Basics,0.419,developing,0.391,0.73,diagnostic_and_practice
LSK01218,LRN0136,SK035,React Fundamentals,0.538,competent,0.487,0.33,diagnostic_and_practice
LSK01219,LRN0136,SK036,Node.js Basics,0.784,proficient,0.695,0.54,diagnostic_and_practice
LSK01220,LRN0136,SK037,REST API Design,0.91,advanced,0.881,0.65,diagnostic_and_practice
LSK01221,LRN0136,SK034,Database Design (RDBMS),0.246,novice,0.167,0.39,diagnostic_and_practice
LSK01222,LRN0136,SK001,Python Basics,0.264,developing,0.282,0.63,diagnostic_and_practice
LSK01223,LRN0136,SK002,Git & Version Control,0.496,competent,0.448,0.71,diagnostic_and_practice
LSK01224,LRN0136,SK008,Problem Solving (DSA Practice),0.756,proficient,0.794,0.53,diagnostic_and_practice
LSK01225,LRN0137,SK019,Advanced SQL,0.333,developing,0.268,0.75,diagnostic_and_practice
LSK01226,LRN0137,SK051,Data Modeling,0.509,competent,0.597,0.74,diagnostic_and_practice
LSK01227,LRN0137,SK053,ETL Fundamentals,0.716,proficient,0.652,0.74,diagnostic_and_practice
LSK01228,LRN0137,SK057,Apache Spark Basics,0.877,advanced,0.98,0.48,diagnostic_and_practice
LSK01229,LRN0137,SK054,Data Warehousing,0.05,novice,0.088,0.55,diagnostic_and_practice
LSK01230,LRN0137,SK060,Data Pipeline Design,0.384,developing,0.485,0.73,diagnostic_and_practice
LSK01231,LRN0137,SK001,Python Basics,0.479,competent,0.441,0.79,diagnostic_and_practice
LSK01232,LRN0137,SK002,Git & Version Control,0.673,proficient,0.618,0.88,diagnostic_and_practice
LSK01233,LRN0137,SK008,Problem Solving (DSA Practice),0.933,advanced,0.9,0.52,diagnostic_and_practice
LSK01234,LRN0138,SK041,Linux Fundamentals,0.49,competent,0.506,0.41,diagnostic_and_practice
LSK01235,LRN0138,SK042,Cloud Computing Basics,0.675,proficient,0.732,0.49,diagnostic_and_practice
LSK01236,LRN0138,SK044,AWS Core Services,0.854,advanced,0.914,0.83,diagnostic_and_practice
LSK01237,LRN0138,SK045,Docker Fundamentals,0.063,novice,0.116,0.63,diagnostic_and_practice
LSK01238,LRN0138,SK047,Kubernetes Basics,0.443,developing,0.516,0.71,diagnostic_and_practice
LSK01239,LRN0138,SK048,CI/CD Pipelines,0.593,competent,0.507,0.36,diagnostic_and_practice
LSK01240,LRN0138,SK001,Python Basics,0.797,proficient,0.876,0.69,diagnostic_and_practice
LSK01241,LRN0138,SK002,Git & Version Control,0.861,advanced,0.888,0.76,diagnostic_and_practice
LSK01242,LRN0138,SK008,Problem Solving (DSA Practice),0.217,novice,0.305,0.68,diagnostic_and_practice
LSK01243,LRN0139,SK012,SQL Basics,0.789,proficient,0.887,0.33,diagnostic_and_practice
LSK01244,LRN0139,SK019,Advanced SQL,0.941,advanced,0.863,0.54,diagnostic_and_practice
LSK01245,LRN0139,SK013,Excel for Data Analysis,0.214,novice,0.322,0.37,diagnostic_and_practice
LSK01246,LRN0139,SK016,Data Visualization,0.425,developing,0.382,0.56,diagnostic_and_practice
LSK01247,LRN0139,SK011,Descriptive Statistics,0.56,competent,0.601,0.82,diagnostic_and_practice
LSK01248,LRN0139,SK018,Exploratory Data Analysis,0.695,proficient,0.631,0.6,diagnostic_and_practice
LSK01249,LRN0139,SK001,Python Basics,0.888,advanced,0.98,0.56,diagnostic_and_practice
LSK01250,LRN0139,SK002,Git & Version Control,0.137,novice,0.211,0.46,diagnostic_and_practice
LSK01251,LRN0139,SK008,Problem Solving (DSA Practice),0.429,developing,0.392,0.42,diagnostic_and_practice
LSK01252,LRN0140,SK003,Python Data Structures,0.93,advanced,0.948,0.37,diagnostic_and_practice
LSK01253,LRN0140,SK017,Inferential Statistics,0.091,novice,0.116,0.71,diagnostic_and_practice
LSK01254,LRN0140,SK021,ML Foundations,0.292,developing,0.39,0.74,diagnostic_and_practice
LSK01255,LRN0140,SK022,Regression Techniques,0.608,competent,0.633,0.42,diagnostic_and_practice
LSK01256,LRN0140,SK023,Classification Techniques,0.8,proficient,0.906,0.56,diagnostic_and_practice
LSK01257,LRN0140,SK024,Model Evaluation,0.943,advanced,0.98,0.47,diagnostic_and_practice
LSK01258,LRN0140,SK001,Python Basics,0.248,novice,0.284,0.38,diagnostic_and_practice
LSK01259,LRN0140,SK002,Git & Version Control,0.317,developing,0.387,0.49,diagnostic_and_practice
LSK01260,LRN0140,SK008,Problem Solving (DSA Practice),0.595,competent,0.504,0.7,diagnostic_and_practice
LSK01261,LRN0141,SK021,ML Foundations,0.229,novice,0.162,0.42,diagnostic_and_practice
LSK01262,LRN0141,SK025,Feature Engineering,0.279,developing,0.192,0.42,diagnostic_and_practice
LSK01263,LRN0141,SK027,Neural Networks,0.518,competent,0.413,0.88,diagnostic_and_practice
LSK01264,LRN0141,SK028,Deep Learning,0.765,proficient,0.841,0.83,diagnostic_and_practice
LSK01265,LRN0141,SK050,Model Deployment,0.873,advanced,0.913,0.57,diagnostic_and_practice
LSK01266,LRN0141,SK024,Model Evaluation,0.184,novice,0.103,0.61,diagnostic_and_practice
LSK01267,LRN0141,SK001,Python Basics,0.383,developing,0.452,0.73,diagnostic_and_practice
LSK01268,LRN0141,SK002,Git & Version Control,0.459,competent,0.564,0.34,diagnostic_and_practice
LSK01269,LRN0141,SK008,Problem Solving (DSA Practice),0.746,proficient,0.694,0.81,diagnostic_and_practice
LSK01270,LRN0142,SK031,HTML & CSS,0.281,developing,0.196,0.61,diagnostic_and_practice
LSK01271,LRN0142,SK032,JavaScript Basics,0.504,competent,0.493,0.84,diagnostic_and_practice
LSK01272,LRN0142,SK035,React Fundamentals,0.68,proficient,0.721,0.6,diagnostic_and_practice
LSK01273,LRN0142,SK036,Node.js Basics,0.886,advanced,0.821,0.89,diagnostic_and_practice
LSK01274,LRN0142,SK037,REST API Design,0.235,novice,0.336,0.3,diagnostic_and_practice
LSK01275,LRN0142,SK034,Database Design (RDBMS),0.283,developing,0.298,0.5,diagnostic_and_practice
LSK01276,LRN0142,SK001,Python Basics,0.469,competent,0.557,0.58,diagnostic_and_practice
LSK01277,LRN0142,SK002,Git & Version Control,0.83,proficient,0.926,0.6,diagnostic_and_practice
LSK01278,LRN0142,SK008,Problem Solving (DSA Practice),0.939,advanced,0.843,0.78,diagnostic_and_practice
LSK01279,LRN0143,SK019,Advanced SQL,0.545,competent,0.539,0.51,diagnostic_and_practice
LSK01280,LRN0143,SK051,Data Modeling,0.773,proficient,0.819,0.8,diagnostic_and_practice
LSK01281,LRN0143,SK053,ETL Fundamentals,0.904,advanced,0.917,0.89,diagnostic_and_practice
LSK01282,LRN0143,SK057,Apache Spark Basics,0.074,novice,0.106,0.36,diagnostic_and_practice
LSK01283,LRN0143,SK054,Data Warehousing,0.28,developing,0.309,0.51,diagnostic_and_practice
LSK01284,LRN0143,SK060,Data Pipeline Design,0.551,competent,0.612,0.44,diagnostic_and_practice
LSK01285,LRN0143,SK001,Python Basics,0.682,proficient,0.794,0.44,diagnostic_and_practice
LSK01286,LRN0143,SK002,Git & Version Control,0.93,advanced,0.98,0.54,diagnostic_and_practice
LSK01287,LRN0143,SK008,Problem Solving (DSA Practice),0.144,novice,0.118,0.68,diagnostic_and_practice
LSK01288,LRN0144,SK041,Linux Fundamentals,0.672,proficient,0.788,0.78,diagnostic_and_practice
LSK01289,LRN0144,SK042,Cloud Computing Basics,0.883,advanced,0.952,0.62,diagnostic_and_practice
LSK01290,LRN0144,SK044,AWS Core Services,0.219,novice,0.259,0.84,diagnostic_and_practice
LSK01291,LRN0144,SK045,Docker Fundamentals,0.384,developing,0.397,0.53,diagnostic_and_practice
LSK01292,LRN0144,SK047,Kubernetes Basics,0.487,competent,0.431,0.41,diagnostic_and_practice
LSK01293,LRN0144,SK048,CI/CD Pipelines,0.718,proficient,0.818,0.76,diagnostic_and_practice
LSK01294,LRN0144,SK001,Python Basics,0.919,advanced,0.823,0.58,diagnostic_and_practice
LSK01295,LRN0144,SK002,Git & Version Control,0.187,novice,0.253,0.41,diagnostic_and_practice
LSK01296,LRN0144,SK008,Problem Solving (DSA Practice),0.364,developing,0.358,0.54,diagnostic_and_practice
LSK01297,LRN0145,SK012,SQL Basics,0.923,advanced,0.915,0.53,diagnostic_and_practice
LSK01298,LRN0145,SK019,Advanced SQL,0.194,novice,0.176,0.74,diagnostic_and_practice
LSK01299,LRN0145,SK013,Excel for Data Analysis,0.258,developing,0.206,0.55,diagnostic_and_practice
LSK01300,LRN0145,SK016,Data Visualization,0.631,competent,0.717,0.55,diagnostic_and_practice
LSK01301,LRN0145,SK011,Descriptive Statistics,0.782,proficient,0.818,0.37,diagnostic_and_practice
LSK01302,LRN0145,SK018,Exploratory Data Analysis,0.913,advanced,0.826,0.32,diagnostic_and_practice
LSK01303,LRN0145,SK001,Python Basics,0.11,novice,0.137,0.58,diagnostic_and_practice
LSK01304,LRN0145,SK002,Git & Version Control,0.326,developing,0.353,0.73,diagnostic_and_practice
LSK01305,LRN0145,SK008,Problem Solving (DSA Practice),0.628,competent,0.625,0.37,diagnostic_and_practice
LSK01306,LRN0146,SK003,Python Data Structures,0.199,novice,0.138,0.35,diagnostic_and_practice
LSK01307,LRN0146,SK017,Inferential Statistics,0.279,developing,0.352,0.63,diagnostic_and_practice
LSK01308,LRN0146,SK021,ML Foundations,0.52,competent,0.528,0.83,diagnostic_and_practice
LSK01309,LRN0146,SK022,Regression Techniques,0.78,proficient,0.82,0.67,diagnostic_and_practice
LSK01310,LRN0146,SK023,Classification Techniques,0.895,advanced,0.844,0.39,diagnostic_and_practice
LSK01311,LRN0146,SK024,Model Evaluation,0.075,novice,0.087,0.34,diagnostic_and_practice
LSK01312,LRN0146,SK001,Python Basics,0.438,developing,0.382,0.54,diagnostic_and_practice
LSK01313,LRN0146,SK002,Git & Version Control,0.627,competent,0.578,0.35,diagnostic_and_practice
LSK01314,LRN0146,SK008,Problem Solving (DSA Practice),0.766,proficient,0.785,0.51,diagnostic_and_practice
LSK01315,LRN0147,SK021,ML Foundations,0.293,developing,0.212,0.64,diagnostic_and_practice
LSK01316,LRN0147,SK025,Feature Engineering,0.564,competent,0.453,0.7,diagnostic_and_practice
LSK01317,LRN0147,SK027,Neural Networks,0.834,proficient,0.724,0.56,diagnostic_and_practice
LSK01318,LRN0147,SK028,Deep Learning,0.915,advanced,0.8,0.52,diagnostic_and_practice
LSK01319,LRN0147,SK050,Model Deployment,0.055,novice,0.111,0.89,diagnostic_and_practice
LSK01320,LRN0147,SK024,Model Evaluation,0.287,developing,0.205,0.83,diagnostic_and_practice
LSK01321,LRN0147,SK001,Python Basics,0.451,competent,0.54,0.31,diagnostic_and_practice
LSK01322,LRN0147,SK002,Git & Version Control,0.742,proficient,0.739,0.53,diagnostic_and_practice
LSK01323,LRN0147,SK008,Problem Solving (DSA Practice),0.953,advanced,0.98,0.69,diagnostic_and_practice
LSK01324,LRN0148,SK031,HTML & CSS,0.455,competent,0.505,0.43,diagnostic_and_practice
LSK01325,LRN0148,SK032,JavaScript Basics,0.806,proficient,0.73,0.74,diagnostic_and_practice
LSK01326,LRN0148,SK035,React Fundamentals,0.937,advanced,0.967,0.33,diagnostic_and_practice
LSK01327,LRN0148,SK036,Node.js Basics,0.052,novice,0.106,0.46,diagnostic_and_practice
LSK01328,LRN0148,SK037,REST API Design,0.383,developing,0.478,0.63,diagnostic_and_practice
LSK01329,LRN0148,SK034,Database Design (RDBMS),0.545,competent,0.582,0.49,diagnostic_and_practice
LSK01330,LRN0148,SK001,Python Basics,0.681,proficient,0.674,0.63,diagnostic_and_practice
LSK01331,LRN0148,SK002,Git & Version Control,0.938,advanced,0.895,0.85,diagnostic_and_practice
LSK01332,LRN0148,SK008,Problem Solving (DSA Practice),0.159,novice,0.106,0.77,diagnostic_and_practice
LSK01333,LRN0149,SK019,Advanced SQL,0.739,proficient,0.767,0.78,diagnostic_and_practice
LSK01334,LRN0149,SK051,Data Modeling,0.936,advanced,0.98,0.75,diagnostic_and_practice
LSK01335,LRN0149,SK053,ETL Fundamentals,0.142,novice,0.231,0.73,diagnostic_and_practice
LSK01336,LRN0149,SK057,Apache Spark Basics,0.386,developing,0.289,0.38,diagnostic_and_practice
LSK01337,LRN0149,SK054,Data Warehousing,0.548,competent,0.548,0.58,diagnostic_and_practice
LSK01338,LRN0149,SK060,Data Pipeline Design,0.693,proficient,0.626,0.77,diagnostic_and_practice
LSK01339,LRN0149,SK001,Python Basics,0.892,advanced,0.955,0.57,diagnostic_and_practice
LSK01340,LRN0149,SK002,Git & Version Control,0.196,novice,0.21,0.66,diagnostic_and_practice
LSK01341,LRN0149,SK008,Problem Solving (DSA Practice),0.328,developing,0.445,0.84,diagnostic_and_practice
LSK01342,LRN0150,SK041,Linux Fundamentals,0.874,advanced,0.951,0.78,diagnostic_and_practice
LSK01343,LRN0150,SK042,Cloud Computing Basics,0.105,novice,0.076,0.55,diagnostic_and_practice
LSK01344,LRN0150,SK044,AWS Core Services,0.29,developing,0.205,0.68,diagnostic_and_practice
LSK01345,LRN0150,SK045,Docker Fundamentals,0.537,competent,0.523,0.67,diagnostic_and_practice
LSK01346,LRN0150,SK047,Kubernetes Basics,0.801,proficient,0.911,0.72,diagnostic_and_practice
LSK01347,LRN0150,SK048,CI/CD Pipelines,0.96,advanced,0.978,0.66,diagnostic_and_practice
LSK01348,LRN0150,SK001,Python Basics,0.116,novice,0.15,0.83,diagnostic_and_practice
LSK01349,LRN0150,SK002,Git & Version Control,0.377,developing,0.442,0.51,diagnostic_and_practice
LSK01350,LRN0150,SK008,Problem Solving (DSA Practice),0.648,competent,0.726,0.75,diagnostic_and_practice
LSK01351,LRN0151,SK012,SQL Basics,0.2,novice,0.267,0.51,diagnostic_and_practice
LSK01352,LRN0151,SK019,Advanced SQL,0.306,developing,0.225,0.37,diagnostic_and_practice
LSK01353,LRN0151,SK013,Excel for Data Analysis,0.57,competent,0.472,0.39,diagnostic_and_practice
LSK01354,LRN0151,SK016,Data Visualization,0.81,proficient,0.829,0.63,diagnostic_and_practice
LSK01355,LRN0151,SK011,Descriptive Statistics,0.865,advanced,0.916,0.55,diagnostic_and_practice
LSK01356,LRN0151,SK018,Exploratory Data Analysis,0.068,novice,0.184,0.52,diagnostic_and_practice
LSK01357,LRN0151,SK001,Python Basics,0.365,developing,0.461,0.54,diagnostic_and_practice
LSK01358,LRN0151,SK002,Git & Version Control,0.621,competent,0.737,0.77,diagnostic_and_practice
LSK01359,LRN0151,SK008,Problem Solving (DSA Practice),0.793,proficient,0.774,0.68,diagnostic_and_practice
LSK01360,LRN0152,SK003,Python Data Structures,0.335,developing,0.37,0.42,diagnostic_and_practice
LSK01361,LRN0152,SK017,Inferential Statistics,0.631,competent,0.577,0.83,diagnostic_and_practice
LSK01362,LRN0152,SK021,ML Foundations,0.772,proficient,0.67,0.41,diagnostic_and_practice
LSK01363,LRN0152,SK022,Regression Techniques,0.881,advanced,0.823,0.5,diagnostic_and_practice
LSK01364,LRN0152,SK023,Classification Techniques,0.203,novice,0.103,0.51,diagnostic_and_practice
LSK01365,LRN0152,SK024,Model Evaluation,0.318,developing,0.343,0.9,diagnostic_and_practice
LSK01366,LRN0152,SK001,Python Basics,0.626,competent,0.545,0.85,diagnostic_and_practice
LSK01367,LRN0152,SK002,Git & Version Control,0.728,proficient,0.811,0.56,diagnostic_and_practice
LSK01368,LRN0152,SK008,Problem Solving (DSA Practice),0.929,advanced,0.98,0.78,diagnostic_and_practice
LSK01369,LRN0153,SK021,ML Foundations,0.525,competent,0.606,0.65,diagnostic_and_practice
LSK01370,LRN0153,SK025,Feature Engineering,0.653,proficient,0.771,0.67,diagnostic_and_practice
LSK01371,LRN0153,SK027,Neural Networks,0.907,advanced,0.837,0.51,diagnostic_and_practice
LSK01372,LRN0153,SK028,Deep Learning,0.227,novice,0.172,0.72,diagnostic_and_practice
LSK01373,LRN0153,SK050,Model Deployment,0.41,developing,0.309,0.42,diagnostic_and_practice
LSK01374,LRN0153,SK024,Model Evaluation,0.45,competent,0.336,0.52,diagnostic_and_practice
LSK01375,LRN0153,SK001,Python Basics,0.773,proficient,0.755,0.42,diagnostic_and_practice
LSK01376,LRN0153,SK002,Git & Version Control,0.888,advanced,0.802,0.32,diagnostic_and_practice
LSK01377,LRN0153,SK008,Problem Solving (DSA Practice),0.159,novice,0.094,0.37,diagnostic_and_practice
LSK01378,LRN0154,SK031,HTML & CSS,0.72,proficient,0.667,0.69,diagnostic_and_practice
LSK01379,LRN0154,SK032,JavaScript Basics,0.934,advanced,0.98,0.44,diagnostic_and_practice
LSK01380,LRN0154,SK035,React Fundamentals,0.185,novice,0.128,0.32,diagnostic_and_practice
LSK01381,LRN0154,SK036,Node.js Basics,0.296,developing,0.374,0.81,diagnostic_and_practice
LSK01382,LRN0154,SK037,REST API Design,0.638,competent,0.731,0.46,diagnostic_and_practice
LSK01383,LRN0154,SK034,Database Design (RDBMS),0.819,proficient,0.766,0.62,diagnostic_and_practice
LSK01384,LRN0154,SK001,Python Basics,0.869,advanced,0.785,0.85,diagnostic_and_practice
LSK01385,LRN0154,SK002,Git & Version Control,0.122,novice,0.069,0.83,diagnostic_and_practice
LSK01386,LRN0154,SK008,Problem Solving (DSA Practice),0.396,developing,0.363,0.65,diagnostic_and_practice
LSK01387,LRN0155,SK019,Advanced SQL,0.854,advanced,0.849,0.32,diagnostic_and_practice
LSK01388,LRN0155,SK051,Data Modeling,0.087,novice,0.115,0.62,diagnostic_and_practice
LSK01389,LRN0155,SK053,ETL Fundamentals,0.303,developing,0.377,0.43,diagnostic_and_practice
LSK01390,LRN0155,SK057,Apache Spark Basics,0.492,competent,0.572,0.38,diagnostic_and_practice
LSK01391,LRN0155,SK054,Data Warehousing,0.833,proficient,0.843,0.66,diagnostic_and_practice
LSK01392,LRN0155,SK060,Data Pipeline Design,0.89,advanced,0.895,0.34,diagnostic_and_practice
LSK01393,LRN0155,SK001,Python Basics,0.186,novice,0.301,0.43,diagnostic_and_practice
LSK01394,LRN0155,SK002,Git & Version Control,0.345,developing,0.307,0.4,diagnostic_and_practice
LSK01395,LRN0155,SK008,Problem Solving (DSA Practice),0.559,competent,0.547,0.71,diagnostic_and_practice
LSK01396,LRN0156,SK041,Linux Fundamentals,0.181,novice,0.267,0.84,diagnostic_and_practice
LSK01397,LRN0156,SK042,Cloud Computing Basics,0.332,developing,0.237,0.32,diagnostic_and_practice
LSK01398,LRN0156,SK044,AWS Core Services,0.592,competent,0.62,0.71,diagnostic_and_practice
LSK01399,LRN0156,SK045,Docker Fundamentals,0.759,proficient,0.682,0.65,diagnostic_and_practice
LSK01400,LRN0156,SK047,Kubernetes Basics,0.865,advanced,0.841,0.81,diagnostic_and_practice
LSK01401,LRN0156,SK048,CI/CD Pipelines,0.148,novice,0.172,0.42,diagnostic_and_practice
LSK01402,LRN0156,SK001,Python Basics,0.286,developing,0.249,0.71,diagnostic_and_practice
LSK01403,LRN0156,SK002,Git & Version Control,0.522,competent,0.495,0.44,diagnostic_and_practice
LSK01404,LRN0156,SK008,Problem Solving (DSA Practice),0.763,proficient,0.734,0.47,diagnostic_and_practice
LSK01405,LRN0157,SK012,SQL Basics,0.316,developing,0.312,0.51,diagnostic_and_practice
LSK01406,LRN0157,SK019,Advanced SQL,0.535,competent,0.44,0.84,diagnostic_and_practice
LSK01407,LRN0157,SK013,Excel for Data Analysis,0.696,proficient,0.743,0.38,diagnostic_and_practice
LSK01408,LRN0157,SK016,Data Visualization,0.894,advanced,0.94,0.31,diagnostic_and_practice
LSK01409,LRN0157,SK011,Descriptive Statistics,0.102,novice,0.05,0.53,diagnostic_and_practice
LSK01410,LRN0157,SK018,Exploratory Data Analysis,0.446,developing,0.47,0.81,diagnostic_and_practice
LSK01411,LRN0157,SK001,Python Basics,0.625,competent,0.743,0.67,diagnostic_and_practice
LSK01412,LRN0157,SK002,Git & Version Control,0.745,proficient,0.717,0.55,diagnostic_and_practice
LSK01413,LRN0157,SK008,Problem Solving (DSA Practice),0.937,advanced,0.916,0.79,diagnostic_and_practice
LSK01414,LRN0158,SK003,Python Data Structures,0.484,competent,0.559,0.31,diagnostic_and_practice
LSK01415,LRN0158,SK017,Inferential Statistics,0.803,proficient,0.848,0.76,diagnostic_and_practice
LSK01416,LRN0158,SK021,ML Foundations,0.946,advanced,0.98,0.55,diagnostic_and_practice
LSK01417,LRN0158,SK022,Regression Techniques,0.105,novice,0.117,0.55,diagnostic_and_practice
LSK01418,LRN0158,SK023,Classification Techniques,0.317,developing,0.432,0.35,diagnostic_and_practice
LSK01419,LRN0158,SK024,Model Evaluation,0.557,competent,0.646,0.34,diagnostic_and_practice
LSK01420,LRN0158,SK001,Python Basics,0.815,proficient,0.759,0.68,diagnostic_and_practice
LSK01421,LRN0158,SK002,Git & Version Control,0.918,advanced,0.98,0.48,diagnostic_and_practice
LSK01422,LRN0158,SK008,Problem Solving (DSA Practice),0.123,novice,0.076,0.81,diagnostic_and_practice
LSK01423,LRN0159,SK021,ML Foundations,0.833,proficient,0.75,0.62,diagnostic_and_practice
LSK01424,LRN0159,SK025,Feature Engineering,0.95,advanced,0.91,0.36,diagnostic_and_practice
LSK01425,LRN0159,SK027,Neural Networks,0.051,novice,0.166,0.79,diagnostic_and_practice
LSK01426,LRN0159,SK028,Deep Learning,0.272,developing,0.269,0.62,diagnostic_and_practice
LSK01427,LRN0159,SK050,Model Deployment,0.599,competent,0.493,0.77,diagnostic_and_practice
LSK01428,LRN0159,SK024,Model Evaluation,0.717,proficient,0.79,0.49,diagnostic_and_practice
LSK01429,LRN0159,SK001,Python Basics,0.89,advanced,0.899,0.47,diagnostic_and_practice
LSK01430,LRN0159,SK002,Git & Version Control,0.158,novice,0.213,0.8,diagnostic_and_practice
LSK01431,LRN0159,SK008,Problem Solving (DSA Practice),0.426,developing,0.409,0.44,diagnostic_and_practice
LSK01432,LRN0160,SK031,HTML & CSS,0.851,advanced,0.93,0.74,diagnostic_and_practice
LSK01433,LRN0160,SK032,JavaScript Basics,0.207,novice,0.252,0.33,diagnostic_and_practice
LSK01434,LRN0160,SK035,React Fundamentals,0.369,developing,0.302,0.57,diagnostic_and_practice
LSK01435,LRN0160,SK036,Node.js Basics,0.545,competent,0.631,0.88,diagnostic_and_practice
LSK01436,LRN0160,SK037,REST API Design,0.677,proficient,0.791,0.54,diagnostic_and_practice
LSK01437,LRN0160,SK034,Database Design (RDBMS),0.854,advanced,0.738,0.51,diagnostic_and_practice
LSK01438,LRN0160,SK001,Python Basics,0.175,novice,0.221,0.58,diagnostic_and_practice
LSK01439,LRN0160,SK002,Git & Version Control,0.351,developing,0.269,0.74,diagnostic_and_practice
LSK01440,LRN0160,SK008,Problem Solving (DSA Practice),0.536,competent,0.593,0.58,diagnostic_and_practice
LSK01441,LRN0161,SK019,Advanced SQL,0.172,novice,0.095,0.48,diagnostic_and_practice
LSK01442,LRN0161,SK051,Data Modeling,0.385,developing,0.352,0.64,diagnostic_and_practice
LSK01443,LRN0161,SK053,ETL Fundamentals,0.493,competent,0.393,0.86,diagnostic_and_practice
LSK01444,LRN0161,SK057,Apache Spark Basics,0.738,proficient,0.685,0.52,diagnostic_and_practice
LSK01445,LRN0161,SK054,Data Warehousing,0.908,advanced,0.903,0.47,diagnostic_and_practice
LSK01446,LRN0161,SK060,Data Pipeline Design,0.199,novice,0.215,0.48,diagnostic_and_practice
LSK01447,LRN0161,SK001,Python Basics,0.338,developing,0.453,0.74,diagnostic_and_practice
LSK01448,LRN0161,SK002,Git & Version Control,0.505,competent,0.601,0.86,diagnostic_and_practice
LSK01449,LRN0161,SK008,Problem Solving (DSA Practice),0.699,proficient,0.707,0.36,diagnostic_and_practice
LSK01450,LRN0162,SK041,Linux Fundamentals,0.257,developing,0.245,0.38,diagnostic_and_practice
LSK01451,LRN0162,SK042,Cloud Computing Basics,0.634,competent,0.683,0.48,diagnostic_and_practice
LSK01452,LRN0162,SK044,AWS Core Services,0.74,proficient,0.684,0.67,diagnostic_and_practice
LSK01453,LRN0162,SK045,Docker Fundamentals,0.964,advanced,0.95,0.8,diagnostic_and_practice
LSK01454,LRN0162,SK047,Kubernetes Basics,0.089,novice,0.05,0.45,diagnostic_and_practice
LSK01455,LRN0162,SK048,CI/CD Pipelines,0.362,developing,0.399,0.34,diagnostic_and_practice
LSK01456,LRN0162,SK001,Python Basics,0.562,competent,0.571,0.43,diagnostic_and_practice
LSK01457,LRN0162,SK002,Git & Version Control,0.675,proficient,0.629,0.37,diagnostic_and_practice
LSK01458,LRN0162,SK008,Problem Solving (DSA Practice),0.853,advanced,0.866,0.56,diagnostic_and_practice
LSK01459,LRN0163,SK012,SQL Basics,0.471,competent,0.439,0.53,diagnostic_and_practice
LSK01460,LRN0163,SK019,Advanced SQL,0.781,proficient,0.783,0.55,diagnostic_and_practice
LSK01461,LRN0163,SK013,Excel for Data Analysis,0.947,advanced,0.83,0.74,diagnostic_and_practice
LSK01462,LRN0163,SK016,Data Visualization,0.063,novice,0.094,0.6,diagnostic_and_practice
LSK01463,LRN0163,SK011,Descriptive Statistics,0.317,developing,0.293,0.61,diagnostic_and_practice
LSK01464,LRN0163,SK018,Exploratory Data Analysis,0.626,competent,0.738,0.33,diagnostic_and_practice
LSK01465,LRN0163,SK001,Python Basics,0.67,proficient,0.647,0.75,diagnostic_and_practice
LSK01466,LRN0163,SK002,Git & Version Control,0.9,advanced,0.98,0.88,diagnostic_and_practice
LSK01467,LRN0163,SK008,Problem Solving (DSA Practice),0.157,novice,0.063,0.43,diagnostic_and_practice
LSK01468,LRN0164,SK003,Python Data Structures,0.709,proficient,0.696,0.56,diagnostic_and_practice
LSK01469,LRN0164,SK017,Inferential Statistics,0.931,advanced,0.856,0.37,diagnostic_and_practice
LSK01470,LRN0164,SK021,ML Foundations,0.25,novice,0.283,0.89,diagnostic_and_practice
LSK01471,LRN0164,SK022,Regression Techniques,0.343,developing,0.434,0.46,diagnostic_and_practice
LSK01472,LRN0164,SK023,Classification Techniques,0.598,competent,0.607,0.43,diagnostic_and_practice
LSK01473,LRN0164,SK024,Model Evaluation,0.737,proficient,0.619,0.61,diagnostic_and_practice
LSK01474,LRN0164,SK001,Python Basics,0.921,advanced,0.892,0.62,diagnostic_and_practice
LSK01475,LRN0164,SK002,Git & Version Control,0.113,novice,0.174,0.57,diagnostic_and_practice
LSK01476,LRN0164,SK008,Problem Solving (DSA Practice),0.344,developing,0.353,0.34,diagnostic_and_practice
LSK01477,LRN0165,SK021,ML Foundations,0.883,advanced,0.943,0.38,diagnostic_and_practice
LSK01478,LRN0165,SK025,Feature Engineering,0.06,novice,0.14,0.57,diagnostic_and_practice
LSK01479,LRN0165,SK027,Neural Networks,0.429,developing,0.336,0.46,diagnostic_and_practice
LSK01480,LRN0165,SK028,Deep Learning,0.631,competent,0.547,0.32,diagnostic_and_practice
LSK01481,LRN0165,SK050,Model Deployment,0.691,proficient,0.746,0.89,diagnostic_and_practice
LSK01482,LRN0165,SK024,Model Evaluation,0.949,advanced,0.887,0.48,diagnostic_and_practice
LSK01483,LRN0165,SK001,Python Basics,0.105,novice,0.19,0.9,diagnostic_and_practice
LSK01484,LRN0165,SK002,Git & Version Control,0.344,developing,0.421,0.79,diagnostic_and_practice
LSK01485,LRN0165,SK008,Problem Solving (DSA Practice),0.602,competent,0.682,0.42,diagnostic_and_practice
LSK01486,LRN0166,SK031,HTML & CSS,0.153,novice,0.265,0.42,diagnostic_and_practice
LSK01487,LRN0166,SK032,JavaScript Basics,0.437,developing,0.465,0.89,diagnostic_and_practice
LSK01488,LRN0166,SK035,React Fundamentals,0.458,competent,0.352,0.88,diagnostic_and_practice
LSK01489,LRN0166,SK036,Node.js Basics,0.813,proficient,0.918,0.54,diagnostic_and_practice
LSK01490,LRN0166,SK037,REST API Design,0.913,advanced,0.85,0.48,diagnostic_and_practice
LSK01491,LRN0166,SK034,Database Design (RDBMS),0.127,novice,0.193,0.6,diagnostic_and_practice
LSK01492,LRN0166,SK001,Python Basics,0.396,developing,0.504,0.6,diagnostic_and_practice
LSK01493,LRN0166,SK002,Git & Version Control,0.63,competent,0.734,0.3,diagnostic_and_practice
LSK01494,LRN0166,SK008,Problem Solving (DSA Practice),0.763,proficient,0.711,0.68,diagnostic_and_practice
LSK01495,LRN0167,SK019,Advanced SQL,0.367,developing,0.262,0.3,diagnostic_and_practice
LSK01496,LRN0167,SK051,Data Modeling,0.611,competent,0.63,0.87,diagnostic_and_practice
LSK01497,LRN0167,SK053,ETL Fundamentals,0.777,proficient,0.835,0.74,diagnostic_and_practice
LSK01498,LRN0167,SK057,Apache Spark Basics,0.906,advanced,0.812,0.65,diagnostic_and_practice
LSK01499,LRN0167,SK054,Data Warehousing,0.173,novice,0.125,0.49,diagnostic_and_practice
LSK01500,LRN0167,SK060,Data Pipeline Design,0.4,developing,0.45,0.82,diagnostic_and_practice
LSK01501,LRN0167,SK001,Python Basics,0.481,competent,0.39,0.32,diagnostic_and_practice
LSK01502,LRN0167,SK002,Git & Version Control,0.723,proficient,0.722,0.82,diagnostic_and_practice
LSK01503,LRN0167,SK008,Problem Solving (DSA Practice),0.96,advanced,0.98,0.86,diagnostic_and_practice
LSK01504,LRN0168,SK041,Linux Fundamentals,0.601,competent,0.699,0.81,diagnostic_and_practice
LSK01505,LRN0168,SK042,Cloud Computing Basics,0.722,proficient,0.635,0.45,diagnostic_and_practice
LSK01506,LRN0168,SK044,AWS Core Services,0.881,advanced,0.817,0.76,diagnostic_and_practice
LSK01507,LRN0168,SK045,Docker Fundamentals,0.094,novice,0.05,0.86,diagnostic_and_practice
LSK01508,LRN0168,SK047,Kubernetes Basics,0.313,developing,0.372,0.75,diagnostic_and_practice
LSK01509,LRN0168,SK048,CI/CD Pipelines,0.507,competent,0.406,0.35,diagnostic_and_practice
LSK01510,LRN0168,SK001,Python Basics,0.736,proficient,0.845,0.62,diagnostic_and_practice
LSK01511,LRN0168,SK002,Git & Version Control,0.856,advanced,0.873,0.88,diagnostic_and_practice
LSK01512,LRN0168,SK008,Problem Solving (DSA Practice),0.07,novice,0.05,0.83,diagnostic_and_practice
LSK01513,LRN0169,SK012,SQL Basics,0.668,proficient,0.597,0.72,diagnostic_and_practice
LSK01514,LRN0169,SK019,Advanced SQL,0.888,advanced,0.975,0.84,diagnostic_and_practice
LSK01515,LRN0169,SK013,Excel for Data Analysis,0.114,novice,0.05,0.41,diagnostic_and_practice
LSK01516,LRN0169,SK016,Data Visualization,0.284,developing,0.314,0.74,diagnostic_and_practice
LSK01517,LRN0169,SK011,Descriptive Statistics,0.523,competent,0.486,0.44,diagnostic_and_practice
LSK01518,LRN0169,SK018,Exploratory Data Analysis,0.654,proficient,0.739,0.51,diagnostic_and_practice
LSK01519,LRN0169,SK001,Python Basics,0.945,advanced,0.907,0.77,diagnostic_and_practice
LSK01520,LRN0169,SK002,Git & Version Control,0.175,novice,0.135,0.39,diagnostic_and_practice
LSK01521,LRN0169,SK008,Problem Solving (DSA Practice),0.252,developing,0.237,0.61,diagnostic_and_practice
LSK01522,LRN0170,SK003,Python Data Structures,0.908,advanced,0.813,0.4,diagnostic_and_practice
LSK01523,LRN0170,SK017,Inferential Statistics,0.229,novice,0.201,0.44,diagnostic_and_practice
LSK01524,LRN0170,SK021,ML Foundations,0.446,developing,0.479,0.63,diagnostic_and_practice
LSK01525,LRN0170,SK022,Regression Techniques,0.515,competent,0.458,0.53,diagnostic_and_practice
LSK01526,LRN0170,SK023,Classification Techniques,0.685,proficient,0.665,0.74,diagnostic_and_practice
LSK01527,LRN0170,SK024,Model Evaluation,0.865,advanced,0.789,0.33,diagnostic_and_practice
LSK01528,LRN0170,SK001,Python Basics,0.222,novice,0.102,0.89,diagnostic_and_practice
LSK01529,LRN0170,SK002,Git & Version Control,0.365,developing,0.25,0.85,diagnostic_and_practice
LSK01530,LRN0170,SK008,Problem Solving (DSA Practice),0.533,competent,0.586,0.4,diagnostic_and_practice
LSK01531,LRN0171,SK021,ML Foundations,0.1,novice,0.173,0.71,diagnostic_and_practice
LSK01532,LRN0171,SK025,Feature Engineering,0.354,developing,0.277,0.38,diagnostic_and_practice
LSK01533,LRN0171,SK027,Neural Networks,0.553,competent,0.528,0.83,diagnostic_and_practice
LSK01534,LRN0171,SK028,Deep Learning,0.751,proficient,0.818,0.84,diagnostic_and_practice
LSK01535,LRN0171,SK050,Model Deployment,0.939,advanced,0.858,0.6,diagnostic_and_practice
LSK01536,LRN0171,SK024,Model Evaluation,0.176,novice,0.116,0.45,diagnostic_and_practice
LSK01537,LRN0171,SK001,Python Basics,0.305,developing,0.254,0.66,diagnostic_and_practice
LSK01538,LRN0171,SK002,Git & Version Control,0.637,competent,0.633,0.85,diagnostic_and_practice
LSK01539,LRN0171,SK008,Problem Solving (DSA Practice),0.781,proficient,0.894,0.86,diagnostic_and_practice
LSK01540,LRN0172,SK031,HTML & CSS,0.284,developing,0.378,0.78,diagnostic_and_practice
LSK01541,LRN0172,SK032,JavaScript Basics,0.484,competent,0.376,0.78,diagnostic_and_practice
LSK01542,LRN0172,SK035,React Fundamentals,0.702,proficient,0.695,0.64,diagnostic_and_practice
LSK01543,LRN0172,SK036,Node.js Basics,0.949,advanced,0.98,0.88,diagnostic_and_practice
LSK01544,LRN0172,SK037,REST API Design,0.203,novice,0.144,0.36,diagnostic_and_practice
LSK01545,LRN0172,SK034,Database Design (RDBMS),0.426,developing,0.452,0.63,diagnostic_and_practice
LSK01546,LRN0172,SK001,Python Basics,0.468,competent,0.354,0.57,diagnostic_and_practice
LSK01547,LRN0172,SK002,Git & Version Control,0.787,proficient,0.824,0.48,diagnostic_and_practice
LSK01548,LRN0172,SK008,Problem Solving (DSA Practice),0.969,advanced,0.98,0.41,diagnostic_and_practice
LSK01549,LRN0173,SK019,Advanced SQL,0.589,competent,0.53,0.34,diagnostic_and_practice
LSK01550,LRN0173,SK051,Data Modeling,0.662,proficient,0.592,0.48,diagnostic_and_practice
LSK01551,LRN0173,SK053,ETL Fundamentals,0.875,advanced,0.937,0.8,diagnostic_and_practice
LSK01552,LRN0173,SK057,Apache Spark Basics,0.176,novice,0.177,0.9,diagnostic_and_practice
LSK01553,LRN0173,SK054,Data Warehousing,0.334,developing,0.24,0.35,diagnostic_and_practice
LSK01554,LRN0173,SK060,Data Pipeline Design,0.459,competent,0.575,0.89,diagnostic_and_practice
LSK01555,LRN0173,SK001,Python Basics,0.753,proficient,0.761,0.63,diagnostic_and_practice
LSK01556,LRN0173,SK002,Git & Version Control,0.861,advanced,0.768,0.66,diagnostic_and_practice
LSK01557,LRN0173,SK008,Problem Solving (DSA Practice),0.106,novice,0.16,0.74,diagnostic_and_practice
LSK01558,LRN0174,SK041,Linux Fundamentals,0.714,proficient,0.688,0.64,diagnostic_and_practice
LSK01559,LRN0174,SK042,Cloud Computing Basics,0.876,advanced,0.955,0.53,diagnostic_and_practice
LSK01560,LRN0174,SK044,AWS Core Services,0.196,novice,0.116,0.68,diagnostic_and_practice
LSK01561,LRN0174,SK045,Docker Fundamentals,0.353,developing,0.382,0.86,diagnostic_and_practice
LSK01562,LRN0174,SK047,Kubernetes Basics,0.636,competent,0.675,0.87,diagnostic_and_practice
LSK01563,LRN0174,SK048,CI/CD Pipelines,0.658,proficient,0.705,0.68,diagnostic_and_practice
LSK01564,LRN0174,SK001,Python Basics,0.874,advanced,0.878,0.33,diagnostic_and_practice
LSK01565,LRN0174,SK002,Git & Version Control,0.205,novice,0.229,0.46,diagnostic_and_practice
LSK01566,LRN0174,SK008,Problem Solving (DSA Practice),0.295,developing,0.309,0.38,diagnostic_and_practice
LSK01567,LRN0175,SK012,SQL Basics,0.875,advanced,0.77,0.89,diagnostic_and_practice
LSK01568,LRN0175,SK019,Advanced SQL,0.102,novice,0.052,0.37,diagnostic_and_practice
LSK01569,LRN0175,SK013,Excel for Data Analysis,0.267,developing,0.349,0.41,diagnostic_and_practice
LSK01570,LRN0175,SK016,Data Visualization,0.492,competent,0.49,0.39,diagnostic_and_practice
LSK01571,LRN0175,SK011,Descriptive Statistics,0.835,proficient,0.874,0.81,diagnostic_and_practice
LSK01572,LRN0175,SK018,Exploratory Data Analysis,0.933,advanced,0.952,0.44,diagnostic_and_practice
LSK01573,LRN0175,SK001,Python Basics,0.247,novice,0.273,0.79,diagnostic_and_practice
LSK01574,LRN0175,SK002,Git & Version Control,0.399,developing,0.347,0.33,diagnostic_and_practice
LSK01575,LRN0175,SK008,Problem Solving (DSA Practice),0.572,competent,0.652,0.54,diagnostic_and_practice
LSK01576,LRN0176,SK003,Python Data Structures,0.17,novice,0.273,0.37,diagnostic_and_practice
LSK01577,LRN0176,SK017,Inferential Statistics,0.29,developing,0.345,0.49,diagnostic_and_practice
LSK01578,LRN0176,SK021,ML Foundations,0.548,competent,0.495,0.62,diagnostic_and_practice
LSK01579,LRN0176,SK022,Regression Techniques,0.697,proficient,0.731,0.56,diagnostic_and_practice
LSK01580,LRN0176,SK023,Classification Techniques,0.878,advanced,0.98,0.67,diagnostic_and_practice
LSK01581,LRN0176,SK024,Model Evaluation,0.052,novice,0.05,0.79,diagnostic_and_practice
LSK01582,LRN0176,SK001,Python Basics,0.275,developing,0.377,0.85,diagnostic_and_practice
LSK01583,LRN0176,SK002,Git & Version Control,0.55,competent,0.563,0.68,diagnostic_and_practice
LSK01584,LRN0176,SK008,Problem Solving (DSA Practice),0.775,proficient,0.817,0.82,diagnostic_and_practice
LSK01585,LRN0177,SK021,ML Foundations,0.276,developing,0.219,0.58,diagnostic_and_practice
LSK01586,LRN0177,SK025,Feature Engineering,0.581,competent,0.549,0.41,diagnostic_and_practice
LSK01587,LRN0177,SK027,Neural Networks,0.811,proficient,0.842,0.31,diagnostic_and_practice
LSK01588,LRN0177,SK028,Deep Learning,0.907,advanced,0.815,0.68,diagnostic_and_practice
LSK01589,LRN0177,SK050,Model Deployment,0.147,novice,0.218,0.75,diagnostic_and_practice
LSK01590,LRN0177,SK024,Model Evaluation,0.373,developing,0.44,0.59,diagnostic_and_practice
LSK01591,LRN0177,SK001,Python Basics,0.476,competent,0.434,0.82,diagnostic_and_practice
LSK01592,LRN0177,SK002,Git & Version Control,0.839,proficient,0.809,0.39,diagnostic_and_practice
LSK01593,LRN0177,SK008,Problem Solving (DSA Practice),0.854,advanced,0.741,0.51,diagnostic_and_practice
LSK01594,LRN0178,SK031,HTML & CSS,0.593,competent,0.551,0.43,diagnostic_and_practice
LSK01595,LRN0178,SK032,JavaScript Basics,0.668,proficient,0.786,0.85,diagnostic_and_practice
LSK01596,LRN0178,SK035,React Fundamentals,0.968,advanced,0.98,0.47,diagnostic_and_practice
LSK01597,LRN0178,SK036,Node.js Basics,0.106,novice,0.122,0.72,diagnostic_and_practice
LSK01598,LRN0178,SK037,REST API Design,0.423,developing,0.531,0.48,diagnostic_and_practice
LSK01599,LRN0178,SK034,Database Design (RDBMS),0.603,competent,0.594,0.56,diagnostic_and_practice
LSK01600,LRN0178,SK001,Python Basics,0.731,proficient,0.695,0.46,diagnostic_and_practice
LSK01601,LRN0178,SK002,Git & Version Control,0.866,advanced,0.837,0.61,diagnostic_and_practice
LSK01602,LRN0178,SK008,Problem Solving (DSA Practice),0.196,novice,0.158,0.34,diagnostic_and_practice
LSK01603,LRN0179,SK019,Advanced SQL,0.839,proficient,0.826,0.62,diagnostic_and_practice
LSK01604,LRN0179,SK051,Data Modeling,0.879,advanced,0.871,0.37,diagnostic_and_practice
LSK01605,LRN0179,SK053,ETL Fundamentals,0.229,novice,0.304,0.41,diagnostic_and_practice
LSK01606,LRN0179,SK057,Apache Spark Basics,0.342,developing,0.443,0.39,diagnostic_and_practice
LSK01607,LRN0179,SK054,Data Warehousing,0.474,competent,0.494,0.78,diagnostic_and_practice
LSK01608,LRN0179,SK060,Data Pipeline Design,0.76,proficient,0.727,0.49,diagnostic_and_practice
LSK01609,LRN0179,SK001,Python Basics,0.883,advanced,0.909,0.6,diagnostic_and_practice
LSK01610,LRN0179,SK002,Git & Version Control,0.225,novice,0.178,0.43,diagnostic_and_practice
LSK01611,LRN0179,SK008,Problem Solving (DSA Practice),0.423,developing,0.405,0.87,diagnostic_and_practice
LSK01612,LRN0180,SK041,Linux Fundamentals,0.954,advanced,0.98,0.85,diagnostic_and_practice
LSK01613,LRN0180,SK042,Cloud Computing Basics,0.102,novice,0.086,0.57,diagnostic_and_practice
LSK01614,LRN0180,SK044,AWS Core Services,0.367,developing,0.46,0.78,diagnostic_and_practice
LSK01615,LRN0180,SK045,Docker Fundamentals,0.588,competent,0.671,0.74,diagnostic_and_practice
LSK01616,LRN0180,SK047,Kubernetes Basics,0.744,proficient,0.86,0.67,diagnostic_and_practice
LSK01617,LRN0180,SK048,CI/CD Pipelines,0.902,advanced,0.98,0.71,diagnostic_and_practice
LSK01618,LRN0180,SK001,Python Basics,0.238,novice,0.216,0.59,diagnostic_and_practice
LSK01619,LRN0180,SK002,Git & Version Control,0.4,developing,0.387,0.6,diagnostic_and_practice
LSK01620,LRN0180,SK008,Problem Solving (DSA Practice),0.647,competent,0.717,0.42,diagnostic_and_practice
LSK01621,LRN0181,SK012,SQL Basics,0.087,novice,0.05,0.89,diagnostic_and_practice
LSK01622,LRN0181,SK019,Advanced SQL,0.29,developing,0.369,0.41,diagnostic_and_practice
LSK01623,LRN0181,SK013,Excel for Data Analysis,0.461,competent,0.404,0.82,diagnostic_and_practice
LSK01624,LRN0181,SK016,Data Visualization,0.66,proficient,0.585,0.5,diagnostic_and_practice
LSK01625,LRN0181,SK011,Descriptive Statistics,0.929,advanced,0.883,0.31,diagnostic_and_practice
LSK01626,LRN0181,SK018,Exploratory Data Analysis,0.054,novice,0.125,0.79,diagnostic_and_practice
LSK01627,LRN0181,SK001,Python Basics,0.264,developing,0.243,0.33,diagnostic_and_practice
LSK01628,LRN0181,SK002,Git & Version Control,0.597,competent,0.487,0.48,diagnostic_and_practice
LSK01629,LRN0181,SK008,Problem Solving (DSA Practice),0.839,proficient,0.935,0.89,diagnostic_and_practice
LSK01630,LRN0182,SK003,Python Data Structures,0.413,developing,0.424,0.44,diagnostic_and_practice
LSK01631,LRN0182,SK017,Inferential Statistics,0.486,competent,0.423,0.75,diagnostic_and_practice
LSK01632,LRN0182,SK021,ML Foundations,0.758,proficient,0.825,0.32,diagnostic_and_practice
LSK01633,LRN0182,SK022,Regression Techniques,0.861,advanced,0.954,0.71,diagnostic_and_practice
LSK01634,LRN0182,SK023,Classification Techniques,0.125,novice,0.05,0.85,diagnostic_and_practice
LSK01635,LRN0182,SK024,Model Evaluation,0.256,developing,0.274,0.34,diagnostic_and_practice
LSK01636,LRN0182,SK001,Python Basics,0.598,competent,0.576,0.46,diagnostic_and_practice
LSK01637,LRN0182,SK002,Git & Version Control,0.705,proficient,0.619,0.65,diagnostic_and_practice
LSK01638,LRN0182,SK008,Problem Solving (DSA Practice),0.946,advanced,0.98,0.85,diagnostic_and_practice
LSK01639,LRN0183,SK021,ML Foundations,0.472,competent,0.567,0.61,diagnostic_and_practice
LSK01640,LRN0183,SK025,Feature Engineering,0.779,proficient,0.827,0.36,diagnostic_and_practice
LSK01641,LRN0183,SK027,Neural Networks,0.954,advanced,0.98,0.7,diagnostic_and_practice
LSK01642,LRN0183,SK028,Deep Learning,0.1,novice,0.055,0.74,diagnostic_and_practice
LSK01643,LRN0183,SK050,Model Deployment,0.305,developing,0.214,0.66,diagnostic_and_practice
LSK01644,LRN0183,SK024,Model Evaluation,0.58,competent,0.593,0.61,diagnostic_and_practice
LSK01645,LRN0183,SK001,Python Basics,0.806,proficient,0.766,0.84,diagnostic_and_practice
LSK01646,LRN0183,SK002,Git & Version Control,0.946,advanced,0.848,0.87,diagnostic_and_practice
LSK01647,LRN0183,SK008,Problem Solving (DSA Practice),0.214,novice,0.202,0.61,diagnostic_and_practice
LSK01648,LRN0184,SK031,HTML & CSS,0.689,proficient,0.753,0.66,diagnostic_and_practice
LSK01649,LRN0184,SK032,JavaScript Basics,0.927,advanced,0.916,0.88,diagnostic_and_practice
LSK01650,LRN0184,SK035,React Fundamentals,0.172,novice,0.244,0.53,diagnostic_and_practice
LSK01651,LRN0184,SK036,Node.js Basics,0.263,developing,0.316,0.61,diagnostic_and_practice
LSK01652,LRN0184,SK037,REST API Design,0.608,competent,0.498,0.9,diagnostic_and_practice
LSK01653,LRN0184,SK034,Database Design (RDBMS),0.789,proficient,0.799,0.64,diagnostic_and_practice
LSK01654,LRN0184,SK001,Python Basics,0.903,advanced,0.98,0.79,diagnostic_and_practice
LSK01655,LRN0184,SK002,Git & Version Control,0.112,novice,0.183,0.76,diagnostic_and_practice
LSK01656,LRN0184,SK008,Problem Solving (DSA Practice),0.422,developing,0.444,0.68,diagnostic_and_practice
LSK01657,LRN0185,SK019,Advanced SQL,0.888,advanced,0.98,0.58,diagnostic_and_practice
LSK01658,LRN0185,SK051,Data Modeling,0.207,novice,0.149,0.5,diagnostic_and_practice
LSK01659,LRN0185,SK053,ETL Fundamentals,0.253,developing,0.192,0.84,diagnostic_and_practice
LSK01660,LRN0185,SK057,Apache Spark Basics,0.537,competent,0.566,0.8,diagnostic_and_practice
LSK01661,LRN0185,SK054,Data Warehousing,0.806,proficient,0.792,0.7,diagnostic_and_practice
LSK01662,LRN0185,SK060,Data Pipeline Design,0.863,advanced,0.775,0.72,diagnostic_and_practice
LSK01663,LRN0185,SK001,Python Basics,0.136,novice,0.091,0.8,diagnostic_and_practice
LSK01664,LRN0185,SK002,Git & Version Control,0.252,developing,0.276,0.8,diagnostic_and_practice
LSK01665,LRN0185,SK008,Problem Solving (DSA Practice),0.55,competent,0.664,0.53,diagnostic_and_practice
LSK01666,LRN0186,SK041,Linux Fundamentals,0.204,novice,0.126,0.44,diagnostic_and_practice
LSK01667,LRN0186,SK042,Cloud Computing Basics,0.386,developing,0.33,0.3,diagnostic_and_practice
LSK01668,LRN0186,SK044,AWS Core Services,0.591,competent,0.658,0.77,diagnostic_and_practice
LSK01669,LRN0186,SK045,Docker Fundamentals,0.82,proficient,0.901,0.58,diagnostic_and_practice
LSK01670,LRN0186,SK047,Kubernetes Basics,0.884,advanced,0.814,0.72,diagnostic_and_practice
LSK01671,LRN0186,SK048,CI/CD Pipelines,0.069,novice,0.05,0.46,diagnostic_and_practice
LSK01672,LRN0186,SK001,Python Basics,0.446,developing,0.456,0.66,diagnostic_and_practice
LSK01673,LRN0186,SK002,Git & Version Control,0.569,competent,0.643,0.45,diagnostic_and_practice
LSK01674,LRN0186,SK008,Problem Solving (DSA Practice),0.667,proficient,0.786,0.74,diagnostic_and_practice
LSK01675,LRN0187,SK012,SQL Basics,0.309,developing,0.211,0.45,diagnostic_and_practice
LSK01676,LRN0187,SK019,Advanced SQL,0.475,competent,0.566,0.34,diagnostic_and_practice
LSK01677,LRN0187,SK013,Excel for Data Analysis,0.849,proficient,0.827,0.72,diagnostic_and_practice
LSK01678,LRN0187,SK016,Data Visualization,0.91,advanced,0.792,0.78,diagnostic_and_practice
LSK01679,LRN0187,SK011,Descriptive Statistics,0.216,novice,0.322,0.74,diagnostic_and_practice
LSK01680,LRN0187,SK018,Exploratory Data Analysis,0.325,developing,0.418,0.82,diagnostic_and_practice
LSK01681,LRN0187,SK001,Python Basics,0.531,competent,0.601,0.75,diagnostic_and_practice
LSK01682,LRN0187,SK002,Git & Version Control,0.781,proficient,0.734,0.66,diagnostic_and_practice
LSK01683,LRN0187,SK008,Problem Solving (DSA Practice),0.86,advanced,0.942,0.73,diagnostic_and_practice
LSK01684,LRN0188,SK003,Python Data Structures,0.641,competent,0.567,0.77,diagnostic_and_practice
LSK01685,LRN0188,SK017,Inferential Statistics,0.803,proficient,0.724,0.51,diagnostic_and_practice
LSK01686,LRN0188,SK021,ML Foundations,0.896,advanced,0.842,0.31,diagnostic_and_practice
LSK01687,LRN0188,SK022,Regression Techniques,0.073,novice,0.05,0.45,diagnostic_and_practice
LSK01688,LRN0188,SK023,Classification Techniques,0.298,developing,0.268,0.61,diagnostic_and_practice
LSK01689,LRN0188,SK024,Model Evaluation,0.506,competent,0.623,0.48,diagnostic_and_practice
LSK01690,LRN0188,SK001,Python Basics,0.73,proficient,0.802,0.45,diagnostic_and_practice
LSK01691,LRN0188,SK002,Git & Version Control,0.942,advanced,0.98,0.83,diagnostic_and_practice
LSK01692,LRN0188,SK008,Problem Solving (DSA Practice),0.079,novice,0.086,0.82,diagnostic_and_practice
LSK01693,LRN0189,SK021,ML Foundations,0.775,proficient,0.712,0.48,diagnostic_and_practice
LSK01694,LRN0189,SK025,Feature Engineering,0.856,advanced,0.758,0.83,diagnostic_and_practice
LSK01695,LRN0189,SK027,Neural Networks,0.113,novice,0.147,0.5,diagnostic_and_practice
LSK01696,LRN0189,SK028,Deep Learning,0.267,developing,0.178,0.86,diagnostic_and_practice
LSK01697,LRN0189,SK050,Model Deployment,0.534,competent,0.567,0.35,diagnostic_and_practice
LSK01698,LRN0189,SK024,Model Evaluation,0.751,proficient,0.637,0.87,diagnostic_and_practice
LSK01699,LRN0189,SK001,Python Basics,0.916,advanced,0.972,0.38,diagnostic_and_practice
LSK01700,LRN0189,SK002,Git & Version Control,0.176,novice,0.094,0.79,diagnostic_and_practice
LSK01701,LRN0189,SK008,Problem Solving (DSA Practice),0.285,developing,0.268,0.31,diagnostic_and_practice
LSK01702,LRN0190,SK031,HTML & CSS,0.856,advanced,0.886,0.54,diagnostic_and_practice
LSK01703,LRN0190,SK032,JavaScript Basics,0.12,novice,0.071,0.69,diagnostic_and_practice
LSK01704,LRN0190,SK035,React Fundamentals,0.274,developing,0.246,0.79,diagnostic_and_practice
LSK01705,LRN0190,SK036,Node.js Basics,0.57,competent,0.571,0.81,diagnostic_and_practice
LSK01706,LRN0190,SK037,REST API Design,0.76,proficient,0.82,0.88,diagnostic_and_practice
LSK01707,LRN0190,SK034,Database Design (RDBMS),0.947,advanced,0.98,0.34,diagnostic_and_practice
LSK01708,LRN0190,SK001,Python Basics,0.217,novice,0.329,0.46,diagnostic_and_practice
LSK01709,LRN0190,SK002,Git & Version Control,0.442,developing,0.519,0.31,diagnostic_and_practice
LSK01710,LRN0190,SK008,Problem Solving (DSA Practice),0.569,competent,0.501,0.53,diagnostic_and_practice
LSK01711,LRN0191,SK019,Advanced SQL,0.103,novice,0.209,0.42,diagnostic_and_practice
LSK01712,LRN0191,SK051,Data Modeling,0.251,developing,0.183,0.6,diagnostic_and_practice
LSK01713,LRN0191,SK053,ETL Fundamentals,0.612,competent,0.586,0.48,diagnostic_and_practice
LSK01714,LRN0191,SK057,Apache Spark Basics,0.678,proficient,0.629,0.53,diagnostic_and_practice
LSK01715,LRN0191,SK054,Data Warehousing,0.929,advanced,0.829,0.7,diagnostic_and_practice
LSK01716,LRN0191,SK060,Data Pipeline Design,0.247,novice,0.357,0.89,diagnostic_and_practice
LSK01717,LRN0191,SK001,Python Basics,0.329,developing,0.344,0.87,diagnostic_and_practice
LSK01718,LRN0191,SK002,Git & Version Control,0.574,competent,0.639,0.61,diagnostic_and_practice
LSK01719,LRN0191,SK008,Problem Solving (DSA Practice),0.75,proficient,0.807,0.39,diagnostic_and_practice
LSK01720,LRN0192,SK041,Linux Fundamentals,0.373,developing,0.479,0.69,diagnostic_and_practice
LSK01721,LRN0192,SK042,Cloud Computing Basics,0.539,competent,0.447,0.72,diagnostic_and_practice
LSK01722,LRN0192,SK044,AWS Core Services,0.765,proficient,0.776,0.67,diagnostic_and_practice
LSK01723,LRN0192,SK045,Docker Fundamentals,0.923,advanced,0.98,0.7,diagnostic_and_practice
LSK01724,LRN0192,SK047,Kubernetes Basics,0.081,novice,0.067,0.88,diagnostic_and_practice
LSK01725,LRN0192,SK048,CI/CD Pipelines,0.29,developing,0.207,0.66,diagnostic_and_practice
LSK01726,LRN0192,SK001,Python Basics,0.634,competent,0.606,0.68,diagnostic_and_practice
LSK01727,LRN0192,SK002,Git & Version Control,0.659,proficient,0.77,0.61,diagnostic_and_practice
LSK01728,LRN0192,SK008,Problem Solving (DSA Practice),0.947,advanced,0.98,0.6,diagnostic_and_practice
LSK01729,LRN0193,SK012,SQL Basics,0.543,competent,0.651,0.81,diagnostic_and_practice
LSK01730,LRN0193,SK019,Advanced SQL,0.685,proficient,0.71,0.58,diagnostic_and_practice
LSK01731,LRN0193,SK013,Excel for Data Analysis,0.921,advanced,0.857,0.85,diagnostic_and_practice
LSK01732,LRN0193,SK016,Data Visualization,0.156,novice,0.253,0.36,diagnostic_and_practice
LSK01733,LRN0193,SK011,Descriptive Statistics,0.376,developing,0.45,0.72,diagnostic_and_practice
LSK01734,LRN0193,SK018,Exploratory Data Analysis,0.641,competent,0.696,0.49,diagnostic_and_practice
LSK01735,LRN0193,SK001,Python Basics,0.747,proficient,0.728,0.89,diagnostic_and_practice
LSK01736,LRN0193,SK002,Git & Version Control,0.964,advanced,0.98,0.32,diagnostic_and_practice
LSK01737,LRN0193,SK008,Problem Solving (DSA Practice),0.178,novice,0.11,0.86,diagnostic_and_practice
LSK01738,LRN0194,SK003,Python Data Structures,0.692,proficient,0.81,0.84,diagnostic_and_practice
LSK01739,LRN0194,SK017,Inferential Statistics,0.9,advanced,0.813,0.37,diagnostic_and_practice
LSK01740,LRN0194,SK021,ML Foundations,0.219,novice,0.215,0.78,diagnostic_and_practice
LSK01741,LRN0194,SK022,Regression Techniques,0.284,developing,0.391,0.47,diagnostic_and_practice
LSK01742,LRN0194,SK023,Classification Techniques,0.615,competent,0.599,0.81,diagnostic_and_practice
LSK01743,LRN0194,SK024,Model Evaluation,0.687,proficient,0.684,0.55,diagnostic_and_practice
LSK01744,LRN0194,SK001,Python Basics,0.891,advanced,0.963,0.78,diagnostic_and_practice
LSK01745,LRN0194,SK002,Git & Version Control,0.069,novice,0.061,0.61,diagnostic_and_practice
LSK01746,LRN0194,SK008,Problem Solving (DSA Practice),0.319,developing,0.276,0.7,diagnostic_and_practice
LSK01747,LRN0195,SK021,ML Foundations,0.921,advanced,0.806,0.72,diagnostic_and_practice
LSK01748,LRN0195,SK025,Feature Engineering,0.054,novice,0.066,0.51,diagnostic_and_practice
LSK01749,LRN0195,SK027,Neural Networks,0.277,developing,0.293,0.43,diagnostic_and_practice
LSK01750,LRN0195,SK028,Deep Learning,0.538,competent,0.558,0.38,diagnostic_and_practice
LSK01751,LRN0195,SK050,Model Deployment,0.824,proficient,0.747,0.52,diagnostic_and_practice
LSK01752,LRN0195,SK024,Model Evaluation,0.874,advanced,0.81,0.33,diagnostic_and_practice
LSK01753,LRN0195,SK001,Python Basics,0.193,novice,0.22,0.38,diagnostic_and_practice
LSK01754,LRN0195,SK002,Git & Version Control,0.305,developing,0.384,0.57,diagnostic_and_practice
LSK01755,LRN0195,SK008,Problem Solving (DSA Practice),0.627,competent,0.554,0.88,diagnostic_and_practice
LSK01756,LRN0196,SK031,HTML & CSS,0.085,novice,0.144,0.73,diagnostic_and_practice
LSK01757,LRN0196,SK032,JavaScript Basics,0.301,developing,0.402,0.77,diagnostic_and_practice
LSK01758,LRN0196,SK035,React Fundamentals,0.524,competent,0.437,0.42,diagnostic_and_practice
LSK01759,LRN0196,SK036,Node.js Basics,0.843,proficient,0.792,0.39,diagnostic_and_practice
LSK01760,LRN0196,SK037,REST API Design,0.951,advanced,0.933,0.63,diagnostic_and_practice
LSK01761,LRN0196,SK034,Database Design (RDBMS),0.088,novice,0.122,0.76,diagnostic_and_practice
LSK01762,LRN0196,SK001,Python Basics,0.376,developing,0.298,0.53,diagnostic_and_practice
LSK01763,LRN0196,SK002,Git & Version Control,0.598,competent,0.506,0.3,diagnostic_and_practice
LSK01764,LRN0196,SK008,Problem Solving (DSA Practice),0.831,proficient,0.741,0.62,diagnostic_and_practice
LSK01765,LRN0197,SK019,Advanced SQL,0.278,developing,0.175,0.63,diagnostic_and_practice
LSK01766,LRN0197,SK051,Data Modeling,0.524,competent,0.409,0.68,diagnostic_and_practice
LSK01767,LRN0197,SK053,ETL Fundamentals,0.77,proficient,0.718,0.64,diagnostic_and_practice
LSK01768,LRN0197,SK057,Apache Spark Basics,0.969,advanced,0.98,0.84,diagnostic_and_practice
LSK01769,LRN0197,SK054,Data Warehousing,0.13,novice,0.062,0.83,diagnostic_and_practice
LSK01770,LRN0197,SK060,Data Pipeline Design,0.274,developing,0.177,0.8,diagnostic_and_practice
LSK01771,LRN0197,SK001,Python Basics,0.647,competent,0.566,0.72,diagnostic_and_practice
LSK01772,LRN0197,SK002,Git & Version Control,0.774,proficient,0.801,0.86,diagnostic_and_practice
LSK01773,LRN0197,SK008,Problem Solving (DSA Practice),0.869,advanced,0.949,0.84,diagnostic_and_practice
LSK01774,LRN0198,SK041,Linux Fundamentals,0.55,competent,0.459,0.35,diagnostic_and_practice
LSK01775,LRN0198,SK042,Cloud Computing Basics,0.805,proficient,0.688,0.77,diagnostic_and_practice
LSK01776,LRN0198,SK044,AWS Core Services,0.862,advanced,0.958,0.81,diagnostic_and_practice
LSK01777,LRN0198,SK045,Docker Fundamentals,0.249,novice,0.325,0.88,diagnostic_and_practice
LSK01778,LRN0198,SK047,Kubernetes Basics,0.435,developing,0.384,0.42,diagnostic_and_practice
LSK01779,LRN0198,SK048,CI/CD Pipelines,0.491,competent,0.435,0.67,diagnostic_and_practice
LSK01780,LRN0198,SK001,Python Basics,0.694,proficient,0.716,0.67,diagnostic_and_practice
LSK01781,LRN0198,SK002,Git & Version Control,0.941,advanced,0.98,0.76,diagnostic_and_practice
LSK01782,LRN0198,SK008,Problem Solving (DSA Practice),0.096,novice,0.176,0.53,diagnostic_and_practice
LSK01783,LRN0199,SK012,SQL Basics,0.667,proficient,0.697,0.38,diagnostic_and_practice
LSK01784,LRN0199,SK019,Advanced SQL,0.881,advanced,0.889,0.43,diagnostic_and_practice
LSK01785,LRN0199,SK013,Excel for Data Analysis,0.14,novice,0.065,0.68,diagnostic_and_practice
LSK01786,LRN0199,SK016,Data Visualization,0.312,developing,0.284,0.57,diagnostic_and_practice
LSK01787,LRN0199,SK011,Descriptive Statistics,0.485,competent,0.579,0.88,diagnostic_and_practice
LSK01788,LRN0199,SK018,Exploratory Data Analysis,0.672,proficient,0.627,0.44,diagnostic_and_practice
LSK01789,LRN0199,SK001,Python Basics,0.933,advanced,0.98,0.84,diagnostic_and_practice
LSK01790,LRN0199,SK002,Git & Version Control,0.238,novice,0.151,0.49,diagnostic_and_practice
LSK01791,LRN0199,SK008,Problem Solving (DSA Practice),0.445,developing,0.391,0.88,diagnostic_and_practice
LSK01792,LRN0200,SK003,Python Data Structures,0.872,advanced,0.87,0.49,diagnostic_and_practice
LSK01793,LRN0200,SK017,Inferential Statistics,0.072,novice,0.094,0.45,diagnostic_and_practice
LSK01794,LRN0200,SK021,ML Foundations,0.289,developing,0.23,0.76,diagnostic_and_practice
LSK01795,LRN0200,SK022,Regression Techniques,0.507,competent,0.614,0.78,diagnostic_and_practice
LSK01796,LRN0200,SK023,Classification Techniques,0.677,proficient,0.682,0.31,diagnostic_and_practice
LSK01797,LRN0200,SK024,Model Evaluation,0.94,advanced,0.98,0.64,diagnostic_and_practice
LSK01798,LRN0200,SK001,Python Basics,0.199,novice,0.257,0.35,diagnostic_and_practice
LSK01799,LRN0200,SK002,Git & Version Control,0.294,developing,0.268,0.42,diagnostic_and_practice
LSK01800,LRN0200,SK008,Problem Solving (DSA Practice),0.545,competent,0.494,0.69,diagnostic_and_practice
LSK01801,LRN0201,SK021,ML Foundations,0.208,novice,0.273,0.32,diagnostic_and_practice
LSK01802,LRN0201,SK025,Feature Engineering,0.285,developing,0.271,0.79,diagnostic_and_practice
LSK01803,LRN0201,SK027,Neural Networks,0.517,competent,0.561,0.47,diagnostic_and_practice
LSK01804,LRN0201,SK028,Deep Learning,0.731,proficient,0.65,0.47,diagnostic_and_practice
LSK01805,LRN0201,SK050,Model Deployment,0.91,advanced,0.932,0.65,diagnostic_and_practice
LSK01806,LRN0201,SK024,Model Evaluation,0.23,novice,0.32,0.55,diagnostic_and_practice
LSK01807,LRN0201,SK001,Python Basics,0.389,developing,0.359,0.52,diagnostic_and_practice
LSK01808,LRN0201,SK002,Git & Version Control,0.647,competent,0.678,0.54,diagnostic_and_practice
LSK01809,LRN0201,SK008,Problem Solving (DSA Practice),0.664,proficient,0.708,0.8,diagnostic_and_practice
LSK01810,LRN0202,SK031,HTML & CSS,0.275,developing,0.19,0.56,diagnostic_and_practice
LSK01811,LRN0202,SK032,JavaScript Basics,0.564,competent,0.61,0.81,diagnostic_and_practice
LSK01812,LRN0202,SK035,React Fundamentals,0.801,proficient,0.842,0.56,diagnostic_and_practice
LSK01813,LRN0202,SK036,Node.js Basics,0.872,advanced,0.796,0.48,diagnostic_and_practice
LSK01814,LRN0202,SK037,REST API Design,0.188,novice,0.232,0.75,diagnostic_and_practice
LSK01815,LRN0202,SK034,Database Design (RDBMS),0.318,developing,0.251,0.51,diagnostic_and_practice
LSK01816,LRN0202,SK001,Python Basics,0.519,competent,0.551,0.76,diagnostic_and_practice
LSK01817,LRN0202,SK002,Git & Version Control,0.806,proficient,0.785,0.64,diagnostic_and_practice
LSK01818,LRN0202,SK008,Problem Solving (DSA Practice),0.966,advanced,0.98,0.37,diagnostic_and_practice
LSK01819,LRN0203,SK019,Advanced SQL,0.559,competent,0.504,0.75,diagnostic_and_practice
LSK01820,LRN0203,SK051,Data Modeling,0.658,proficient,0.715,0.41,diagnostic_and_practice
LSK01821,LRN0203,SK053,ETL Fundamentals,0.944,advanced,0.966,0.34,diagnostic_and_practice
LSK01822,LRN0203,SK057,Apache Spark Basics,0.156,novice,0.195,0.56,diagnostic_and_practice
LSK01823,LRN0203,SK054,Data Warehousing,0.258,developing,0.213,0.43,diagnostic_and_practice
LSK01824,LRN0203,SK060,Data Pipeline Design,0.499,competent,0.449,0.69,diagnostic_and_practice
LSK01825,LRN0203,SK001,Python Basics,0.785,proficient,0.886,0.7,diagnostic_and_practice
LSK01826,LRN0203,SK002,Git & Version Control,0.932,advanced,0.838,0.36,diagnostic_and_practice
LSK01827,LRN0203,SK008,Problem Solving (DSA Practice),0.159,novice,0.068,0.53,diagnostic_and_practice
LSK01828,LRN0204,SK041,Linux Fundamentals,0.848,proficient,0.95,0.44,diagnostic_and_practice
LSK01829,LRN0204,SK042,Cloud Computing Basics,0.88,advanced,0.832,0.57,diagnostic_and_practice
LSK01830,LRN0204,SK044,AWS Core Services,0.208,novice,0.137,0.5,diagnostic_and_practice
LSK01831,LRN0204,SK045,Docker Fundamentals,0.369,developing,0.429,0.84,diagnostic_and_practice
LSK01832,LRN0204,SK047,Kubernetes Basics,0.519,competent,0.501,0.76,diagnostic_and_practice
LSK01833,LRN0204,SK048,CI/CD Pipelines,0.66,proficient,0.58,0.4,diagnostic_and_practice
LSK01834,LRN0204,SK001,Python Basics,0.933,advanced,0.859,0.51,diagnostic_and_practice
LSK01835,LRN0204,SK002,Git & Version Control,0.144,novice,0.064,0.44,diagnostic_and_practice
LSK01836,LRN0204,SK008,Problem Solving (DSA Practice),0.255,developing,0.16,0.9,diagnostic_and_practice
LSK01837,LRN0205,SK012,SQL Basics,0.914,advanced,0.98,0.83,diagnostic_and_practice
LSK01838,LRN0205,SK019,Advanced SQL,0.152,novice,0.262,0.48,diagnostic_and_practice
LSK01839,LRN0205,SK013,Excel for Data Analysis,0.402,developing,0.506,0.74,diagnostic_and_practice
LSK01840,LRN0205,SK016,Data Visualization,0.51,competent,0.508,0.86,diagnostic_and_practice
LSK01841,LRN0205,SK011,Descriptive Statistics,0.846,proficient,0.832,0.8,diagnostic_and_practice
LSK01842,LRN0205,SK018,Exploratory Data Analysis,0.963,advanced,0.978,0.78,diagnostic_and_practice
LSK01843,LRN0205,SK001,Python Basics,0.125,novice,0.05,0.45,diagnostic_and_practice
LSK01844,LRN0205,SK002,Git & Version Control,0.438,developing,0.459,0.36,diagnostic_and_practice
LSK01845,LRN0205,SK008,Problem Solving (DSA Practice),0.646,competent,0.675,0.87,diagnostic_and_practice
LSK01846,LRN0206,SK003,Python Data Structures,0.101,novice,0.05,0.32,diagnostic_and_practice
LSK01847,LRN0206,SK017,Inferential Statistics,0.397,developing,0.418,0.61,diagnostic_and_practice
LSK01848,LRN0206,SK021,ML Foundations,0.465,competent,0.403,0.55,diagnostic_and_practice
LSK01849,LRN0206,SK022,Regression Techniques,0.835,proficient,0.877,0.71,diagnostic_and_practice
LSK01850,LRN0206,SK023,Classification Techniques,0.864,advanced,0.801,0.68,diagnostic_and_practice
LSK01851,LRN0206,SK024,Model Evaluation,0.151,novice,0.163,0.71,diagnostic_and_practice
LSK01852,LRN0206,SK001,Python Basics,0.282,developing,0.365,0.69,diagnostic_and_practice
LSK01853,LRN0206,SK002,Git & Version Control,0.476,competent,0.368,0.73,diagnostic_and_practice
LSK01854,LRN0206,SK008,Problem Solving (DSA Practice),0.844,proficient,0.898,0.33,diagnostic_and_practice
LSK01855,LRN0207,SK021,ML Foundations,0.296,developing,0.333,0.41,diagnostic_and_practice
LSK01856,LRN0207,SK025,Feature Engineering,0.598,competent,0.521,0.36,diagnostic_and_practice
LSK01857,LRN0207,SK027,Neural Networks,0.83,proficient,0.8,0.88,diagnostic_and_practice
LSK01858,LRN0207,SK028,Deep Learning,0.914,advanced,0.816,0.87,diagnostic_and_practice
LSK01859,LRN0207,SK050,Model Deployment,0.066,novice,0.05,0.8,diagnostic_and_practice
LSK01860,LRN0207,SK024,Model Evaluation,0.305,developing,0.299,0.31,diagnostic_and_practice
LSK01861,LRN0207,SK001,Python Basics,0.464,competent,0.508,0.9,diagnostic_and_practice
LSK01862,LRN0207,SK002,Git & Version Control,0.816,proficient,0.811,0.6,diagnostic_and_practice
LSK01863,LRN0207,SK008,Problem Solving (DSA Practice),0.909,advanced,0.823,0.51,diagnostic_and_practice
LSK01864,LRN0208,SK031,HTML & CSS,0.64,competent,0.555,0.38,diagnostic_and_practice
LSK01865,LRN0208,SK032,JavaScript Basics,0.807,proficient,0.76,0.49,diagnostic_and_practice
LSK01866,LRN0208,SK035,React Fundamentals,0.907,advanced,0.949,0.84,diagnostic_and_practice
LSK01867,LRN0208,SK036,Node.js Basics,0.22,novice,0.258,0.7,diagnostic_and_practice
LSK01868,LRN0208,SK037,REST API Design,0.429,developing,0.463,0.41,diagnostic_and_practice
LSK01869,LRN0208,SK034,Database Design (RDBMS),0.46,competent,0.549,0.45,diagnostic_and_practice
LSK01870,LRN0208,SK001,Python Basics,0.725,proficient,0.712,0.47,diagnostic_and_practice
LSK01871,LRN0208,SK002,Git & Version Control,0.953,advanced,0.839,0.5,diagnostic_and_practice
LSK01872,LRN0208,SK008,Problem Solving (DSA Practice),0.066,novice,0.063,0.58,diagnostic_and_practice
LSK01873,LRN0209,SK019,Advanced SQL,0.683,proficient,0.773,0.33,diagnostic_and_practice
LSK01874,LRN0209,SK051,Data Modeling,0.905,advanced,0.887,0.32,diagnostic_and_practice
LSK01875,LRN0209,SK053,ETL Fundamentals,0.077,novice,0.191,0.34,diagnostic_and_practice
LSK01876,LRN0209,SK057,Apache Spark Basics,0.349,developing,0.306,0.3,diagnostic_and_practice
LSK01877,LRN0209,SK054,Data Warehousing,0.642,competent,0.544,0.59,diagnostic_and_practice
LSK01878,LRN0209,SK060,Data Pipeline Design,0.656,proficient,0.632,0.34,diagnostic_and_practice
LSK01879,LRN0209,SK001,Python Basics,0.967,advanced,0.98,0.34,diagnostic_and_practice
LSK01880,LRN0209,SK002,Git & Version Control,0.21,novice,0.271,0.54,diagnostic_and_practice
LSK01881,LRN0209,SK008,Problem Solving (DSA Practice),0.393,developing,0.5,0.31,diagnostic_and_practice
LSK01882,LRN0210,SK041,Linux Fundamentals,0.865,advanced,0.849,0.45,diagnostic_and_practice
LSK01883,LRN0210,SK042,Cloud Computing Basics,0.138,novice,0.097,0.77,diagnostic_and_practice
LSK01884,LRN0210,SK044,AWS Core Services,0.258,developing,0.267,0.72,diagnostic_and_practice
LSK01885,LRN0210,SK045,Docker Fundamentals,0.477,competent,0.51,0.7,diagnostic_and_practice
LSK01886,LRN0210,SK047,Kubernetes Basics,0.707,proficient,0.597,0.63,diagnostic_and_practice
LSK01887,LRN0210,SK048,CI/CD Pipelines,0.872,advanced,0.811,0.53,diagnostic_and_practice
LSK01888,LRN0210,SK001,Python Basics,0.188,novice,0.193,0.75,diagnostic_and_practice
LSK01889,LRN0210,SK002,Git & Version Control,0.269,developing,0.311,0.34,diagnostic_and_practice
LSK01890,LRN0210,SK008,Problem Solving (DSA Practice),0.617,competent,0.673,0.77,diagnostic_and_practice
LSK01891,LRN0211,SK012,SQL Basics,0.136,novice,0.253,0.83,diagnostic_and_practice
LSK01892,LRN0211,SK019,Advanced SQL,0.257,developing,0.323,0.86,diagnostic_and_practice
LSK01893,LRN0211,SK013,Excel for Data Analysis,0.491,competent,0.455,0.67,diagnostic_and_practice
LSK01894,LRN0211,SK016,Data Visualization,0.698,proficient,0.655,0.85,diagnostic_and_practice
LSK01895,LRN0211,SK011,Descriptive Statistics,0.889,advanced,0.917,0.61,diagnostic_and_practice
LSK01896,LRN0211,SK018,Exploratory Data Analysis,0.07,novice,0.05,0.36,diagnostic_and_practice
LSK01897,LRN0211,SK001,Python Basics,0.428,developing,0.354,0.34,diagnostic_and_practice
LSK01898,LRN0211,SK002,Git & Version Control,0.56,competent,0.596,0.57,diagnostic_and_practice
LSK01899,LRN0211,SK008,Problem Solving (DSA Practice),0.78,proficient,0.772,0.45,diagnostic_and_practice
LSK01900,LRN0212,SK003,Python Data Structures,0.255,developing,0.363,0.54,diagnostic_and_practice
LSK01901,LRN0212,SK017,Inferential Statistics,0.641,competent,0.564,0.38,diagnostic_and_practice
LSK01902,LRN0212,SK021,ML Foundations,0.801,proficient,0.879,0.81,diagnostic_and_practice
LSK01903,LRN0212,SK022,Regression Techniques,0.86,advanced,0.923,0.53,diagnostic_and_practice
LSK01904,LRN0212,SK023,Classification Techniques,0.127,novice,0.144,0.52,diagnostic_and_practice
LSK01905,LRN0212,SK024,Model Evaluation,0.318,developing,0.201,0.88,diagnostic_and_practice
LSK01906,LRN0212,SK001,Python Basics,0.557,competent,0.67,0.67,diagnostic_and_practice
LSK01907,LRN0212,SK002,Git & Version Control,0.662,proficient,0.72,0.8,diagnostic_and_practice
LSK01908,LRN0212,SK008,Problem Solving (DSA Practice),0.868,advanced,0.969,0.77,diagnostic_and_practice
LSK01909,LRN0213,SK021,ML Foundations,0.569,competent,0.498,0.85,diagnostic_and_practice
LSK01910,LRN0213,SK025,Feature Engineering,0.697,proficient,0.723,0.74,diagnostic_and_practice
LSK01911,LRN0213,SK027,Neural Networks,0.917,advanced,0.98,0.57,diagnostic_and_practice
LSK01912,LRN0213,SK028,Deep Learning,0.072,novice,0.05,0.58,diagnostic_and_practice
LSK01913,LRN0213,SK050,Model Deployment,0.368,developing,0.302,0.37,diagnostic_and_practice
LSK01914,LRN0213,SK024,Model Evaluation,0.601,competent,0.525,0.38,diagnostic_and_practice
LSK01915,LRN0213,SK001,Python Basics,0.823,proficient,0.777,0.89,diagnostic_and_practice
LSK01916,LRN0213,SK002,Git & Version Control,0.872,advanced,0.885,0.71,diagnostic_and_practice
LSK01917,LRN0213,SK008,Problem Solving (DSA Practice),0.112,novice,0.158,0.75,diagnostic_and_practice
LSK01918,LRN0214,SK031,HTML & CSS,0.686,proficient,0.743,0.54,diagnostic_and_practice
LSK01919,LRN0214,SK032,JavaScript Basics,0.965,advanced,0.873,0.7,diagnostic_and_practice
LSK01920,LRN0214,SK035,React Fundamentals,0.194,novice,0.242,0.79,diagnostic_and_practice
LSK01921,LRN0214,SK036,Node.js Basics,0.351,developing,0.316,0.88,diagnostic_and_practice
LSK01922,LRN0214,SK037,REST API Design,0.555,competent,0.654,0.55,diagnostic_and_practice
LSK01923,LRN0214,SK034,Database Design (RDBMS),0.767,proficient,0.798,0.49,diagnostic_and_practice
LSK01924,LRN0214,SK001,Python Basics,0.95,advanced,0.98,0.82,diagnostic_and_practice
LSK01925,LRN0214,SK002,Git & Version Control,0.096,novice,0.207,0.88,diagnostic_and_practice
LSK01926,LRN0214,SK008,Problem Solving (DSA Practice),0.434,developing,0.482,0.46,diagnostic_and_practice
LSK01927,LRN0215,SK019,Advanced SQL,0.957,advanced,0.98,0.66,diagnostic_and_practice
LSK01928,LRN0215,SK051,Data Modeling,0.14,novice,0.173,0.76,diagnostic_and_practice
LSK01929,LRN0215,SK053,ETL Fundamentals,0.397,developing,0.438,0.63,diagnostic_and_practice
LSK01930,LRN0215,SK057,Apache Spark Basics,0.609,competent,0.701,0.45,diagnostic_and_practice
LSK01931,LRN0215,SK054,Data Warehousing,0.798,proficient,0.749,0.72,diagnostic_and_practice
LSK01932,LRN0215,SK060,Data Pipeline Design,0.915,advanced,0.851,0.37,diagnostic_and_practice
LSK01933,LRN0215,SK001,Python Basics,0.142,novice,0.146,0.52,diagnostic_and_practice
LSK01934,LRN0215,SK002,Git & Version Control,0.358,developing,0.356,0.35,diagnostic_and_practice
LSK01935,LRN0215,SK008,Problem Solving (DSA Practice),0.629,competent,0.525,0.48,diagnostic_and_practice
LSK01936,LRN0216,SK041,Linux Fundamentals,0.138,novice,0.05,0.4,diagnostic_and_practice
LSK01937,LRN0216,SK042,Cloud Computing Basics,0.378,developing,0.436,0.81,diagnostic_and_practice
LSK01938,LRN0216,SK044,AWS Core Services,0.494,competent,0.379,0.46,diagnostic_and_practice
LSK01939,LRN0216,SK045,Docker Fundamentals,0.752,proficient,0.815,0.78,diagnostic_and_practice
LSK01940,LRN0216,SK047,Kubernetes Basics,0.947,advanced,0.841,0.38,diagnostic_and_practice
LSK01941,LRN0216,SK048,CI/CD Pipelines,0.231,novice,0.226,0.32,diagnostic_and_practice
LSK01942,LRN0216,SK001,Python Basics,0.358,developing,0.463,0.73,diagnostic_and_practice
LSK01943,LRN0216,SK002,Git & Version Control,0.545,competent,0.644,0.66,diagnostic_and_practice
LSK01944,LRN0216,SK008,Problem Solving (DSA Practice),0.749,proficient,0.736,0.42,diagnostic_and_practice
LSK01945,LRN0217,SK012,SQL Basics,0.429,developing,0.486,0.4,diagnostic_and_practice
LSK01946,LRN0217,SK019,Advanced SQL,0.641,competent,0.62,0.88,diagnostic_and_practice
LSK01947,LRN0217,SK013,Excel for Data Analysis,0.711,proficient,0.6,0.38,diagnostic_and_practice
LSK01948,LRN0217,SK016,Data Visualization,0.869,advanced,0.949,0.61,diagnostic_and_practice
LSK01949,LRN0217,SK011,Descriptive Statistics,0.054,novice,0.07,0.33,diagnostic_and_practice
LSK01950,LRN0217,SK018,Exploratory Data Analysis,0.401,developing,0.429,0.34,diagnostic_and_practice
LSK01951,LRN0217,SK001,Python Basics,0.583,competent,0.579,0.87,diagnostic_and_practice
LSK01952,LRN0217,SK002,Git & Version Control,0.827,proficient,0.811,0.5,diagnostic_and_practice
LSK01953,LRN0217,SK008,Problem Solving (DSA Practice),0.946,advanced,0.834,0.47,diagnostic_and_practice
LSK01954,LRN0218,SK003,Python Data Structures,0.59,competent,0.601,0.5,diagnostic_and_practice
LSK01955,LRN0218,SK017,Inferential Statistics,0.663,proficient,0.596,0.87,diagnostic_and_practice
LSK01956,LRN0218,SK021,ML Foundations,0.936,advanced,0.835,0.46,diagnostic_and_practice
LSK01957,LRN0218,SK022,Regression Techniques,0.161,novice,0.065,0.76,diagnostic_and_practice
LSK01958,LRN0218,SK023,Classification Techniques,0.375,developing,0.353,0.83,diagnostic_and_practice
LSK01959,LRN0218,SK024,Model Evaluation,0.586,competent,0.635,0.61,diagnostic_and_practice
LSK01960,LRN0218,SK001,Python Basics,0.825,proficient,0.722,0.7,diagnostic_and_practice
LSK01961,LRN0218,SK002,Git & Version Control,0.911,advanced,0.961,0.71,diagnostic_and_practice
LSK01962,LRN0218,SK008,Problem Solving (DSA Practice),0.098,novice,0.202,0.9,diagnostic_and_practice
LSK01963,LRN0219,SK021,ML Foundations,0.817,proficient,0.914,0.4,diagnostic_and_practice
LSK01964,LRN0219,SK025,Feature Engineering,0.945,advanced,0.913,0.34,diagnostic_and_practice
LSK01965,LRN0219,SK027,Neural Networks,0.115,novice,0.099,0.39,diagnostic_and_practice
LSK01966,LRN0219,SK028,Deep Learning,0.313,developing,0.37,0.73,diagnostic_and_practice
LSK01967,LRN0219,SK050,Model Deployment,0.602,competent,0.54,0.41,diagnostic_and_practice
LSK01968,LRN0219,SK024,Model Evaluation,0.847,proficient,0.832,0.36,diagnostic_and_practice
LSK01969,LRN0219,SK001,Python Basics,0.93,advanced,0.841,0.46,diagnostic_and_practice
LSK01970,LRN0219,SK002,Git & Version Control,0.171,novice,0.217,0.35,diagnostic_and_practice
LSK01971,LRN0219,SK008,Problem Solving (DSA Practice),0.418,developing,0.384,0.59,diagnostic_and_practice
LSK01972,LRN0220,SK031,HTML & CSS,0.877,advanced,0.797,0.71,diagnostic_and_practice
LSK01973,LRN0220,SK032,JavaScript Basics,0.088,novice,0.05,0.39,diagnostic_and_practice
LSK01974,LRN0220,SK035,React Fundamentals,0.423,developing,0.432,0.36,diagnostic_and_practice
LSK01975,LRN0220,SK036,Node.js Basics,0.506,competent,0.442,0.61,diagnostic_and_practice
LSK01976,LRN0220,SK037,REST API Design,0.735,proficient,0.853,0.45,diagnostic_and_practice
LSK01977,LRN0220,SK034,Database Design (RDBMS),0.882,advanced,0.87,0.81,diagnostic_and_practice
LSK01978,LRN0220,SK001,Python Basics,0.071,novice,0.05,0.38,diagnostic_and_practice
LSK01979,LRN0220,SK002,Git & Version Control,0.32,developing,0.258,0.62,diagnostic_and_practice
LSK01980,LRN0220,SK008,Problem Solving (DSA Practice),0.639,competent,0.583,0.65,diagnostic_and_practice
LSK01981,LRN0221,SK019,Advanced SQL,0.069,novice,0.05,0.77,diagnostic_and_practice
LSK01982,LRN0221,SK051,Data Modeling,0.296,developing,0.409,0.73,diagnostic_and_practice
LSK01983,LRN0221,SK053,ETL Fundamentals,0.543,competent,0.502,0.35,diagnostic_and_practice
LSK01984,LRN0221,SK057,Apache Spark Basics,0.713,proficient,0.603,0.42,diagnostic_and_practice
LSK01985,LRN0221,SK054,Data Warehousing,0.879,advanced,0.815,0.45,diagnostic_and_practice
LSK01986,LRN0221,SK060,Data Pipeline Design,0.117,novice,0.05,0.71,diagnostic_and_practice
LSK01987,LRN0221,SK001,Python Basics,0.404,developing,0.395,0.61,diagnostic_and_practice
LSK01988,LRN0221,SK002,Git & Version Control,0.551,competent,0.62,0.38,diagnostic_and_practice
LSK01989,LRN0221,SK008,Problem Solving (DSA Practice),0.686,proficient,0.765,0.83,diagnostic_and_practice
LSK01990,LRN0222,SK041,Linux Fundamentals,0.319,developing,0.361,0.61,diagnostic_and_practice
LSK01991,LRN0222,SK042,Cloud Computing Basics,0.61,competent,0.718,0.86,diagnostic_and_practice
LSK01992,LRN0222,SK044,AWS Core Services,0.786,proficient,0.734,0.33,diagnostic_and_practice
LSK01993,LRN0222,SK045,Docker Fundamentals,0.9,advanced,0.98,0.7,diagnostic_and_practice
LSK01994,LRN0222,SK047,Kubernetes Basics,0.246,novice,0.24,0.73,diagnostic_and_practice
LSK01995,LRN0222,SK048,CI/CD Pipelines,0.424,developing,0.32,0.86,diagnostic_and_practice
LSK01996,LRN0222,SK001,Python Basics,0.531,competent,0.63,0.52,diagnostic_and_practice
LSK01997,LRN0222,SK002,Git & Version Control,0.823,proficient,0.731,0.33,diagnostic_and_practice
LSK01998,LRN0222,SK008,Problem Solving (DSA Practice),0.901,advanced,0.94,0.67,diagnostic_and_practice
LSK01999,LRN0223,SK012,SQL Basics,0.621,competent,0.711,0.78,diagnostic_and_practice
LSK02000,LRN0223,SK019,Advanced SQL,0.74,proficient,0.765,0.88,diagnostic_and_practice
LSK02001,LRN0223,SK013,Excel for Data Analysis,0.905,advanced,0.957,0.37,diagnostic_and_practice
LSK02002,LRN0223,SK016,Data Visualization,0.19,novice,0.274,0.41,diagnostic_and_practice
LSK02003,LRN0223,SK011,Descriptive Statistics,0.39,developing,0.391,0.32,diagnostic_and_practice
LSK02004,LRN0223,SK018,Exploratory Data Analysis,0.621,competent,0.581,0.78,diagnostic_and_practice
LSK02005,LRN0223,SK001,Python Basics,0.772,proficient,0.88,0.66,diagnostic_and_practice
LSK02006,LRN0223,SK002,Git & Version Control,0.86,advanced,0.771,0.65,diagnostic_and_practice
LSK02007,LRN0223,SK008,Problem Solving (DSA Practice),0.244,novice,0.154,0.67,diagnostic_and_practice
LSK02008,LRN0224,SK003,Python Data Structures,0.779,proficient,0.712,0.49,diagnostic_and_practice
LSK02009,LRN0224,SK017,Inferential Statistics,0.938,advanced,0.918,0.37,diagnostic_and_practice
LSK02010,LRN0224,SK021,ML Foundations,0.206,novice,0.153,0.89,diagnostic_and_practice
LSK02011,LRN0224,SK022,Regression Techniques,0.275,developing,0.287,0.89,diagnostic_and_practice
LSK02012,LRN0224,SK023,Classification Techniques,0.646,competent,0.67,0.59,diagnostic_and_practice
LSK02013,LRN0224,SK024,Model Evaluation,0.656,proficient,0.615,0.66,diagnostic_and_practice
LSK02014,LRN0224,SK001,Python Basics,0.904,advanced,0.813,0.71,diagnostic_and_practice
LSK02015,LRN0224,SK002,Git & Version Control,0.139,novice,0.124,0.71,diagnostic_and_practice
LSK02016,LRN0224,SK008,Problem Solving (DSA Practice),0.265,developing,0.285,0.88,diagnostic_and_practice
LSK02017,LRN0225,SK021,ML Foundations,0.881,advanced,0.96,0.82,diagnostic_and_practice
LSK02018,LRN0225,SK025,Feature Engineering,0.092,novice,0.05,0.66,diagnostic_and_practice
LSK02019,LRN0225,SK027,Neural Networks,0.383,developing,0.361,0.85,diagnostic_and_practice
LSK02020,LRN0225,SK028,Deep Learning,0.593,competent,0.695,0.55,diagnostic_and_practice
LSK02021,LRN0225,SK050,Model Deployment,0.801,proficient,0.904,0.54,diagnostic_and_practice
LSK02022,LRN0225,SK024,Model Evaluation,0.899,advanced,0.98,0.61,diagnostic_and_practice
LSK02023,LRN0225,SK001,Python Basics,0.091,novice,0.086,0.61,diagnostic_and_practice
LSK02024,LRN0225,SK002,Git & Version Control,0.255,developing,0.346,0.69,diagnostic_and_practice
LSK02025,LRN0225,SK008,Problem Solving (DSA Practice),0.573,competent,0.617,0.75,diagnostic_and_practice
LSK02026,LRN0226,SK031,HTML & CSS,0.158,novice,0.21,0.85,diagnostic_and_practice
LSK02027,LRN0226,SK032,JavaScript Basics,0.328,developing,0.332,0.84,diagnostic_and_practice
LSK02028,LRN0226,SK035,React Fundamentals,0.463,competent,0.48,0.61,diagnostic_and_practice
LSK02029,LRN0226,SK036,Node.js Basics,0.835,proficient,0.923,0.32,diagnostic_and_practice
LSK02030,LRN0226,SK037,REST API Design,0.857,advanced,0.796,0.37,diagnostic_and_practice
LSK02031,LRN0226,SK034,Database Design (RDBMS),0.105,novice,0.05,0.66,diagnostic_and_practice
LSK02032,LRN0226,SK001,Python Basics,0.342,developing,0.313,0.31,diagnostic_and_practice
LSK02033,LRN0226,SK002,Git & Version Control,0.569,competent,0.688,0.46,diagnostic_and_practice
LSK02034,LRN0226,SK008,Problem Solving (DSA Practice),0.685,proficient,0.637,0.67,diagnostic_and_practice
LSK02035,LRN0227,SK019,Advanced SQL,0.318,developing,0.208,0.58,diagnostic_and_practice
LSK02036,LRN0227,SK051,Data Modeling,0.578,competent,0.534,0.78,diagnostic_and_practice
LSK02037,LRN0227,SK053,ETL Fundamentals,0.653,proficient,0.662,0.35,diagnostic_and_practice
LSK02038,LRN0227,SK057,Apache Spark Basics,0.92,advanced,0.98,0.36,diagnostic_and_practice
LSK02039,LRN0227,SK054,Data Warehousing,0.065,novice,0.088,0.55,diagnostic_and_practice
LSK02040,LRN0227,SK060,Data Pipeline Design,0.377,developing,0.434,0.53,diagnostic_and_practice
LSK02041,LRN0227,SK001,Python Basics,0.498,competent,0.447,0.76,diagnostic_and_practice
LSK02042,LRN0227,SK002,Git & Version Control,0.678,proficient,0.769,0.42,diagnostic_and_practice
LSK02043,LRN0227,SK008,Problem Solving (DSA Practice),0.863,advanced,0.841,0.9,diagnostic_and_practice
LSK02044,LRN0228,SK041,Linux Fundamentals,0.453,competent,0.463,0.41,diagnostic_and_practice
LSK02045,LRN0228,SK042,Cloud Computing Basics,0.707,proficient,0.743,0.89,diagnostic_and_practice
LSK02046,LRN0228,SK044,AWS Core Services,0.919,advanced,0.874,0.74,diagnostic_and_practice
LSK02047,LRN0228,SK045,Docker Fundamentals,0.179,novice,0.272,0.61,diagnostic_and_practice
LSK02048,LRN0228,SK047,Kubernetes Basics,0.311,developing,0.294,0.83,diagnostic_and_practice
LSK02049,LRN0228,SK048,CI/CD Pipelines,0.479,competent,0.572,0.62,diagnostic_and_practice
LSK02050,LRN0228,SK001,Python Basics,0.816,proficient,0.898,0.88,diagnostic_and_practice
LSK02051,LRN0228,SK002,Git & Version Control,0.933,advanced,0.948,0.46,diagnostic_and_practice
LSK02052,LRN0228,SK008,Problem Solving (DSA Practice),0.242,novice,0.341,0.7,diagnostic_and_practice
LSK02053,LRN0229,SK012,SQL Basics,0.754,proficient,0.855,0.89,diagnostic_and_practice
LSK02054,LRN0229,SK019,Advanced SQL,0.902,advanced,0.973,0.37,diagnostic_and_practice
LSK02055,LRN0229,SK013,Excel for Data Analysis,0.09,novice,0.158,0.84,diagnostic_and_practice
LSK02056,LRN0229,SK016,Data Visualization,0.445,developing,0.519,0.64,diagnostic_and_practice
LSK02057,LRN0229,SK011,Descriptive Statistics,0.556,competent,0.664,0.82,diagnostic_and_practice
LSK02058,LRN0229,SK018,Exploratory Data Analysis,0.68,proficient,0.685,0.87,diagnostic_and_practice
LSK02059,LRN0229,SK001,Python Basics,0.927,advanced,0.971,0.41,diagnostic_and_practice
LSK02060,LRN0229,SK002,Git & Version Control,0.202,novice,0.133,0.82,diagnostic_and_practice
LSK02061,LRN0229,SK008,Problem Solving (DSA Practice),0.438,developing,0.444,0.52,diagnostic_and_practice
LSK02062,LRN0230,SK003,Python Data Structures,0.934,advanced,0.922,0.61,diagnostic_and_practice
LSK02063,LRN0230,SK017,Inferential Statistics,0.069,novice,0.05,0.5,diagnostic_and_practice
LSK02064,LRN0230,SK021,ML Foundations,0.382,developing,0.292,0.44,diagnostic_and_practice
LSK02065,LRN0230,SK022,Regression Techniques,0.569,competent,0.587,0.78,diagnostic_and_practice
LSK02066,LRN0230,SK023,Classification Techniques,0.76,proficient,0.737,0.57,diagnostic_and_practice
LSK02067,LRN0230,SK024,Model Evaluation,0.9,advanced,0.98,0.84,diagnostic_and_practice
LSK02068,LRN0230,SK001,Python Basics,0.141,novice,0.112,0.32,diagnostic_and_practice
LSK02069,LRN0230,SK002,Git & Version Control,0.262,developing,0.165,0.6,diagnostic_and_practice
LSK02070,LRN0230,SK008,Problem Solving (DSA Practice),0.58,competent,0.6,0.38,diagnostic_and_practice
LSK02071,LRN0231,SK021,ML Foundations,0.074,novice,0.071,0.33,diagnostic_and_practice
LSK02072,LRN0231,SK025,Feature Engineering,0.408,developing,0.485,0.83,diagnostic_and_practice
LSK02073,LRN0231,SK027,Neural Networks,0.467,competent,0.352,0.62,diagnostic_and_practice
LSK02074,LRN0231,SK028,Deep Learning,0.764,proficient,0.758,0.41,diagnostic_and_practice
LSK02075,LRN0231,SK050,Model Deployment,0.859,advanced,0.912,0.69,diagnostic_and_practice
LSK02076,LRN0231,SK024,Model Evaluation,0.24,novice,0.323,0.41,diagnostic_and_practice
LSK02077,LRN0231,SK001,Python Basics,0.285,developing,0.19,0.39,diagnostic_and_practice
LSK02078,LRN0231,SK002,Git & Version Control,0.595,competent,0.536,0.87,diagnostic_and_practice
LSK02079,LRN0231,SK008,Problem Solving (DSA Practice),0.826,proficient,0.74,0.3,diagnostic_and_practice
LSK02080,LRN0232,SK031,HTML & CSS,0.349,developing,0.258,0.34,diagnostic_and_practice
LSK02081,LRN0232,SK032,JavaScript Basics,0.51,competent,0.451,0.53,diagnostic_and_practice
LSK02082,LRN0232,SK035,React Fundamentals,0.669,proficient,0.754,0.61,diagnostic_and_practice
LSK02083,LRN0232,SK036,Node.js Basics,0.895,advanced,0.844,0.37,diagnostic_and_practice
LSK02084,LRN0232,SK037,REST API Design,0.168,novice,0.176,0.74,diagnostic_and_practice
LSK02085,LRN0232,SK034,Database Design (RDBMS),0.251,developing,0.258,0.34,diagnostic_and_practice
LSK02086,LRN0232,SK001,Python Basics,0.631,competent,0.578,0.35,diagnostic_and_practice
LSK02087,LRN0232,SK002,Git & Version Control,0.755,proficient,0.655,0.34,diagnostic_and_practice
LSK02088,LRN0232,SK008,Problem Solving (DSA Practice),0.902,advanced,0.98,0.59,diagnostic_and_practice
LSK02089,LRN0233,SK019,Advanced SQL,0.603,competent,0.614,0.83,diagnostic_and_practice
LSK02090,LRN0233,SK051,Data Modeling,0.663,proficient,0.551,0.43,diagnostic_and_practice
LSK02091,LRN0233,SK053,ETL Fundamentals,0.956,advanced,0.885,0.39,diagnostic_and_practice
LSK02092,LRN0233,SK057,Apache Spark Basics,0.2,novice,0.093,0.48,diagnostic_and_practice
LSK02093,LRN0233,SK054,Data Warehousing,0.388,developing,0.376,0.62,diagnostic_and_practice
LSK02094,LRN0233,SK060,Data Pipeline Design,0.588,competent,0.691,0.53,diagnostic_and_practice
LSK02095,LRN0233,SK001,Python Basics,0.729,proficient,0.72,0.68,diagnostic_and_practice
LSK02096,LRN0233,SK002,Git & Version Control,0.955,advanced,0.98,0.56,diagnostic_and_practice
LSK02097,LRN0233,SK008,Problem Solving (DSA Practice),0.079,novice,0.089,0.38,diagnostic_and_practice
LSK02098,LRN0234,SK041,Linux Fundamentals,0.77,proficient,0.884,0.73,diagnostic_and_practice
LSK02099,LRN0234,SK042,Cloud Computing Basics,0.966,advanced,0.934,0.54,diagnostic_and_practice
LSK02100,LRN0234,SK044,AWS Core Services,0.07,novice,0.119,0.83,diagnostic_and_practice
LSK02101,LRN0234,SK045,Docker Fundamentals,0.43,developing,0.55,0.35,diagnostic_and_practice
LSK02102,LRN0234,SK047,Kubernetes Basics,0.602,competent,0.597,0.65,diagnostic_and_practice
LSK02103,LRN0234,SK048,CI/CD Pipelines,0.77,proficient,0.855,0.46,diagnostic_and_practice
LSK02104,LRN0234,SK001,Python Basics,0.923,advanced,0.819,0.59,diagnostic_and_practice
LSK02105,LRN0234,SK002,Git & Version Control,0.106,novice,0.05,0.53,diagnostic_and_practice
LSK02106,LRN0234,SK008,Problem Solving (DSA Practice),0.296,developing,0.287,0.72,diagnostic_and_practice
LSK02107,LRN0235,SK012,SQL Basics,0.927,advanced,0.937,0.64,diagnostic_and_practice
LSK02108,LRN0235,SK019,Advanced SQL,0.078,novice,0.098,0.87,diagnostic_and_practice
LSK02109,LRN0235,SK013,Excel for Data Analysis,0.376,developing,0.471,0.73,diagnostic_and_practice
LSK02110,LRN0235,SK016,Data Visualization,0.482,competent,0.424,0.51,diagnostic_and_practice
LSK02111,LRN0235,SK011,Descriptive Statistics,0.726,proficient,0.632,0.49,diagnostic_and_practice
LSK02112,LRN0235,SK018,Exploratory Data Analysis,0.95,advanced,0.841,0.68,diagnostic_and_practice
LSK02113,LRN0235,SK001,Python Basics,0.171,novice,0.06,0.68,diagnostic_and_practice
LSK02114,LRN0235,SK002,Git & Version Control,0.283,developing,0.172,0.55,diagnostic_and_practice
LSK02115,LRN0235,SK008,Problem Solving (DSA Practice),0.579,competent,0.663,0.62,diagnostic_and_practice
LSK02116,LRN0236,SK003,Python Data Structures,0.131,novice,0.22,0.48,diagnostic_and_practice
LSK02117,LRN0236,SK017,Inferential Statistics,0.256,developing,0.164,0.58,diagnostic_and_practice
LSK02118,LRN0236,SK021,ML Foundations,0.607,competent,0.646,0.48,diagnostic_and_practice
LSK02119,LRN0236,SK022,Regression Techniques,0.659,proficient,0.543,0.85,diagnostic_and_practice
LSK02120,LRN0236,SK023,Classification Techniques,0.891,advanced,0.802,0.52,diagnostic_and_practice
LSK02121,LRN0236,SK024,Model Evaluation,0.19,novice,0.292,0.38,diagnostic_and_practice
LSK02122,LRN0236,SK001,Python Basics,0.362,developing,0.251,0.53,diagnostic_and_practice
LSK02123,LRN0236,SK002,Git & Version Control,0.562,competent,0.461,0.6,diagnostic_and_practice
LSK02124,LRN0236,SK008,Problem Solving (DSA Practice),0.708,proficient,0.672,0.52,diagnostic_and_practice
LSK02125,LRN0237,SK021,ML Foundations,0.314,developing,0.388,0.87,diagnostic_and_practice
LSK02126,LRN0237,SK025,Feature Engineering,0.554,competent,0.672,0.48,diagnostic_and_practice
LSK02127,LRN0237,SK027,Neural Networks,0.846,proficient,0.735,0.4,diagnostic_and_practice
LSK02128,LRN0237,SK028,Deep Learning,0.87,advanced,0.921,0.82,diagnostic_and_practice
LSK02129,LRN0237,SK050,Model Deployment,0.208,novice,0.117,0.55,diagnostic_and_practice
LSK02130,LRN0237,SK024,Model Evaluation,0.311,developing,0.282,0.72,diagnostic_and_practice
LSK02131,LRN0237,SK001,Python Basics,0.498,competent,0.44,0.4,diagnostic_and_practice
LSK02132,LRN0237,SK002,Git & Version Control,0.696,proficient,0.81,0.69,diagnostic_and_practice
LSK02133,LRN0237,SK008,Problem Solving (DSA Practice),0.963,advanced,0.954,0.65,diagnostic_and_practice
LSK02134,LRN0238,SK031,HTML & CSS,0.59,competent,0.533,0.49,diagnostic_and_practice
LSK02135,LRN0238,SK032,JavaScript Basics,0.794,proficient,0.711,0.36,diagnostic_and_practice
LSK02136,LRN0238,SK035,React Fundamentals,0.919,advanced,0.963,0.64,diagnostic_and_practice
LSK02137,LRN0238,SK036,Node.js Basics,0.185,novice,0.112,0.82,diagnostic_and_practice
LSK02138,LRN0238,SK037,REST API Design,0.447,developing,0.42,0.48,diagnostic_and_practice
LSK02139,LRN0238,SK034,Database Design (RDBMS),0.604,competent,0.511,0.8,diagnostic_and_practice
LSK02140,LRN0238,SK001,Python Basics,0.773,proficient,0.711,0.87,diagnostic_and_practice
LSK02141,LRN0238,SK002,Git & Version Control,0.939,advanced,0.98,0.34,diagnostic_and_practice
LSK02142,LRN0238,SK008,Problem Solving (DSA Practice),0.061,novice,0.144,0.4,diagnostic_and_practice
LSK02143,LRN0239,SK019,Advanced SQL,0.791,proficient,0.705,0.76,diagnostic_and_practice
LSK02144,LRN0239,SK051,Data Modeling,0.933,advanced,0.871,0.62,diagnostic_and_practice
LSK02145,LRN0239,SK053,ETL Fundamentals,0.205,novice,0.267,0.7,diagnostic_and_practice
LSK02146,LRN0239,SK057,Apache Spark Basics,0.396,developing,0.416,0.36,diagnostic_and_practice
LSK02147,LRN0239,SK054,Data Warehousing,0.597,competent,0.591,0.87,diagnostic_and_practice
LSK02148,LRN0239,SK060,Data Pipeline Design,0.742,proficient,0.786,0.42,diagnostic_and_practice
LSK02149,LRN0239,SK001,Python Basics,0.903,advanced,0.98,0.74,diagnostic_and_practice
LSK02150,LRN0239,SK002,Git & Version Control,0.224,novice,0.219,0.55,diagnostic_and_practice
LSK02151,LRN0239,SK008,Problem Solving (DSA Practice),0.384,developing,0.491,0.44,diagnostic_and_practice
LSK02152,LRN0240,SK041,Linux Fundamentals,0.946,advanced,0.98,0.46,diagnostic_and_practice
LSK02153,LRN0240,SK042,Cloud Computing Basics,0.109,novice,0.134,0.72,diagnostic_and_practice
LSK02154,LRN0240,SK044,AWS Core Services,0.324,developing,0.432,0.84,diagnostic_and_practice
LSK02155,LRN0240,SK045,Docker Fundamentals,0.588,competent,0.667,0.61,diagnostic_and_practice
LSK02156,LRN0240,SK047,Kubernetes Basics,0.695,proficient,0.708,0.73,diagnostic_and_practice
LSK02157,LRN0240,SK048,CI/CD Pipelines,0.942,advanced,0.98,0.77,diagnostic_and_practice
LSK02158,LRN0240,SK001,Python Basics,0.069,novice,0.083,0.42,diagnostic_and_practice
LSK02159,LRN0240,SK002,Git & Version Control,0.443,developing,0.49,0.67,diagnostic_and_practice
LSK02160,LRN0240,SK008,Problem Solving (DSA Practice),0.623,competent,0.628,0.74,diagnostic_and_practice
