path_item_id,path_id,learner_id,resource_id,skill_id,skill_name,sequence_order,status,estimated_minutes,required
ITEM00001,PATH0001,LRN0001,RES0036,SK012,SQL Basics,1,planned,300,True
ITEM00002,PATH0001,LRN0001,RES0056,SK019,Advanced SQL,2,planned,690,True
ITEM00003,PATH0001,LRN0001,RES0037,SK013,Excel for Data Analysis,3,planned,240,True
ITEM00004,PATH0001,LRN0001,RES0046,SK016,Data Visualization,4,mastered_skip,360,False
ITEM00005,PATH0001,LRN0001,RES0031,SK011,Descriptive Statistics,5,mastered_skip,120,False
ITEM00006,PATH0001,LRN0001,RES0054,SK018,Exploratory Data Analysis,6,planned,660,True
ITEM00007,PATH0002,LRN0002,RES0008,SK003,Python Data Structures,1,planned,330,True
ITEM00008,PATH0002,LRN0002,RES0049,SK017,Inferential Statistics,2,planned,480,True
ITEM00009,PATH0002,LRN0002,RES0061,SK021,ML Foundations,3,mastered_skip,120,False
ITEM00010,PATH0002,LRN0002,RES0064,SK022,Regression Techniques,4,mastered_skip,120,False
ITEM00011,PATH0002,LRN0002,RES0069,SK023,Classification Techniques,5,planned,420,True
ITEM00012,PATH0002,LRN0002,RES0071,SK024,Model Evaluation,6,planned,330,True
ITEM00013,PATH0003,LRN0003,RES0061,SK021,ML Foundations,1,planned,120,True
ITEM00014,PATH0003,LRN0003,RES0073,SK025,Feature Engineering,2,mastered_skip,360,False
ITEM00015,PATH0003,LRN0003,RES0079,SK027,Neural Networks,3,mastered_skip,480,False
ITEM00016,PATH0003,LRN0003,RES0084,SK028,Deep Learning,4,planned,660,True
ITEM00017,PATH0003,LRN0003,RES0149,SK050,Model Deployment,5,planned,690,True
ITEM00018,PATH0003,LRN0003,RES0070,SK024,Model Evaluation,6,planned,240,True
ITEM00019,PATH0004,LRN0004,RES0091,SK031,HTML & CSS,1,mastered_skip,120,False
ITEM00020,PATH0004,LRN0004,RES0094,SK032,JavaScript Basics,2,mastered_skip,120,False
ITEM00021,PATH0004,LRN0004,RES0105,SK035,React Fundamentals,3,planned,540,True
ITEM00022,PATH0004,LRN0004,RES0107,SK036,Node.js Basics,4,planned,450,True
ITEM00023,PATH0004,LRN0004,RES0109,SK037,REST API Design,5,planned,480,True
ITEM00024,PATH0004,LRN0004,RES0100,SK034,Database Design (RDBMS),6,mastered_skip,240,False
ITEM00025,PATH0005,LRN0005,RES0055,SK019,Advanced SQL,1,mastered_skip,600,False
ITEM00026,PATH0005,LRN0005,RES0153,SK051,Data Modeling,2,planned,300,True
ITEM00027,PATH0005,LRN0005,RES0158,SK053,ETL Fundamentals,3,planned,330,True
ITEM00028,PATH0005,LRN0005,RES0169,SK057,Apache Spark Basics,4,mastered_skip,480,False
ITEM00029,PATH0005,LRN0005,RES0160,SK054,Data Warehousing,5,mastered_skip,240,False
ITEM00030,PATH0005,LRN0005,RES0178,SK060,Data Pipeline Design,6,mastered_skip,600,False
ITEM00031,PATH0006,LRN0006,RES0123,SK041,Linux Fundamentals,1,planned,300,True
ITEM00032,PATH0006,LRN0006,RES0125,SK042,Cloud Computing Basics,2,planned,210,True
ITEM00033,PATH0006,LRN0006,RES0130,SK044,AWS Core Services,3,planned,240,True
ITEM00034,PATH0006,LRN0006,RES0133,SK045,Docker Fundamentals,4,mastered_skip,360,False
ITEM00035,PATH0006,LRN0006,RES0139,SK047,Kubernetes Basics,5,mastered_skip,480,False
ITEM00036,PATH0006,LRN0006,RES0144,SK048,CI/CD Pipelines,6,planned,660,True
ITEM00037,PATH0007,LRN0007,RES0035,SK012,SQL Basics,1,planned,210,True
ITEM00038,PATH0007,LRN0007,RES0055,SK019,Advanced SQL,2,mastered_skip,600,False
ITEM00039,PATH0007,LRN0007,RES0037,SK013,Excel for Data Analysis,3,mastered_skip,240,False
ITEM00040,PATH0007,LRN0007,RES0046,SK016,Data Visualization,4,mastered_skip,360,False
ITEM00041,PATH0007,LRN0007,RES0033,SK011,Descriptive Statistics,5,planned,300,True
ITEM00042,PATH0007,LRN0007,RES0053,SK018,Exploratory Data Analysis,6,planned,570,True
ITEM00043,PATH0008,LRN0008,RES0007,SK003,Python Data Structures,1,planned,240,True
ITEM00044,PATH0008,LRN0008,RES0049,SK017,Inferential Statistics,2,mastered_skip,480,False
ITEM00045,PATH0008,LRN0008,RES0061,SK021,ML Foundations,3,mastered_skip,120,False
ITEM00046,PATH0008,LRN0008,RES0066,SK022,Regression Techniques,4,planned,300,True
ITEM00047,PATH0008,LRN0008,RES0068,SK023,Classification Techniques,5,planned,330,True
ITEM00048,PATH0008,LRN0008,RES0070,SK024,Model Evaluation,6,planned,240,True
ITEM00049,PATH0009,LRN0009,RES0061,SK021,ML Foundations,1,mastered_skip,120,False
ITEM00050,PATH0009,LRN0009,RES0073,SK025,Feature Engineering,2,mastered_skip,360,False
ITEM00051,PATH0009,LRN0009,RES0081,SK027,Neural Networks,3,planned,660,True
ITEM00052,PATH0009,LRN0009,RES0083,SK028,Deep Learning,4,planned,570,True
ITEM00053,PATH0009,LRN0009,RES0148,SK050,Model Deployment,5,planned,600,True
ITEM00054,PATH0009,LRN0009,RES0070,SK024,Model Evaluation,6,mastered_skip,240,False
ITEM00055,PATH0010,LRN0010,RES0091,SK031,HTML & CSS,1,mastered_skip,120,False
ITEM00056,PATH0010,LRN0010,RES0096,SK032,JavaScript Basics,2,planned,300,True
ITEM00057,PATH0010,LRN0010,RES0104,SK035,React Fundamentals,3,planned,450,True
ITEM00058,PATH0010,LRN0010,RES0106,SK036,Node.js Basics,4,planned,360,True
ITEM00059,PATH0010,LRN0010,RES0109,SK037,REST API Design,5,mastered_skip,480,False
ITEM00060,PATH0010,LRN0010,RES0100,SK034,Database Design (RDBMS),6,mastered_skip,240,False
ITEM00061,PATH0011,LRN0011,RES0057,SK019,Advanced SQL,1,planned,780,True
ITEM00062,PATH0011,LRN0011,RES0152,SK051,Data Modeling,2,planned,210,True
ITEM00063,PATH0011,LRN0011,RES0157,SK053,ETL Fundamentals,3,mastered_skip,240,False
ITEM00064,PATH0011,LRN0011,RES0169,SK057,Apache Spark Basics,4,mastered_skip,480,False
ITEM00065,PATH0011,LRN0011,RES0160,SK054,Data Warehousing,5,mastered_skip,240,False
ITEM00066,PATH0011,LRN0011,RES0180,SK060,Data Pipeline Design,6,planned,780,True
ITEM00067,PATH0012,LRN0012,RES0122,SK041,Linux Fundamentals,1,planned,210,True
ITEM00068,PATH0012,LRN0012,RES0124,SK042,Cloud Computing Basics,2,planned,120,True
ITEM00069,PATH0012,LRN0012,RES0130,SK044,AWS Core Services,3,mastered_skip,240,False
ITEM00070,PATH0012,LRN0012,RES0133,SK045,Docker Fundamentals,4,mastered_skip,360,False
ITEM00071,PATH0012,LRN0012,RES0141,SK047,Kubernetes Basics,5,planned,660,True
ITEM00072,PATH0012,LRN0012,RES0143,SK048,CI/CD Pipelines,6,planned,570,True
ITEM00073,PATH0013,LRN0013,RES0034,SK012,SQL Basics,1,mastered_skip,120,False
ITEM00074,PATH0013,LRN0013,RES0055,SK019,Advanced SQL,2,mastered_skip,600,False
ITEM00075,PATH0013,LRN0013,RES0037,SK013,Excel for Data Analysis,3,mastered_skip,240,False
ITEM00076,PATH0013,LRN0013,RES0048,SK016,Data Visualization,4,planned,540,True
ITEM00077,PATH0013,LRN0013,RES0032,SK011,Descriptive Statistics,5,planned,210,True
ITEM00078,PATH0013,LRN0013,RES0052,SK018,Exploratory Data Analysis,6,planned,480,True
ITEM00079,PATH0014,LRN0014,RES0007,SK003,Python Data Structures,1,mastered_skip,240,False
ITEM00080,PATH0014,LRN0014,RES0049,SK017,Inferential Statistics,2,mastered_skip,480,False
ITEM00081,PATH0014,LRN0014,RES0063,SK021,ML Foundations,3,planned,300,True
ITEM00082,PATH0014,LRN0014,RES0065,SK022,Regression Techniques,4,planned,210,True
ITEM00083,PATH0014,LRN0014,RES0067,SK023,Classification Techniques,5,mastered_skip,240,False
ITEM00084,PATH0014,LRN0014,RES0070,SK024,Model Evaluation,6,mastered_skip,240,False
ITEM00085,PATH0015,LRN0015,RES0061,SK021,ML Foundations,1,mastered_skip,120,False
ITEM00086,PATH0015,LRN0015,RES0075,SK025,Feature Engineering,2,planned,540,True
ITEM00087,PATH0015,LRN0015,RES0080,SK027,Neural Networks,3,planned,570,True
ITEM00088,PATH0015,LRN0015,RES0082,SK028,Deep Learning,4,planned,480,True
ITEM00089,PATH0015,LRN0015,RES0148,SK050,Model Deployment,5,mastered_skip,600,False
ITEM00090,PATH0015,LRN0015,RES0070,SK024,Model Evaluation,6,mastered_skip,240,False
ITEM00091,PATH0016,LRN0016,RES0093,SK031,HTML & CSS,1,planned,300,True
ITEM00092,PATH0016,LRN0016,RES0095,SK032,JavaScript Basics,2,planned,210,True
ITEM00093,PATH0016,LRN0016,RES0103,SK035,React Fundamentals,3,mastered_skip,360,False
ITEM00094,PATH0016,LRN0016,RES0106,SK036,Node.js Basics,4,mastered_skip,360,False
ITEM00095,PATH0016,LRN0016,RES0109,SK037,REST API Design,5,mastered_skip,480,False
ITEM00096,PATH0016,LRN0016,RES0102,SK034,Database Design (RDBMS),6,planned,420,True
ITEM00097,PATH0017,LRN0017,RES0056,SK019,Advanced SQL,1,planned,690,True
ITEM00098,PATH0017,LRN0017,RES0151,SK051,Data Modeling,2,planned,120,True
ITEM00099,PATH0017,LRN0017,RES0157,SK053,ETL Fundamentals,3,mastered_skip,240,False
ITEM00100,PATH0017,LRN0017,RES0169,SK057,Apache Spark Basics,4,mastered_skip,480,False
ITEM00101,PATH0017,LRN0017,RES0162,SK054,Data Warehousing,5,planned,420,True
ITEM00102,PATH0017,LRN0017,RES0179,SK060,Data Pipeline Design,6,planned,690,True
ITEM00103,PATH0018,LRN0018,RES0121,SK041,Linux Fundamentals,1,planned,120,True
ITEM00104,PATH0018,LRN0018,RES0124,SK042,Cloud Computing Basics,2,mastered_skip,120,False
ITEM00105,PATH0018,LRN0018,RES0130,SK044,AWS Core Services,3,mastered_skip,240,False
ITEM00106,PATH0018,LRN0018,RES0135,SK045,Docker Fundamentals,4,planned,540,True
ITEM00107,PATH0018,LRN0018,RES0140,SK047,Kubernetes Basics,5,planned,570,True
ITEM00108,PATH0018,LRN0018,RES0142,SK048,CI/CD Pipelines,6,planned,480,True
ITEM00109,PATH0019,LRN0019,RES0034,SK012,SQL Basics,1,mastered_skip,120,False
ITEM00110,PATH0019,LRN0019,RES0055,SK019,Advanced SQL,2,mastered_skip,600,False
ITEM00111,PATH0019,LRN0019,RES0039,SK013,Excel for Data Analysis,3,planned,420,True
ITEM00112,PATH0019,LRN0019,RES0047,SK016,Data Visualization,4,planned,450,True
ITEM00113,PATH0019,LRN0019,RES0031,SK011,Descriptive Statistics,5,planned,120,True
ITEM00114,PATH0019,LRN0019,RES0052,SK018,Exploratory Data Analysis,6,mastered_skip,480,False
ITEM00115,PATH0020,LRN0020,RES0007,SK003,Python Data Structures,1,mastered_skip,240,False
ITEM00116,PATH0020,LRN0020,RES0051,SK017,Inferential Statistics,2,planned,660,True
ITEM00117,PATH0020,LRN0020,RES0062,SK021,ML Foundations,3,planned,210,True
ITEM00118,PATH0020,LRN0020,RES0064,SK022,Regression Techniques,4,planned,120,True
ITEM00119,PATH0020,LRN0020,RES0067,SK023,Classification Techniques,5,mastered_skip,240,False
ITEM00120,PATH0020,LRN0020,RES0070,SK024,Model Evaluation,6,mastered_skip,240,False
ITEM00121,PATH0021,LRN0021,RES0063,SK021,ML Foundations,1,planned,300,True
ITEM00122,PATH0021,LRN0021,RES0074,SK025,Feature Engineering,2,planned,450,True
ITEM00123,PATH0021,LRN0021,RES0079,SK027,Neural Networks,3,planned,480,True
ITEM00124,PATH0021,LRN0021,RES0082,SK028,Deep Learning,4,mastered_skip,480,False
ITEM00125,PATH0021,LRN0021,RES0148,SK050,Model Deployment,5,mastered_skip,600,False
ITEM00126,PATH0021,LRN0021,RES0072,SK024,Model Evaluation,6,planned,420,True
ITEM00127,PATH0022,LRN0022,RES0092,SK031,HTML & CSS,1,planned,210,True
ITEM00128,PATH0022,LRN0022,RES0094,SK032,JavaScript Basics,2,planned,120,True
ITEM00129,PATH0022,LRN0022,RES0103,SK035,React Fundamentals,3,mastered_skip,360,False
ITEM00130,PATH0022,LRN0022,RES0106,SK036,Node.js Basics,4,mastered_skip,360,False
ITEM00131,PATH0022,LRN0022,RES0111,SK037,REST API Design,5,planned,660,True
ITEM00132,PATH0022,LRN0022,RES0101,SK034,Database Design (RDBMS),6,planned,330,True
ITEM00133,PATH0023,LRN0023,RES0055,SK019,Advanced SQL,1,mastered_skip,600,False
ITEM00134,PATH0023,LRN0023,RES0151,SK051,Data Modeling,2,mastered_skip,120,False
ITEM00135,PATH0023,LRN0023,RES0157,SK053,ETL Fundamentals,3,mastered_skip,240,False
ITEM00136,PATH0023,LRN0023,RES0171,SK057,Apache Spark Basics,4,planned,660,True
ITEM00137,PATH0023,LRN0023,RES0161,SK054,Data Warehousing,5,planned,330,True
ITEM00138,PATH0023,LRN0023,RES0178,SK060,Data Pipeline Design,6,planned,600,True
ITEM00139,PATH0024,LRN0024,RES0121,SK041,Linux Fundamentals,1,mastered_skip,120,False
ITEM00140,PATH0024,LRN0024,RES0124,SK042,Cloud Computing Basics,2,mastered_skip,120,False
ITEM00141,PATH0024,LRN0024,RES0132,SK044,AWS Core Services,3,planned,420,True
ITEM00142,PATH0024,LRN0024,RES0134,SK045,Docker Fundamentals,4,planned,450,True
ITEM00143,PATH0024,LRN0024,RES0139,SK047,Kubernetes Basics,5,mastered_skip,480,False
ITEM00144,PATH0024,LRN0024,RES0142,SK048,CI/CD Pipelines,6,mastered_skip,480,False
ITEM00145,PATH0025,LRN0025,RES0034,SK012,SQL Basics,1,mastered_skip,120,False
ITEM00146,PATH0025,LRN0025,RES0057,SK019,Advanced SQL,2,planned,780,True
ITEM00147,PATH0025,LRN0025,RES0038,SK013,Excel for Data Analysis,3,planned,330,True
ITEM00148,PATH0025,LRN0025,RES0046,SK016,Data Visualization,4,planned,360,True
ITEM00149,PATH0025,LRN0025,RES0031,SK011,Descriptive Statistics,5,mastered_skip,120,False
ITEM00150,PATH0025,LRN0025,RES0052,SK018,Exploratory Data Analysis,6,mastered_skip,480,False
ITEM00151,PATH0026,LRN0026,RES0009,SK003,Python Data Structures,1,planned,420,True
ITEM00152,PATH0026,LRN0026,RES0050,SK017,Inferential Statistics,2,planned,570,True
ITEM00153,PATH0026,LRN0026,RES0061,SK021,ML Foundations,3,mastered_skip,120,False
ITEM00154,PATH0026,LRN0026,RES0064,SK022,Regression Techniques,4,mastered_skip,120,False
ITEM00155,PATH0026,LRN0026,RES0067,SK023,Classification Techniques,5,mastered_skip,240,False
ITEM00156,PATH0026,LRN0026,RES0072,SK024,Model Evaluation,6,planned,420,True
ITEM00157,PATH0027,LRN0027,RES0062,SK021,ML Foundations,1,planned,210,True
ITEM00158,PATH0027,LRN0027,RES0073,SK025,Feature Engineering,2,mastered_skip,360,False
ITEM00159,PATH0027,LRN0027,RES0079,SK027,Neural Networks,3,mastered_skip,480,False
ITEM00160,PATH0027,LRN0027,RES0082,SK028,Deep Learning,4,mastered_skip,480,False
ITEM00161,PATH0027,LRN0027,RES0150,SK050,Model Deployment,5,planned,780,True
ITEM00162,PATH0027,LRN0027,RES0071,SK024,Model Evaluation,6,planned,330,True
ITEM00163,PATH0028,LRN0028,RES0091,SK031,HTML & CSS,1,mastered_skip,120,False
ITEM00164,PATH0028,LRN0028,RES0094,SK032,JavaScript Basics,2,mastered_skip,120,False
ITEM00165,PATH0028,LRN0028,RES0103,SK035,React Fundamentals,3,mastered_skip,360,False
ITEM00166,PATH0028,LRN0028,RES0108,SK036,Node.js Basics,4,planned,540,True
ITEM00167,PATH0028,LRN0028,RES0110,SK037,REST API Design,5,planned,570,True
ITEM00168,PATH0028,LRN0028,RES0100,SK034,Database Design (RDBMS),6,planned,240,True
ITEM00169,PATH0029,LRN0029,RES0055,SK019,Advanced SQL,1,mastered_skip,600,False
ITEM00170,PATH0029,LRN0029,RES0151,SK051,Data Modeling,2,mastered_skip,120,False
ITEM00171,PATH0029,LRN0029,RES0159,SK053,ETL Fundamentals,3,planned,420,True
ITEM00172,PATH0029,LRN0029,RES0170,SK057,Apache Spark Basics,4,planned,570,True
ITEM00173,PATH0029,LRN0029,RES0160,SK054,Data Warehousing,5,planned,240,True
ITEM00174,PATH0029,LRN0029,RES0178,SK060,Data Pipeline Design,6,mastered_skip,600,False
ITEM00175,PATH0030,LRN0030,RES0121,SK041,Linux Fundamentals,1,mastered_skip,120,False
ITEM00176,PATH0030,LRN0030,RES0126,SK042,Cloud Computing Basics,2,planned,300,True
ITEM00177,PATH0030,LRN0030,RES0131,SK044,AWS Core Services,3,planned,330,True
ITEM00178,PATH0030,LRN0030,RES0133,SK045,Docker Fundamentals,4,planned,360,True
ITEM00179,PATH0030,LRN0030,RES0139,SK047,Kubernetes Basics,5,mastered_skip,480,False
ITEM00180,PATH0030,LRN0030,RES0142,SK048,CI/CD Pipelines,6,mastered_skip,480,False
ITEM00181,PATH0031,LRN0031,RES0036,SK012,SQL Basics,1,planned,300,True
ITEM00182,PATH0031,LRN0031,RES0056,SK019,Advanced SQL,2,planned,690,True
ITEM00183,PATH0031,LRN0031,RES0037,SK013,Excel for Data Analysis,3,planned,240,True
ITEM00184,PATH0031,LRN0031,RES0046,SK016,Data Visualization,4,mastered_skip,360,False
ITEM00185,PATH0031,LRN0031,RES0031,SK011,Descriptive Statistics,5,mastered_skip,120,False
ITEM00186,PATH0031,LRN0031,RES0054,SK018,Exploratory Data Analysis,6,planned,660,True
ITEM00187,PATH0032,LRN0032,RES0008,SK003,Python Data Structures,1,planned,330,True
ITEM00188,PATH0032,LRN0032,RES0049,SK017,Inferential Statistics,2,planned,480,True
ITEM00189,PATH0032,LRN0032,RES0061,SK021,ML Foundations,3,mastered_skip,120,False
ITEM00190,PATH0032,LRN0032,RES0064,SK022,Regression Techniques,4,mastered_skip,120,False
ITEM00191,PATH0032,LRN0032,RES0069,SK023,Classification Techniques,5,planned,420,True
ITEM00192,PATH0032,LRN0032,RES0071,SK024,Model Evaluation,6,planned,330,True
ITEM00193,PATH0033,LRN0033,RES0061,SK021,ML Foundations,1,planned,120,True
ITEM00194,PATH0033,LRN0033,RES0073,SK025,Feature Engineering,2,mastered_skip,360,False
ITEM00195,PATH0033,LRN0033,RES0079,SK027,Neural Networks,3,mastered_skip,480,False
ITEM00196,PATH0033,LRN0033,RES0084,SK028,Deep Learning,4,planned,660,True
ITEM00197,PATH0033,LRN0033,RES0149,SK050,Model Deployment,5,planned,690,True
ITEM00198,PATH0033,LRN0033,RES0070,SK024,Model Evaluation,6,planned,240,True
ITEM00199,PATH0034,LRN0034,RES0091,SK031,HTML & CSS,1,mastered_skip,120,False
ITEM00200,PATH0034,LRN0034,RES0094,SK032,JavaScript Basics,2,mastered_skip,120,False
ITEM00201,PATH0034,LRN0034,RES0105,SK035,React Fundamentals,3,planned,540,True
ITEM00202,PATH0034,LRN0034,RES0107,SK036,Node.js Basics,4,planned,450,True
ITEM00203,PATH0034,LRN0034,RES0109,SK037,REST API Design,5,planned,480,True
ITEM00204,PATH0034,LRN0034,RES0100,SK034,Database Design (RDBMS),6,mastered_skip,240,False
ITEM00205,PATH0035,LRN0035,RES0055,SK019,Advanced SQL,1,mastered_skip,600,False
ITEM00206,PATH0035,LRN0035,RES0153,SK051,Data Modeling,2,planned,300,True
ITEM00207,PATH0035,LRN0035,RES0158,SK053,ETL Fundamentals,3,planned,330,True
ITEM00208,PATH0035,LRN0035,RES0169,SK057,Apache Spark Basics,4,planned,480,True
ITEM00209,PATH0035,LRN0035,RES0160,SK054,Data Warehousing,5,mastered_skip,240,False
ITEM00210,PATH0035,LRN0035,RES0178,SK060,Data Pipeline Design,6,mastered_skip,600,False
ITEM00211,PATH0036,LRN0036,RES0123,SK041,Linux Fundamentals,1,planned,300,True
ITEM00212,PATH0036,LRN0036,RES0125,SK042,Cloud Computing Basics,2,planned,210,True
ITEM00213,PATH0036,LRN0036,RES0130,SK044,AWS Core Services,3,planned,240,True
ITEM00214,PATH0036,LRN0036,RES0133,SK045,Docker Fundamentals,4,mastered_skip,360,False
ITEM00215,PATH0036,LRN0036,RES0139,SK047,Kubernetes Basics,5,mastered_skip,480,False
ITEM00216,PATH0036,LRN0036,RES0144,SK048,CI/CD Pipelines,6,planned,660,True
ITEM00217,PATH0037,LRN0037,RES0035,SK012,SQL Basics,1,planned,210,True
ITEM00218,PATH0037,LRN0037,RES0055,SK019,Advanced SQL,2,planned,600,True
ITEM00219,PATH0037,LRN0037,RES0037,SK013,Excel for Data Analysis,3,mastered_skip,240,False
ITEM00220,PATH0037,LRN0037,RES0046,SK016,Data Visualization,4,mastered_skip,360,False
ITEM00221,PATH0037,LRN0037,RES0033,SK011,Descriptive Statistics,5,planned,300,True
ITEM00222,PATH0037,LRN0037,RES0053,SK018,Exploratory Data Analysis,6,planned,570,True
ITEM00223,PATH0038,LRN0038,RES0007,SK003,Python Data Structures,1,mastered_skip,240,False
ITEM00224,PATH0038,LRN0038,RES0049,SK017,Inferential Statistics,2,mastered_skip,480,False
ITEM00225,PATH0038,LRN0038,RES0061,SK021,ML Foundations,3,mastered_skip,120,False
ITEM00226,PATH0038,LRN0038,RES0066,SK022,Regression Techniques,4,planned,300,True
ITEM00227,PATH0038,LRN0038,RES0068,SK023,Classification Techniques,5,planned,330,True
ITEM00228,PATH0038,LRN0038,RES0070,SK024,Model Evaluation,6,mastered_skip,240,False
ITEM00229,PATH0039,LRN0039,RES0061,SK021,ML Foundations,1,mastered_skip,120,False
ITEM00230,PATH0039,LRN0039,RES0073,SK025,Feature Engineering,2,mastered_skip,360,False
ITEM00231,PATH0039,LRN0039,RES0081,SK027,Neural Networks,3,planned,660,True
ITEM00232,PATH0039,LRN0039,RES0083,SK028,Deep Learning,4,planned,570,True
ITEM00233,PATH0039,LRN0039,RES0148,SK050,Model Deployment,5,planned,600,True
ITEM00234,PATH0039,LRN0039,RES0070,SK024,Model Evaluation,6,mastered_skip,240,False
ITEM00235,PATH0040,LRN0040,RES0091,SK031,HTML & CSS,1,mastered_skip,120,False
ITEM00236,PATH0040,LRN0040,RES0096,SK032,JavaScript Basics,2,planned,300,True
ITEM00237,PATH0040,LRN0040,RES0104,SK035,React Fundamentals,3,planned,450,True
ITEM00238,PATH0040,LRN0040,RES0106,SK036,Node.js Basics,4,planned,360,True
ITEM00239,PATH0040,LRN0040,RES0109,SK037,REST API Design,5,mastered_skip,480,False
ITEM00240,PATH0040,LRN0040,RES0100,SK034,Database Design (RDBMS),6,mastered_skip,240,False
ITEM00241,PATH0041,LRN0041,RES0057,SK019,Advanced SQL,1,planned,780,True
ITEM00242,PATH0041,LRN0041,RES0152,SK051,Data Modeling,2,planned,210,True
ITEM00243,PATH0041,LRN0041,RES0157,SK053,ETL Fundamentals,3,mastered_skip,240,False
ITEM00244,PATH0041,LRN0041,RES0169,SK057,Apache Spark Basics,4,mastered_skip,480,False
ITEM00245,PATH0041,LRN0041,RES0160,SK054,Data Warehousing,5,mastered_skip,240,False
ITEM00246,PATH0041,LRN0041,RES0180,SK060,Data Pipeline Design,6,planned,780,True
ITEM00247,PATH0042,LRN0042,RES0122,SK041,Linux Fundamentals,1,planned,210,True
ITEM00248,PATH0042,LRN0042,RES0124,SK042,Cloud Computing Basics,2,mastered_skip,120,False
ITEM00249,PATH0042,LRN0042,RES0130,SK044,AWS Core Services,3,mastered_skip,240,False
ITEM00250,PATH0042,LRN0042,RES0133,SK045,Docker Fundamentals,4,mastered_skip,360,False
ITEM00251,PATH0042,LRN0042,RES0141,SK047,Kubernetes Basics,5,planned,660,True
ITEM00252,PATH0042,LRN0042,RES0143,SK048,CI/CD Pipelines,6,planned,570,True
ITEM00253,PATH0043,LRN0043,RES0034,SK012,SQL Basics,1,planned,120,True
ITEM00254,PATH0043,LRN0043,RES0055,SK019,Advanced SQL,2,mastered_skip,600,False
ITEM00255,PATH0043,LRN0043,RES0037,SK013,Excel for Data Analysis,3,mastered_skip,240,False
ITEM00256,PATH0043,LRN0043,RES0048,SK016,Data Visualization,4,planned,540,True
ITEM00257,PATH0043,LRN0043,RES0032,SK011,Descriptive Statistics,5,planned,210,True
ITEM00258,PATH0043,LRN0043,RES0052,SK018,Exploratory Data Analysis,6,planned,480,True
ITEM00259,PATH0044,LRN0044,RES0007,SK003,Python Data Structures,1,mastered_skip,240,False
ITEM00260,PATH0044,LRN0044,RES0049,SK017,Inferential Statistics,2,mastered_skip,480,False
ITEM00261,PATH0044,LRN0044,RES0063,SK021,ML Foundations,3,planned,300,True
ITEM00262,PATH0044,LRN0044,RES0065,SK022,Regression Techniques,4,planned,210,True
ITEM00263,PATH0044,LRN0044,RES0067,SK023,Classification Techniques,5,mastered_skip,240,False
ITEM00264,PATH0044,LRN0044,RES0070,SK024,Model Evaluation,6,mastered_skip,240,False
ITEM00265,PATH0045,LRN0045,RES0061,SK021,ML Foundations,1,mastered_skip,120,False
ITEM00266,PATH0045,LRN0045,RES0075,SK025,Feature Engineering,2,planned,540,True
ITEM00267,PATH0045,LRN0045,RES0080,SK027,Neural Networks,3,planned,570,True
ITEM00268,PATH0045,LRN0045,RES0082,SK028,Deep Learning,4,planned,480,True
ITEM00269,PATH0045,LRN0045,RES0148,SK050,Model Deployment,5,mastered_skip,600,False
ITEM00270,PATH0045,LRN0045,RES0070,SK024,Model Evaluation,6,mastered_skip,240,False
ITEM00271,PATH0046,LRN0046,RES0093,SK031,HTML & CSS,1,planned,300,True
ITEM00272,PATH0046,LRN0046,RES0095,SK032,JavaScript Basics,2,planned,210,True
ITEM00273,PATH0046,LRN0046,RES0103,SK035,React Fundamentals,3,planned,360,True
ITEM00274,PATH0046,LRN0046,RES0106,SK036,Node.js Basics,4,mastered_skip,360,False
ITEM00275,PATH0046,LRN0046,RES0109,SK037,REST API Design,5,mastered_skip,480,False
ITEM00276,PATH0046,LRN0046,RES0102,SK034,Database Design (RDBMS),6,planned,420,True
ITEM00277,PATH0047,LRN0047,RES0056,SK019,Advanced SQL,1,planned,690,True
ITEM00278,PATH0047,LRN0047,RES0151,SK051,Data Modeling,2,mastered_skip,120,False
ITEM00279,PATH0047,LRN0047,RES0157,SK053,ETL Fundamentals,3,mastered_skip,240,False
ITEM00280,PATH0047,LRN0047,RES0169,SK057,Apache Spark Basics,4,mastered_skip,480,False
ITEM00281,PATH0047,LRN0047,RES0162,SK054,Data Warehousing,5,planned,420,True
ITEM00282,PATH0047,LRN0047,RES0179,SK060,Data Pipeline Design,6,planned,690,True
ITEM00283,PATH0048,LRN0048,RES0121,SK041,Linux Fundamentals,1,planned,120,True
ITEM00284,PATH0048,LRN0048,RES0124,SK042,Cloud Computing Basics,2,mastered_skip,120,False
ITEM00285,PATH0048,LRN0048,RES0130,SK044,AWS Core Services,3,mastered_skip,240,False
ITEM00286,PATH0048,LRN0048,RES0135,SK045,Docker Fundamentals,4,planned,540,True
ITEM00287,PATH0048,LRN0048,RES0140,SK047,Kubernetes Basics,5,planned,570,True
ITEM00288,PATH0048,LRN0048,RES0142,SK048,CI/CD Pipelines,6,planned,480,True
ITEM00289,PATH0049,LRN0049,RES0034,SK012,SQL Basics,1,mastered_skip,120,False
ITEM00290,PATH0049,LRN0049,RES0055,SK019,Advanced SQL,2,mastered_skip,600,False
ITEM00291,PATH0049,LRN0049,RES0039,SK013,Excel for Data Analysis,3,planned,420,True
ITEM00292,PATH0049,LRN0049,RES0047,SK016,Data Visualization,4,planned,450,True
ITEM00293,PATH0049,LRN0049,RES0031,SK011,Descriptive Statistics,5,planned,120,True
ITEM00294,PATH0049,LRN0049,RES0052,SK018,Exploratory Data Analysis,6,mastered_skip,480,False
ITEM00295,PATH0050,LRN0050,RES0007,SK003,Python Data Structures,1,mastered_skip,240,False
ITEM00296,PATH0050,LRN0050,RES0051,SK017,Inferential Statistics,2,planned,660,True
ITEM00297,PATH0050,LRN0050,RES0062,SK021,ML Foundations,3,planned,210,True
ITEM00298,PATH0050,LRN0050,RES0064,SK022,Regression Techniques,4,planned,120,True
ITEM00299,PATH0050,LRN0050,RES0067,SK023,Classification Techniques,5,mastered_skip,240,False
ITEM00300,PATH0050,LRN0050,RES0070,SK024,Model Evaluation,6,mastered_skip,240,False
ITEM00301,PATH0051,LRN0051,RES0063,SK021,ML Foundations,1,planned,300,True
ITEM00302,PATH0051,LRN0051,RES0074,SK025,Feature Engineering,2,planned,450,True
ITEM00303,PATH0051,LRN0051,RES0079,SK027,Neural Networks,3,mastered_skip,480,False
ITEM00304,PATH0051,LRN0051,RES0082,SK028,Deep Learning,4,mastered_skip,480,False
ITEM00305,PATH0051,LRN0051,RES0148,SK050,Model Deployment,5,mastered_skip,600,False
ITEM00306,PATH0051,LRN0051,RES0072,SK024,Model Evaluation,6,planned,420,True
ITEM00307,PATH0052,LRN0052,RES0092,SK031,HTML & CSS,1,planned,210,True
ITEM00308,PATH0052,LRN0052,RES0094,SK032,JavaScript Basics,2,planned,120,True
ITEM00309,PATH0052,LRN0052,RES0103,SK035,React Fundamentals,3,mastered_skip,360,False
ITEM00310,PATH0052,LRN0052,RES0106,SK036,Node.js Basics,4,mastered_skip,360,False
ITEM00311,PATH0052,LRN0052,RES0111,SK037,REST API Design,5,planned,660,True
ITEM00312,PATH0052,LRN0052,RES0101,SK034,Database Design (RDBMS),6,planned,330,True
ITEM00313,PATH0053,LRN0053,RES0055,SK019,Advanced SQL,1,planned,600,True
ITEM00314,PATH0053,LRN0053,RES0151,SK051,Data Modeling,2,mastered_skip,120,False
ITEM00315,PATH0053,LRN0053,RES0157,SK053,ETL Fundamentals,3,mastered_skip,240,False
ITEM00316,PATH0053,LRN0053,RES0171,SK057,Apache Spark Basics,4,planned,660,True
ITEM00317,PATH0053,LRN0053,RES0161,SK054,Data Warehousing,5,planned,330,True
ITEM00318,PATH0053,LRN0053,RES0178,SK060,Data Pipeline Design,6,planned,600,True
ITEM00319,PATH0054,LRN0054,RES0121,SK041,Linux Fundamentals,1,mastered_skip,120,False
ITEM00320,PATH0054,LRN0054,RES0124,SK042,Cloud Computing Basics,2,mastered_skip,120,False
ITEM00321,PATH0054,LRN0054,RES0132,SK044,AWS Core Services,3,planned,420,True
ITEM00322,PATH0054,LRN0054,RES0134,SK045,Docker Fundamentals,4,planned,450,True
ITEM00323,PATH0054,LRN0054,RES0139,SK047,Kubernetes Basics,5,planned,480,True
ITEM00324,PATH0054,LRN0054,RES0142,SK048,CI/CD Pipelines,6,mastered_skip,480,False
ITEM00325,PATH0055,LRN0055,RES0034,SK012,SQL Basics,1,mastered_skip,120,False
ITEM00326,PATH0055,LRN0055,RES0057,SK019,Advanced SQL,2,planned,780,True
ITEM00327,PATH0055,LRN0055,RES0038,SK013,Excel for Data Analysis,3,planned,330,True
ITEM00328,PATH0055,LRN0055,RES0046,SK016,Data Visualization,4,mastered_skip,360,False
ITEM00329,PATH0055,LRN0055,RES0031,SK011,Descriptive Statistics,5,mastered_skip,120,False
ITEM00330,PATH0055,LRN0055,RES0052,SK018,Exploratory Data Analysis,6,mastered_skip,480,False
ITEM00331,PATH0056,LRN0056,RES0009,SK003,Python Data Structures,1,planned,420,True
ITEM00332,PATH0056,LRN0056,RES0050,SK017,Inferential Statistics,2,planned,570,True
ITEM00333,PATH0056,LRN0056,RES0061,SK021,ML Foundations,3,planned,120,True
ITEM00334,PATH0056,LRN0056,RES0064,SK022,Regression Techniques,4,mastered_skip,120,False
ITEM00335,PATH0056,LRN0056,RES0067,SK023,Classification Techniques,5,mastered_skip,240,False
ITEM00336,PATH0056,LRN0056,RES0072,SK024,Model Evaluation,6,planned,420,True
ITEM00337,PATH0057,LRN0057,RES0062,SK021,ML Foundations,1,planned,210,True
ITEM00338,PATH0057,LRN0057,RES0073,SK025,Feature Engineering,2,planned,360,True
ITEM00339,PATH0057,LRN0057,RES0079,SK027,Neural Networks,3,mastered_skip,480,False
ITEM00340,PATH0057,LRN0057,RES0082,SK028,Deep Learning,4,mastered_skip,480,False
ITEM00341,PATH0057,LRN0057,RES0150,SK050,Model Deployment,5,planned,780,True
ITEM00342,PATH0057,LRN0057,RES0071,SK024,Model Evaluation,6,planned,330,True
ITEM00343,PATH0058,LRN0058,RES0091,SK031,HTML & CSS,1,mastered_skip,120,False
ITEM00344,PATH0058,LRN0058,RES0094,SK032,JavaScript Basics,2,mastered_skip,120,False
ITEM00345,PATH0058,LRN0058,RES0103,SK035,React Fundamentals,3,mastered_skip,360,False
ITEM00346,PATH0058,LRN0058,RES0108,SK036,Node.js Basics,4,planned,540,True
ITEM00347,PATH0058,LRN0058,RES0110,SK037,REST API Design,5,planned,570,True
ITEM00348,PATH0058,LRN0058,RES0100,SK034,Database Design (RDBMS),6,planned,240,True
ITEM00349,PATH0059,LRN0059,RES0055,SK019,Advanced SQL,1,mastered_skip,600,False
ITEM00350,PATH0059,LRN0059,RES0151,SK051,Data Modeling,2,mastered_skip,120,False
ITEM00351,PATH0059,LRN0059,RES0159,SK053,ETL Fundamentals,3,planned,420,True
ITEM00352,PATH0059,LRN0059,RES0170,SK057,Apache Spark Basics,4,planned,570,True
ITEM00353,PATH0059,LRN0059,RES0160,SK054,Data Warehousing,5,planned,240,True
ITEM00354,PATH0059,LRN0059,RES0178,SK060,Data Pipeline Design,6,mastered_skip,600,False
ITEM00355,PATH0060,LRN0060,RES0121,SK041,Linux Fundamentals,1,mastered_skip,120,False
ITEM00356,PATH0060,LRN0060,RES0126,SK042,Cloud Computing Basics,2,planned,300,True
ITEM00357,PATH0060,LRN0060,RES0131,SK044,AWS Core Services,3,planned,330,True
ITEM00358,PATH0060,LRN0060,RES0133,SK045,Docker Fundamentals,4,planned,360,True
ITEM00359,PATH0060,LRN0060,RES0139,SK047,Kubernetes Basics,5,mastered_skip,480,False
ITEM00360,PATH0060,LRN0060,RES0142,SK048,CI/CD Pipelines,6,mastered_skip,480,False
ITEM00361,PATH0061,LRN0061,RES0036,SK012,SQL Basics,1,planned,300,True
ITEM00362,PATH0061,LRN0061,RES0056,SK019,Advanced SQL,2,planned,690,True
ITEM00363,PATH0061,LRN0061,RES0037,SK013,Excel for Data Analysis,3,mastered_skip,240,False
ITEM00364,PATH0061,LRN0061,RES0046,SK016,Data Visualization,4,mastered_skip,360,False
ITEM00365,PATH0061,LRN0061,RES0031,SK011,Descriptive Statistics,5,mastered_skip,120,False
ITEM00366,PATH0061,LRN0061,RES0054,SK018,Exploratory Data Analysis,6,planned,660,True
ITEM00367,PATH0062,LRN0062,RES0008,SK003,Python Data Structures,1,planned,330,True
ITEM00368,PATH0062,LRN0062,RES0049,SK017,Inferential Statistics,2,planned,480,True
ITEM00369,PATH0062,LRN0062,RES0061,SK021,ML Foundations,3,mastered_skip,120,False
ITEM00370,PATH0062,LRN0062,RES0064,SK022,Regression Techniques,4,mastered_skip,120,False
ITEM00371,PATH0062,LRN0062,RES0069,SK023,Classification Techniques,5,planned,420,True
ITEM00372,PATH0062,LRN0062,RES0071,SK024,Model Evaluation,6,planned,330,True
ITEM00373,PATH0063,LRN0063,RES0061,SK021,ML Foundations,1,mastered_skip,120,False
ITEM00374,PATH0063,LRN0063,RES0073,SK025,Feature Engineering,2,mastered_skip,360,False
ITEM00375,PATH0063,LRN0063,RES0079,SK027,Neural Networks,3,mastered_skip,480,False
ITEM00376,PATH0063,LRN0063,RES0084,SK028,Deep Learning,4,planned,660,True
ITEM00377,PATH0063,LRN0063,RES0149,SK050,Model Deployment,5,planned,690,True
ITEM00378,PATH0063,LRN0063,RES0070,SK024,Model Evaluation,6,planned,240,True
ITEM00379,PATH0064,LRN0064,RES0091,SK031,HTML & CSS,1,mastered_skip,120,False
ITEM00380,PATH0064,LRN0064,RES0094,SK032,JavaScript Basics,2,mastered_skip,120,False
ITEM00381,PATH0064,LRN0064,RES0105,SK035,React Fundamentals,3,planned,540,True
ITEM00382,PATH0064,LRN0064,RES0107,SK036,Node.js Basics,4,planned,450,True
ITEM00383,PATH0064,LRN0064,RES0109,SK037,REST API Design,5,mastered_skip,480,False
ITEM00384,PATH0064,LRN0064,RES0100,SK034,Database Design (RDBMS),6,mastered_skip,240,False
ITEM00385,PATH0065,LRN0065,RES0055,SK019,Advanced SQL,1,mastered_skip,600,False
ITEM00386,PATH0065,LRN0065,RES0153,SK051,Data Modeling,2,planned,300,True
ITEM00387,PATH0065,LRN0065,RES0158,SK053,ETL Fundamentals,3,planned,330,True
ITEM00388,PATH0065,LRN0065,RES0169,SK057,Apache Spark Basics,4,planned,480,True
ITEM00389,PATH0065,LRN0065,RES0160,SK054,Data Warehousing,5,mastered_skip,240,False
ITEM00390,PATH0065,LRN0065,RES0178,SK060,Data Pipeline Design,6,mastered_skip,600,False
ITEM00391,PATH0066,LRN0066,RES0123,SK041,Linux Fundamentals,1,planned,300,True
ITEM00392,PATH0066,LRN0066,RES0125,SK042,Cloud Computing Basics,2,planned,210,True
ITEM00393,PATH0066,LRN0066,RES0130,SK044,AWS Core Services,3,planned,240,True
ITEM00394,PATH0066,LRN0066,RES0133,SK045,Docker Fundamentals,4,mastered_skip,360,False
ITEM00395,PATH0066,LRN0066,RES0139,SK047,Kubernetes Basics,5,mastered_skip,480,False
ITEM00396,PATH0066,LRN0066,RES0144,SK048,CI/CD Pipelines,6,planned,660,True
ITEM00397,PATH0067,LRN0067,RES0035,SK012,SQL Basics,1,planned,210,True
ITEM00398,PATH0067,LRN0067,RES0055,SK019,Advanced SQL,2,mastered_skip,600,False
ITEM00399,PATH0067,LRN0067,RES0037,SK013,Excel for Data Analysis,3,mastered_skip,240,False
ITEM00400,PATH0067,LRN0067,RES0046,SK016,Data Visualization,4,mastered_skip,360,False
ITEM00401,PATH0067,LRN0067,RES0033,SK011,Descriptive Statistics,5,planned,300,True
ITEM00402,PATH0067,LRN0067,RES0053,SK018,Exploratory Data Analysis,6,planned,570,True
ITEM00403,PATH0068,LRN0068,RES0007,SK003,Python Data Structures,1,planned,240,True
ITEM00404,PATH0068,LRN0068,RES0049,SK017,Inferential Statistics,2,mastered_skip,480,False
ITEM00405,PATH0068,LRN0068,RES0061,SK021,ML Foundations,3,mastered_skip,120,False
ITEM00406,PATH0068,LRN0068,RES0066,SK022,Regression Techniques,4,planned,300,True
ITEM00407,PATH0068,LRN0068,RES0068,SK023,Classification Techniques,5,planned,330,True
ITEM00408,PATH0068,LRN0068,RES0070,SK024,Model Evaluation,6,mastered_skip,240,False
ITEM00409,PATH0069,LRN0069,RES0061,SK021,ML Foundations,1,mastered_skip,120,False
ITEM00410,PATH0069,LRN0069,RES0073,SK025,Feature Engineering,2,mastered_skip,360,False
ITEM00411,PATH0069,LRN0069,RES0081,SK027,Neural Networks,3,planned,660,True
ITEM00412,PATH0069,LRN0069,RES0083,SK028,Deep Learning,4,planned,570,True
ITEM00413,PATH0069,LRN0069,RES0148,SK050,Model Deployment,5,planned,600,True
ITEM00414,PATH0069,LRN0069,RES0070,SK024,Model Evaluation,6,mastered_skip,240,False
ITEM00415,PATH0070,LRN0070,RES0091,SK031,HTML & CSS,1,mastered_skip,120,False
ITEM00416,PATH0070,LRN0070,RES0096,SK032,JavaScript Basics,2,planned,300,True
ITEM00417,PATH0070,LRN0070,RES0104,SK035,React Fundamentals,3,planned,450,True
ITEM00418,PATH0070,LRN0070,RES0106,SK036,Node.js Basics,4,mastered_skip,360,False
ITEM00419,PATH0070,LRN0070,RES0109,SK037,REST API Design,5,mastered_skip,480,False
ITEM00420,PATH0070,LRN0070,RES0100,SK034,Database Design (RDBMS),6,mastered_skip,240,False
ITEM00421,PATH0071,LRN0071,RES0057,SK019,Advanced SQL,1,planned,780,True
ITEM00422,PATH0071,LRN0071,RES0152,SK051,Data Modeling,2,planned,210,True
ITEM00423,PATH0071,LRN0071,RES0157,SK053,ETL Fundamentals,3,planned,240,True
ITEM00424,PATH0071,LRN0071,RES0169,SK057,Apache Spark Basics,4,mastered_skip,480,False
ITEM00425,PATH0071,LRN0071,RES0160,SK054,Data Warehousing,5,mastered_skip,240,False
ITEM00426,PATH0071,LRN0071,RES0180,SK060,Data Pipeline Design,6,planned,780,True
ITEM00427,PATH0072,LRN0072,RES0122,SK041,Linux Fundamentals,1,planned,210,True
ITEM00428,PATH0072,LRN0072,RES0124,SK042,Cloud Computing Basics,2,planned,120,True
ITEM00429,PATH0072,LRN0072,RES0130,SK044,AWS Core Services,3,mastered_skip,240,False
ITEM00430,PATH0072,LRN0072,RES0133,SK045,Docker Fundamentals,4,mastered_skip,360,False
ITEM00431,PATH0072,LRN0072,RES0141,SK047,Kubernetes Basics,5,planned,660,True
ITEM00432,PATH0072,LRN0072,RES0143,SK048,CI/CD Pipelines,6,planned,570,True
ITEM00433,PATH0073,LRN0073,RES0034,SK012,SQL Basics,1,planned,120,True
ITEM00434,PATH0073,LRN0073,RES0055,SK019,Advanced SQL,2,mastered_skip,600,False
ITEM00435,PATH0073,LRN0073,RES0037,SK013,Excel for Data Analysis,3,mastered_skip,240,False
ITEM00436,PATH0073,LRN0073,RES0048,SK016,Data Visualization,4,planned,540,True
ITEM00437,PATH0073,LRN0073,RES0032,SK011,Descriptive Statistics,5,planned,210,True
ITEM00438,PATH0073,LRN0073,RES0052,SK018,Exploratory Data Analysis,6,planned,480,True
ITEM00439,PATH0074,LRN0074,RES0007,SK003,Python Data Structures,1,mastered_skip,240,False
ITEM00440,PATH0074,LRN0074,RES0049,SK017,Inferential Statistics,2,mastered_skip,480,False
ITEM00441,PATH0074,LRN0074,RES0063,SK021,ML Foundations,3,planned,300,True
ITEM00442,PATH0074,LRN0074,RES0065,SK022,Regression Techniques,4,planned,210,True
ITEM00443,PATH0074,LRN0074,RES0067,SK023,Classification Techniques,5,planned,240,True
ITEM00444,PATH0074,LRN0074,RES0070,SK024,Model Evaluation,6,mastered_skip,240,False
ITEM00445,PATH0075,LRN0075,RES0061,SK021,ML Foundations,1,mastered_skip,120,False
ITEM00446,PATH0075,LRN0075,RES0075,SK025,Feature Engineering,2,planned,540,True
ITEM00447,PATH0075,LRN0075,RES0080,SK027,Neural Networks,3,planned,570,True
ITEM00448,PATH0075,LRN0075,RES0082,SK028,Deep Learning,4,planned,480,True
ITEM00449,PATH0075,LRN0075,RES0148,SK050,Model Deployment,5,mastered_skip,600,False
ITEM00450,PATH0075,LRN0075,RES0070,SK024,Model Evaluation,6,mastered_skip,240,False
ITEM00451,PATH0076,LRN0076,RES0093,SK031,HTML & CSS,1,planned,300,True
ITEM00452,PATH0076,LRN0076,RES0095,SK032,JavaScript Basics,2,planned,210,True
ITEM00453,PATH0076,LRN0076,RES0103,SK035,React Fundamentals,3,mastered_skip,360,False
ITEM00454,PATH0076,LRN0076,RES0106,SK036,Node.js Basics,4,mastered_skip,360,False
ITEM00455,PATH0076,LRN0076,RES0109,SK037,REST API Design,5,mastered_skip,480,False
ITEM00456,PATH0076,LRN0076,RES0102,SK034,Database Design (RDBMS),6,planned,420,True
ITEM00457,PATH0077,LRN0077,RES0056,SK019,Advanced SQL,1,planned,690,True
ITEM00458,PATH0077,LRN0077,RES0151,SK051,Data Modeling,2,planned,120,True
ITEM00459,PATH0077,LRN0077,RES0157,SK053,ETL Fundamentals,3,mastered_skip,240,False
ITEM00460,PATH0077,LRN0077,RES0169,SK057,Apache Spark Basics,4,mastered_skip,480,False
ITEM00461,PATH0077,LRN0077,RES0162,SK054,Data Warehousing,5,planned,420,True
ITEM00462,PATH0077,LRN0077,RES0179,SK060,Data Pipeline Design,6,planned,690,True
ITEM00463,PATH0078,LRN0078,RES0121,SK041,Linux Fundamentals,1,mastered_skip,120,False
ITEM00464,PATH0078,LRN0078,RES0124,SK042,Cloud Computing Basics,2,mastered_skip,120,False
ITEM00465,PATH0078,LRN0078,RES0130,SK044,AWS Core Services,3,mastered_skip,240,False
ITEM00466,PATH0078,LRN0078,RES0135,SK045,Docker Fundamentals,4,planned,540,True
ITEM00467,PATH0078,LRN0078,RES0140,SK047,Kubernetes Basics,5,planned,570,True
ITEM00468,PATH0078,LRN0078,RES0142,SK048,CI/CD Pipelines,6,planned,480,True
ITEM00469,PATH0079,LRN0079,RES0034,SK012,SQL Basics,1,mastered_skip,120,False
ITEM00470,PATH0079,LRN0079,RES0055,SK019,Advanced SQL,2,mastered_skip,600,False
ITEM00471,PATH0079,LRN0079,RES0039,SK013,Excel for Data Analysis,3,planned,420,True
ITEM00472,PATH0079,LRN0079,RES0047,SK016,Data Visualization,4,planned,450,True
ITEM00473,PATH0079,LRN0079,RES0031,SK011,Descriptive Statistics,5,mastered_skip,120,False
ITEM00474,PATH0079,LRN0079,RES0052,SK018,Exploratory Data Analysis,6,mastered_skip,480,False
ITEM00475,PATH0080,LRN0080,RES0007,SK003,Python Data Structures,1,mastered_skip,240,False
ITEM00476,PATH0080,LRN0080,RES0051,SK017,Inferential Statistics,2,planned,660,True
ITEM00477,PATH0080,LRN0080,RES0062,SK021,ML Foundations,3,planned,210,True
ITEM00478,PATH0080,LRN0080,RES0064,SK022,Regression Techniques,4,planned,120,True
ITEM00479,PATH0080,LRN0080,RES0067,SK023,Classification Techniques,5,mastered_skip,240,False
ITEM00480,PATH0080,LRN0080,RES0070,SK024,Model Evaluation,6,mastered_skip,240,False
ITEM00481,PATH0081,LRN0081,RES0063,SK021,ML Foundations,1,planned,300,True
ITEM00482,PATH0081,LRN0081,RES0074,SK025,Feature Engineering,2,planned,450,True
ITEM00483,PATH0081,LRN0081,RES0079,SK027,Neural Networks,3,planned,480,True
ITEM00484,PATH0081,LRN0081,RES0082,SK028,Deep Learning,4,mastered_skip,480,False
ITEM00485,PATH0081,LRN0081,RES0148,SK050,Model Deployment,5,mastered_skip,600,False
ITEM00486,PATH0081,LRN0081,RES0072,SK024,Model Evaluation,6,planned,420,True
ITEM00487,PATH0082,LRN0082,RES0092,SK031,HTML & CSS,1,planned,210,True
ITEM00488,PATH0082,LRN0082,RES0094,SK032,JavaScript Basics,2,planned,120,True
ITEM00489,PATH0082,LRN0082,RES0103,SK035,React Fundamentals,3,mastered_skip,360,False
ITEM00490,PATH0082,LRN0082,RES0106,SK036,Node.js Basics,4,mastered_skip,360,False
ITEM00491,PATH0082,LRN0082,RES0111,SK037,REST API Design,5,planned,660,True
ITEM00492,PATH0082,LRN0082,RES0101,SK034,Database Design (RDBMS),6,planned,330,True
ITEM00493,PATH0083,LRN0083,RES0055,SK019,Advanced SQL,1,planned,600,True
ITEM00494,PATH0083,LRN0083,RES0151,SK051,Data Modeling,2,mastered_skip,120,False
ITEM00495,PATH0083,LRN0083,RES0157,SK053,ETL Fundamentals,3,mastered_skip,240,False
ITEM00496,PATH0083,LRN0083,RES0171,SK057,Apache Spark Basics,4,planned,660,True
ITEM00497,PATH0083,LRN0083,RES0161,SK054,Data Warehousing,5,planned,330,True
ITEM00498,PATH0083,LRN0083,RES0178,SK060,Data Pipeline Design,6,planned,600,True
ITEM00499,PATH0084,LRN0084,RES0121,SK041,Linux Fundamentals,1,mastered_skip,120,False
ITEM00500,PATH0084,LRN0084,RES0124,SK042,Cloud Computing Basics,2,mastered_skip,120,False
ITEM00501,PATH0084,LRN0084,RES0132,SK044,AWS Core Services,3,planned,420,True
ITEM00502,PATH0084,LRN0084,RES0134,SK045,Docker Fundamentals,4,planned,450,True
ITEM00503,PATH0084,LRN0084,RES0139,SK047,Kubernetes Basics,5,planned,480,True
ITEM00504,PATH0084,LRN0084,RES0142,SK048,CI/CD Pipelines,6,mastered_skip,480,False
ITEM00505,PATH0085,LRN0085,RES0034,SK012,SQL Basics,1,mastered_skip,120,False
ITEM00506,PATH0085,LRN0085,RES0057,SK019,Advanced SQL,2,planned,780,True
ITEM00507,PATH0085,LRN0085,RES0038,SK013,Excel for Data Analysis,3,planned,330,True
ITEM00508,PATH0085,LRN0085,RES0046,SK016,Data Visualization,4,planned,360,True
ITEM00509,PATH0085,LRN0085,RES0031,SK011,Descriptive Statistics,5,mastered_skip,120,False
ITEM00510,PATH0085,LRN0085,RES0052,SK018,Exploratory Data Analysis,6,mastered_skip,480,False
ITEM00511,PATH0086,LRN0086,RES0009,SK003,Python Data Structures,1,planned,420,True
ITEM00512,PATH0086,LRN0086,RES0050,SK017,Inferential Statistics,2,planned,570,True
ITEM00513,PATH0086,LRN0086,RES0061,SK021,ML Foundations,3,planned,120,True
ITEM00514,PATH0086,LRN0086,RES0064,SK022,Regression Techniques,4,mastered_skip,120,False
ITEM00515,PATH0086,LRN0086,RES0067,SK023,Classification Techniques,5,mastered_skip,240,False
ITEM00516,PATH0086,LRN0086,RES0072,SK024,Model Evaluation,6,planned,420,True
ITEM00517,PATH0087,LRN0087,RES0062,SK021,ML Foundations,1,planned,210,True
ITEM00518,PATH0087,LRN0087,RES0073,SK025,Feature Engineering,2,mastered_skip,360,False
ITEM00519,PATH0087,LRN0087,RES0079,SK027,Neural Networks,3,mastered_skip,480,False
ITEM00520,PATH0087,LRN0087,RES0082,SK028,Deep Learning,4,mastered_skip,480,False
ITEM00521,PATH0087,LRN0087,RES0150,SK050,Model Deployment,5,planned,780,True
ITEM00522,PATH0087,LRN0087,RES0071,SK024,Model Evaluation,6,planned,330,True
ITEM00523,PATH0088,LRN0088,RES0091,SK031,HTML & CSS,1,planned,120,True
ITEM00524,PATH0088,LRN0088,RES0094,SK032,JavaScript Basics,2,mastered_skip,120,False
ITEM00525,PATH0088,LRN0088,RES0103,SK035,React Fundamentals,3,mastered_skip,360,False
ITEM00526,PATH0088,LRN0088,RES0108,SK036,Node.js Basics,4,planned,540,True
ITEM00527,PATH0088,LRN0088,RES0110,SK037,REST API Design,5,planned,570,True
ITEM00528,PATH0088,LRN0088,RES0100,SK034,Database Design (RDBMS),6,mastered_skip,240,False
ITEM00529,PATH0089,LRN0089,RES0055,SK019,Advanced SQL,1,mastered_skip,600,False
ITEM00530,PATH0089,LRN0089,RES0151,SK051,Data Modeling,2,mastered_skip,120,False
ITEM00531,PATH0089,LRN0089,RES0159,SK053,ETL Fundamentals,3,planned,420,True
ITEM00532,PATH0089,LRN0089,RES0170,SK057,Apache Spark Basics,4,planned,570,True
ITEM00533,PATH0089,LRN0089,RES0160,SK054,Data Warehousing,5,planned,240,True
ITEM00534,PATH0089,LRN0089,RES0178,SK060,Data Pipeline Design,6,mastered_skip,600,False
ITEM00535,PATH0090,LRN0090,RES0121,SK041,Linux Fundamentals,1,mastered_skip,120,False
ITEM00536,PATH0090,LRN0090,RES0126,SK042,Cloud Computing Basics,2,planned,300,True
ITEM00537,PATH0090,LRN0090,RES0131,SK044,AWS Core Services,3,planned,330,True
ITEM00538,PATH0090,LRN0090,RES0133,SK045,Docker Fundamentals,4,planned,360,True
ITEM00539,PATH0090,LRN0090,RES0139,SK047,Kubernetes Basics,5,mastered_skip,480,False
ITEM00540,PATH0090,LRN0090,RES0142,SK048,CI/CD Pipelines,6,mastered_skip,480,False
ITEM00541,PATH0091,LRN0091,RES0036,SK012,SQL Basics,1,planned,300,True
ITEM00542,PATH0091,LRN0091,RES0056,SK019,Advanced SQL,2,planned,690,True
ITEM00543,PATH0091,LRN0091,RES0037,SK013,Excel for Data Analysis,3,mastered_skip,240,False
ITEM00544,PATH0091,LRN0091,RES0046,SK016,Data Visualization,4,mastered_skip,360,False
ITEM00545,PATH0091,LRN0091,RES0031,SK011,Descriptive Statistics,5,mastered_skip,120,False
ITEM00546,PATH0091,LRN0091,RES0054,SK018,Exploratory Data Analysis,6,planned,660,True
ITEM00547,PATH0092,LRN0092,RES0008,SK003,Python Data Structures,1,planned,330,True
ITEM00548,PATH0092,LRN0092,RES0049,SK017,Inferential Statistics,2,planned,480,True
ITEM00549,PATH0092,LRN0092,RES0061,SK021,ML Foundations,3,mastered_skip,120,False
ITEM00550,PATH0092,LRN0092,RES0064,SK022,Regression Techniques,4,mastered_skip,120,False
ITEM00551,PATH0092,LRN0092,RES0069,SK023,Classification Techniques,5,planned,420,True
ITEM00552,PATH0092,LRN0092,RES0071,SK024,Model Evaluation,6,planned,330,True
ITEM00553,PATH0093,LRN0093,RES0061,SK021,ML Foundations,1,mastered_skip,120,False
ITEM00554,PATH0093,LRN0093,RES0073,SK025,Feature Engineering,2,mastered_skip,360,False
ITEM00555,PATH0093,LRN0093,RES0079,SK027,Neural Networks,3,mastered_skip,480,False
ITEM00556,PATH0093,LRN0093,RES0084,SK028,Deep Learning,4,planned,660,True
ITEM00557,PATH0093,LRN0093,RES0149,SK050,Model Deployment,5,planned,690,True
ITEM00558,PATH0093,LRN0093,RES0070,SK024,Model Evaluation,6,planned,240,True
ITEM00559,PATH0094,LRN0094,RES0091,SK031,HTML & CSS,1,mastered_skip,120,False
ITEM00560,PATH0094,LRN0094,RES0094,SK032,JavaScript Basics,2,mastered_skip,120,False
ITEM00561,PATH0094,LRN0094,RES0105,SK035,React Fundamentals,3,planned,540,True
ITEM00562,PATH0094,LRN0094,RES0107,SK036,Node.js Basics,4,planned,450,True
ITEM00563,PATH0094,LRN0094,RES0109,SK037,REST API Design,5,planned,480,True
ITEM00564,PATH0094,LRN0094,RES0100,SK034,Database Design (RDBMS),6,mastered_skip,240,False
ITEM00565,PATH0095,LRN0095,RES0055,SK019,Advanced SQL,1,mastered_skip,600,False
ITEM00566,PATH0095,LRN0095,RES0153,SK051,Data Modeling,2,planned,300,True
ITEM00567,PATH0095,LRN0095,RES0158,SK053,ETL Fundamentals,3,planned,330,True
ITEM00568,PATH0095,LRN0095,RES0169,SK057,Apache Spark Basics,4,planned,480,True
ITEM00569,PATH0095,LRN0095,RES0160,SK054,Data Warehousing,5,mastered_skip,240,False
ITEM00570,PATH0095,LRN0095,RES0178,SK060,Data Pipeline Design,6,mastered_skip,600,False
ITEM00571,PATH0096,LRN0096,RES0123,SK041,Linux Fundamentals,1,planned,300,True
ITEM00572,PATH0096,LRN0096,RES0125,SK042,Cloud Computing Basics,2,planned,210,True
ITEM00573,PATH0096,LRN0096,RES0130,SK044,AWS Core Services,3,planned,240,True
ITEM00574,PATH0096,LRN0096,RES0133,SK045,Docker Fundamentals,4,mastered_skip,360,False
ITEM00575,PATH0096,LRN0096,RES0139,SK047,Kubernetes Basics,5,mastered_skip,480,False
ITEM00576,PATH0096,LRN0096,RES0144,SK048,CI/CD Pipelines,6,planned,660,True
ITEM00577,PATH0097,LRN0097,RES0035,SK012,SQL Basics,1,planned,210,True
ITEM00578,PATH0097,LRN0097,RES0055,SK019,Advanced SQL,2,planned,600,True
ITEM00579,PATH0097,LRN0097,RES0037,SK013,Excel for Data Analysis,3,mastered_skip,240,False
ITEM00580,PATH0097,LRN0097,RES0046,SK016,Data Visualization,4,mastered_skip,360,False
ITEM00581,PATH0097,LRN0097,RES0033,SK011,Descriptive Statistics,5,planned,300,True
ITEM00582,PATH0097,LRN0097,RES0053,SK018,Exploratory Data Analysis,6,planned,570,True
ITEM00583,PATH0098,LRN0098,RES0007,SK003,Python Data Structures,1,planned,240,True
ITEM00584,PATH0098,LRN0098,RES0049,SK017,Inferential Statistics,2,mastered_skip,480,False
ITEM00585,PATH0098,LRN0098,RES0061,SK021,ML Foundations,3,mastered_skip,120,False
ITEM00586,PATH0098,LRN0098,RES0066,SK022,Regression Techniques,4,planned,300,True
ITEM00587,PATH0098,LRN0098,RES0068,SK023,Classification Techniques,5,planned,330,True
ITEM00588,PATH0098,LRN0098,RES0070,SK024,Model Evaluation,6,planned,240,True
ITEM00589,PATH0099,LRN0099,RES0061,SK021,ML Foundations,1,mastered_skip,120,False
ITEM00590,PATH0099,LRN0099,RES0073,SK025,Feature Engineering,2,mastered_skip,360,False
ITEM00591,PATH0099,LRN0099,RES0081,SK027,Neural Networks,3,planned,660,True
ITEM00592,PATH0099,LRN0099,RES0083,SK028,Deep Learning,4,planned,570,True
ITEM00593,PATH0099,LRN0099,RES0148,SK050,Model Deployment,5,planned,600,True
ITEM00594,PATH0099,LRN0099,RES0070,SK024,Model Evaluation,6,mastered_skip,240,False
ITEM00595,PATH0100,LRN0100,RES0091,SK031,HTML & CSS,1,mastered_skip,120,False
ITEM00596,PATH0100,LRN0100,RES0096,SK032,JavaScript Basics,2,planned,300,True
ITEM00597,PATH0100,LRN0100,RES0104,SK035,React Fundamentals,3,planned,450,True
ITEM00598,PATH0100,LRN0100,RES0106,SK036,Node.js Basics,4,mastered_skip,360,False
ITEM00599,PATH0100,LRN0100,RES0109,SK037,REST API Design,5,mastered_skip,480,False
ITEM00600,PATH0100,LRN0100,RES0100,SK034,Database Design (RDBMS),6,mastered_skip,240,False
ITEM00601,PATH0101,LRN0101,RES0057,SK019,Advanced SQL,1,planned,780,True
ITEM00602,PATH0101,LRN0101,RES0152,SK051,Data Modeling,2,planned,210,True
ITEM00603,PATH0101,LRN0101,RES0157,SK053,ETL Fundamentals,3,planned,240,True
ITEM00604,PATH0101,LRN0101,RES0169,SK057,Apache Spark Basics,4,mastered_skip,480,False
ITEM00605,PATH0101,LRN0101,RES0160,SK054,Data Warehousing,5,mastered_skip,240,False
ITEM00606,PATH0101,LRN0101,RES0180,SK060,Data Pipeline Design,6,planned,780,True
ITEM00607,PATH0102,LRN0102,RES0122,SK041,Linux Fundamentals,1,planned,210,True
ITEM00608,PATH0102,LRN0102,RES0124,SK042,Cloud Computing Basics,2,mastered_skip,120,False
ITEM00609,PATH0102,LRN0102,RES0130,SK044,AWS Core Services,3,mastered_skip,240,False
ITEM00610,PATH0102,LRN0102,RES0133,SK045,Docker Fundamentals,4,mastered_skip,360,False
ITEM00611,PATH0102,LRN0102,RES0141,SK047,Kubernetes Basics,5,planned,660,True
ITEM00612,PATH0102,LRN0102,RES0143,SK048,CI/CD Pipelines,6,planned,570,True
ITEM00613,PATH0103,LRN0103,RES0034,SK012,SQL Basics,1,planned,120,True
ITEM00614,PATH0103,LRN0103,RES0055,SK019,Advanced SQL,2,mastered_skip,600,False
ITEM00615,PATH0103,LRN0103,RES0037,SK013,Excel for Data Analysis,3,mastered_skip,240,False
ITEM00616,PATH0103,LRN0103,RES0048,SK016,Data Visualization,4,planned,540,True
ITEM00617,PATH0103,LRN0103,RES0032,SK011,Descriptive Statistics,5,planned,210,True
ITEM00618,PATH0103,LRN0103,RES0052,SK018,Exploratory Data Analysis,6,planned,480,True
ITEM00619,PATH0104,LRN0104,RES0007,SK003,Python Data Structures,1,mastered_skip,240,False
ITEM00620,PATH0104,LRN0104,RES0049,SK017,Inferential Statistics,2,mastered_skip,480,False
ITEM00621,PATH0104,LRN0104,RES0063,SK021,ML Foundations,3,planned,300,True
ITEM00622,PATH0104,LRN0104,RES0065,SK022,Regression Techniques,4,planned,210,True
ITEM00623,PATH0104,LRN0104,RES0067,SK023,Classification Techniques,5,mastered_skip,240,False
ITEM00624,PATH0104,LRN0104,RES0070,SK024,Model Evaluation,6,mastered_skip,240,False
ITEM00625,PATH0105,LRN0105,RES0061,SK021,ML Foundations,1,mastered_skip,120,False
ITEM00626,PATH0105,LRN0105,RES0075,SK025,Feature Engineering,2,planned,540,True
ITEM00627,PATH0105,LRN0105,RES0080,SK027,Neural Networks,3,planned,570,True
ITEM00628,PATH0105,LRN0105,RES0082,SK028,Deep Learning,4,planned,480,True
ITEM00629,PATH0105,LRN0105,RES0148,SK050,Model Deployment,5,mastered_skip,600,False
ITEM00630,PATH0105,LRN0105,RES0070,SK024,Model Evaluation,6,mastered_skip,240,False
ITEM00631,PATH0106,LRN0106,RES0093,SK031,HTML & CSS,1,planned,300,True
ITEM00632,PATH0106,LRN0106,RES0095,SK032,JavaScript Basics,2,planned,210,True
ITEM00633,PATH0106,LRN0106,RES0103,SK035,React Fundamentals,3,planned,360,True
ITEM00634,PATH0106,LRN0106,RES0106,SK036,Node.js Basics,4,mastered_skip,360,False
ITEM00635,PATH0106,LRN0106,RES0109,SK037,REST API Design,5,mastered_skip,480,False
ITEM00636,PATH0106,LRN0106,RES0102,SK034,Database Design (RDBMS),6,planned,420,True
ITEM00637,PATH0107,LRN0107,RES0056,SK019,Advanced SQL,1,planned,690,True
ITEM00638,PATH0107,LRN0107,RES0151,SK051,Data Modeling,2,mastered_skip,120,False
ITEM00639,PATH0107,LRN0107,RES0157,SK053,ETL Fundamentals,3,mastered_skip,240,False
ITEM00640,PATH0107,LRN0107,RES0169,SK057,Apache Spark Basics,4,mastered_skip,480,False
ITEM00641,PATH0107,LRN0107,RES0162,SK054,Data Warehousing,5,planned,420,True
ITEM00642,PATH0107,LRN0107,RES0179,SK060,Data Pipeline Design,6,planned,690,True
ITEM00643,PATH0108,LRN0108,RES0121,SK041,Linux Fundamentals,1,planned,120,True
ITEM00644,PATH0108,LRN0108,RES0124,SK042,Cloud Computing Basics,2,mastered_skip,120,False
ITEM00645,PATH0108,LRN0108,RES0130,SK044,AWS Core Services,3,mastered_skip,240,False
ITEM00646,PATH0108,LRN0108,RES0135,SK045,Docker Fundamentals,4,planned,540,True
ITEM00647,PATH0108,LRN0108,RES0140,SK047,Kubernetes Basics,5,planned,570,True
ITEM00648,PATH0108,LRN0108,RES0142,SK048,CI/CD Pipelines,6,mastered_skip,480,False
ITEM00649,PATH0109,LRN0109,RES0034,SK012,SQL Basics,1,mastered_skip,120,False
ITEM00650,PATH0109,LRN0109,RES0055,SK019,Advanced SQL,2,mastered_skip,600,False
ITEM00651,PATH0109,LRN0109,RES0039,SK013,Excel for Data Analysis,3,planned,420,True
ITEM00652,PATH0109,LRN0109,RES0047,SK016,Data Visualization,4,planned,450,True
ITEM00653,PATH0109,LRN0109,RES0031,SK011,Descriptive Statistics,5,planned,120,True
ITEM00654,PATH0109,LRN0109,RES0052,SK018,Exploratory Data Analysis,6,mastered_skip,480,False
ITEM00655,PATH0110,LRN0110,RES0007,SK003,Python Data Structures,1,mastered_skip,240,False
ITEM00656,PATH0110,LRN0110,RES0051,SK017,Inferential Statistics,2,planned,660,True
ITEM00657,PATH0110,LRN0110,RES0062,SK021,ML Foundations,3,planned,210,True
ITEM00658,PATH0110,LRN0110,RES0064,SK022,Regression Techniques,4,planned,120,True
ITEM00659,PATH0110,LRN0110,RES0067,SK023,Classification Techniques,5,mastered_skip,240,False
ITEM00660,PATH0110,LRN0110,RES0070,SK024,Model Evaluation,6,mastered_skip,240,False
ITEM00661,PATH0111,LRN0111,RES0063,SK021,ML Foundations,1,planned,300,True
ITEM00662,PATH0111,LRN0111,RES0074,SK025,Feature Engineering,2,planned,450,True
ITEM00663,PATH0111,LRN0111,RES0079,SK027,Neural Networks,3,planned,480,True
ITEM00664,PATH0111,LRN0111,RES0082,SK028,Deep Learning,4,mastered_skip,480,False
ITEM00665,PATH0111,LRN0111,RES0148,SK050,Model Deployment,5,mastered_skip,600,False
ITEM00666,PATH0111,LRN0111,RES0072,SK024,Model Evaluation,6,planned,420,True
ITEM00667,PATH0112,LRN0112,RES0092,SK031,HTML & CSS,1,planned,210,True
ITEM00668,PATH0112,LRN0112,RES0094,SK032,JavaScript Basics,2,planned,120,True
ITEM00669,PATH0112,LRN0112,RES0103,SK035,React Fundamentals,3,mastered_skip,360,False
ITEM00670,PATH0112,LRN0112,RES0106,SK036,Node.js Basics,4,mastered_skip,360,False
ITEM00671,PATH0112,LRN0112,RES0111,SK037,REST API Design,5,planned,660,True
ITEM00672,PATH0112,LRN0112,RES0101,SK034,Database Design (RDBMS),6,planned,330,True
ITEM00673,PATH0113,LRN0113,RES0055,SK019,Advanced SQL,1,planned,600,True
ITEM00674,PATH0113,LRN0113,RES0151,SK051,Data Modeling,2,mastered_skip,120,False
ITEM00675,PATH0113,LRN0113,RES0157,SK053,ETL Fundamentals,3,mastered_skip,240,False
ITEM00676,PATH0113,LRN0113,RES0171,SK057,Apache Spark Basics,4,planned,660,True
ITEM00677,PATH0113,LRN0113,RES0161,SK054,Data Warehousing,5,planned,330,True
ITEM00678,PATH0113,LRN0113,RES0178,SK060,Data Pipeline Design,6,mastered_skip,600,False
ITEM00679,PATH0114,LRN0114,RES0121,SK041,Linux Fundamentals,1,mastered_skip,120,False
ITEM00680,PATH0114,LRN0114,RES0124,SK042,Cloud Computing Basics,2,mastered_skip,120,False
ITEM00681,PATH0114,LRN0114,RES0132,SK044,AWS Core Services,3,planned,420,True
ITEM00682,PATH0114,LRN0114,RES0134,SK045,Docker Fundamentals,4,planned,450,True
ITEM00683,PATH0114,LRN0114,RES0139,SK047,Kubernetes Basics,5,planned,480,True
ITEM00684,PATH0114,LRN0114,RES0142,SK048,CI/CD Pipelines,6,mastered_skip,480,False
ITEM00685,PATH0115,LRN0115,RES0034,SK012,SQL Basics,1,mastered_skip,120,False
ITEM00686,PATH0115,LRN0115,RES0057,SK019,Advanced SQL,2,planned,780,True
ITEM00687,PATH0115,LRN0115,RES0038,SK013,Excel for Data Analysis,3,planned,330,True
ITEM00688,PATH0115,LRN0115,RES0046,SK016,Data Visualization,4,planned,360,True
ITEM00689,PATH0115,LRN0115,RES0031,SK011,Descriptive Statistics,5,mastered_skip,120,False
ITEM00690,PATH0115,LRN0115,RES0052,SK018,Exploratory Data Analysis,6,mastered_skip,480,False
ITEM00691,PATH0116,LRN0116,RES0009,SK003,Python Data Structures,1,planned,420,True
ITEM00692,PATH0116,LRN0116,RES0050,SK017,Inferential Statistics,2,planned,570,True
ITEM00693,PATH0116,LRN0116,RES0061,SK021,ML Foundations,3,planned,120,True
ITEM00694,PATH0116,LRN0116,RES0064,SK022,Regression Techniques,4,mastered_skip,120,False
ITEM00695,PATH0116,LRN0116,RES0067,SK023,Classification Techniques,5,mastered_skip,240,False
ITEM00696,PATH0116,LRN0116,RES0072,SK024,Model Evaluation,6,planned,420,True
ITEM00697,PATH0117,LRN0117,RES0062,SK021,ML Foundations,1,planned,210,True
ITEM00698,PATH0117,LRN0117,RES0073,SK025,Feature Engineering,2,planned,360,True
ITEM00699,PATH0117,LRN0117,RES0079,SK027,Neural Networks,3,mastered_skip,480,False
ITEM00700,PATH0117,LRN0117,RES0082,SK028,Deep Learning,4,mastered_skip,480,False
ITEM00701,PATH0117,LRN0117,RES0150,SK050,Model Deployment,5,planned,780,True
ITEM00702,PATH0117,LRN0117,RES0071,SK024,Model Evaluation,6,planned,330,True
ITEM00703,PATH0118,LRN0118,RES0091,SK031,HTML & CSS,1,planned,120,True
ITEM00704,PATH0118,LRN0118,RES0094,SK032,JavaScript Basics,2,mastered_skip,120,False
ITEM00705,PATH0118,LRN0118,RES0103,SK035,React Fundamentals,3,mastered_skip,360,False
ITEM00706,PATH0118,LRN0118,RES0108,SK036,Node.js Basics,4,planned,540,True
ITEM00707,PATH0118,LRN0118,RES0110,SK037,REST API Design,5,planned,570,True
ITEM00708,PATH0118,LRN0118,RES0100,SK034,Database Design (RDBMS),6,planned,240,True
ITEM00709,PATH0119,LRN0119,RES0055,SK019,Advanced SQL,1,mastered_skip,600,False
ITEM00710,PATH0119,LRN0119,RES0151,SK051,Data Modeling,2,mastered_skip,120,False
ITEM00711,PATH0119,LRN0119,RES0159,SK053,ETL Fundamentals,3,planned,420,True
ITEM00712,PATH0119,LRN0119,RES0170,SK057,Apache Spark Basics,4,planned,570,True
ITEM00713,PATH0119,LRN0119,RES0160,SK054,Data Warehousing,5,planned,240,True
ITEM00714,PATH0119,LRN0119,RES0178,SK060,Data Pipeline Design,6,mastered_skip,600,False
ITEM00715,PATH0120,LRN0120,RES0121,SK041,Linux Fundamentals,1,mastered_skip,120,False
ITEM00716,PATH0120,LRN0120,RES0126,SK042,Cloud Computing Basics,2,planned,300,True
ITEM00717,PATH0120,LRN0120,RES0131,SK044,AWS Core Services,3,planned,330,True
ITEM00718,PATH0120,LRN0120,RES0133,SK045,Docker Fundamentals,4,planned,360,True
ITEM00719,PATH0120,LRN0120,RES0139,SK047,Kubernetes Basics,5,mastered_skip,480,False
ITEM00720,PATH0120,LRN0120,RES0142,SK048,CI/CD Pipelines,6,mastered_skip,480,False
ITEM00721,PATH0121,LRN0121,RES0036,SK012,SQL Basics,1,planned,300,True
ITEM00722,PATH0121,LRN0121,RES0056,SK019,Advanced SQL,2,planned,690,True
ITEM00723,PATH0121,LRN0121,RES0037,SK013,Excel for Data Analysis,3,planned,240,True
ITEM00724,PATH0121,LRN0121,RES0046,SK016,Data Visualization,4,mastered_skip,360,False
ITEM00725,PATH0121,LRN0121,RES0031,SK011,Descriptive Statistics,5,mastered_skip,120,False
ITEM00726,PATH0121,LRN0121,RES0054,SK018,Exploratory Data Analysis,6,planned,660,True
ITEM00727,PATH0122,LRN0122,RES0008,SK003,Python Data Structures,1,planned,330,True
ITEM00728,PATH0122,LRN0122,RES0049,SK017,Inferential Statistics,2,planned,480,True
ITEM00729,PATH0122,LRN0122,RES0061,SK021,ML Foundations,3,mastered_skip,120,False
ITEM00730,PATH0122,LRN0122,RES0064,SK022,Regression Techniques,4,mastered_skip,120,False
ITEM00731,PATH0122,LRN0122,RES0069,SK023,Classification Techniques,5,planned,420,True
ITEM00732,PATH0122,LRN0122,RES0071,SK024,Model Evaluation,6,planned,330,True
ITEM00733,PATH0123,LRN0123,RES0061,SK021,ML Foundations,1,planned,120,True
ITEM00734,PATH0123,LRN0123,RES0073,SK025,Feature Engineering,2,mastered_skip,360,False
ITEM00735,PATH0123,LRN0123,RES0079,SK027,Neural Networks,3,mastered_skip,480,False
ITEM00736,PATH0123,LRN0123,RES0084,SK028,Deep Learning,4,planned,660,True
ITEM00737,PATH0123,LRN0123,RES0149,SK050,Model Deployment,5,planned,690,True
ITEM00738,PATH0123,LRN0123,RES0070,SK024,Model Evaluation,6,planned,240,True
ITEM00739,PATH0124,LRN0124,RES0091,SK031,HTML & CSS,1,mastered_skip,120,False
ITEM00740,PATH0124,LRN0124,RES0094,SK032,JavaScript Basics,2,mastered_skip,120,False
ITEM00741,PATH0124,LRN0124,RES0105,SK035,React Fundamentals,3,planned,540,True
ITEM00742,PATH0124,LRN0124,RES0107,SK036,Node.js Basics,4,planned,450,True
ITEM00743,PATH0124,LRN0124,RES0109,SK037,REST API Design,5,planned,480,True
ITEM00744,PATH0124,LRN0124,RES0100,SK034,Database Design (RDBMS),6,mastered_skip,240,False
ITEM00745,PATH0125,LRN0125,RES0055,SK019,Advanced SQL,1,mastered_skip,600,False
ITEM00746,PATH0125,LRN0125,RES0153,SK051,Data Modeling,2,planned,300,True
ITEM00747,PATH0125,LRN0125,RES0158,SK053,ETL Fundamentals,3,planned,330,True
ITEM00748,PATH0125,LRN0125,RES0169,SK057,Apache Spark Basics,4,planned,480,True
ITEM00749,PATH0125,LRN0125,RES0160,SK054,Data Warehousing,5,mastered_skip,240,False
ITEM00750,PATH0125,LRN0125,RES0178,SK060,Data Pipeline Design,6,mastered_skip,600,False
ITEM00751,PATH0126,LRN0126,RES0123,SK041,Linux Fundamentals,1,planned,300,True
ITEM00752,PATH0126,LRN0126,RES0125,SK042,Cloud Computing Basics,2,planned,210,True
ITEM00753,PATH0126,LRN0126,RES0130,SK044,AWS Core Services,3,planned,240,True
ITEM00754,PATH0126,LRN0126,RES0133,SK045,Docker Fundamentals,4,mastered_skip,360,False
ITEM00755,PATH0126,LRN0126,RES0139,SK047,Kubernetes Basics,5,mastered_skip,480,False
ITEM00756,PATH0126,LRN0126,RES0144,SK048,CI/CD Pipelines,6,planned,660,True
ITEM00757,PATH0127,LRN0127,RES0035,SK012,SQL Basics,1,planned,210,True
ITEM00758,PATH0127,LRN0127,RES0055,SK019,Advanced SQL,2,mastered_skip,600,False
ITEM00759,PATH0127,LRN0127,RES0037,SK013,Excel for Data Analysis,3,mastered_skip,240,False
ITEM00760,PATH0127,LRN0127,RES0046,SK016,Data Visualization,4,mastered_skip,360,False
ITEM00761,PATH0127,LRN0127,RES0033,SK011,Descriptive Statistics,5,planned,300,True
ITEM00762,PATH0127,LRN0127,RES0053,SK018,Exploratory Data Analysis,6,planned,570,True
ITEM00763,PATH0128,LRN0128,RES0007,SK003,Python Data Structures,1,mastered_skip,240,False
ITEM00764,PATH0128,LRN0128,RES0049,SK017,Inferential Statistics,2,mastered_skip,480,False
ITEM00765,PATH0128,LRN0128,RES0061,SK021,ML Foundations,3,mastered_skip,120,False
ITEM00766,PATH0128,LRN0128,RES0066,SK022,Regression Techniques,4,planned,300,True
ITEM00767,PATH0128,LRN0128,RES0068,SK023,Classification Techniques,5,planned,330,True
ITEM00768,PATH0128,LRN0128,RES0070,SK024,Model Evaluation,6,mastered_skip,240,False
ITEM00769,PATH0129,LRN0129,RES0061,SK021,ML Foundations,1,mastered_skip,120,False
ITEM00770,PATH0129,LRN0129,RES0073,SK025,Feature Engineering,2,mastered_skip,360,False
ITEM00771,PATH0129,LRN0129,RES0081,SK027,Neural Networks,3,planned,660,True
ITEM00772,PATH0129,LRN0129,RES0083,SK028,Deep Learning,4,planned,570,True
ITEM00773,PATH0129,LRN0129,RES0148,SK050,Model Deployment,5,planned,600,True
ITEM00774,PATH0129,LRN0129,RES0070,SK024,Model Evaluation,6,mastered_skip,240,False
ITEM00775,PATH0130,LRN0130,RES0091,SK031,HTML & CSS,1,mastered_skip,120,False
ITEM00776,PATH0130,LRN0130,RES0096,SK032,JavaScript Basics,2,planned,300,True
ITEM00777,PATH0130,LRN0130,RES0104,SK035,React Fundamentals,3,planned,450,True
ITEM00778,PATH0130,LRN0130,RES0106,SK036,Node.js Basics,4,planned,360,True
ITEM00779,PATH0130,LRN0130,RES0109,SK037,REST API Design,5,mastered_skip,480,False
ITEM00780,PATH0130,LRN0130,RES0100,SK034,Database Design (RDBMS),6,mastered_skip,240,False
ITEM00781,PATH0131,LRN0131,RES0057,SK019,Advanced SQL,1,planned,780,True
ITEM00782,PATH0131,LRN0131,RES0152,SK051,Data Modeling,2,planned,210,True
ITEM00783,PATH0131,LRN0131,RES0157,SK053,ETL Fundamentals,3,planned,240,True
ITEM00784,PATH0131,LRN0131,RES0169,SK057,Apache Spark Basics,4,mastered_skip,480,False
ITEM00785,PATH0131,LRN0131,RES0160,SK054,Data Warehousing,5,mastered_skip,240,False
ITEM00786,PATH0131,LRN0131,RES0180,SK060,Data Pipeline Design,6,planned,780,True
ITEM00787,PATH0132,LRN0132,RES0122,SK041,Linux Fundamentals,1,planned,210,True
ITEM00788,PATH0132,LRN0132,RES0124,SK042,Cloud Computing Basics,2,planned,120,True
ITEM00789,PATH0132,LRN0132,RES0130,SK044,AWS Core Services,3,mastered_skip,240,False
ITEM00790,PATH0132,LRN0132,RES0133,SK045,Docker Fundamentals,4,mastered_skip,360,False
ITEM00791,PATH0132,LRN0132,RES0141,SK047,Kubernetes Basics,5,planned,660,True
ITEM00792,PATH0132,LRN0132,RES0143,SK048,CI/CD Pipelines,6,planned,570,True
ITEM00793,PATH0133,LRN0133,RES0034,SK012,SQL Basics,1,planned,120,True
ITEM00794,PATH0133,LRN0133,RES0055,SK019,Advanced SQL,2,mastered_skip,600,False
ITEM00795,PATH0133,LRN0133,RES0037,SK013,Excel for Data Analysis,3,mastered_skip,240,False
ITEM00796,PATH0133,LRN0133,RES0048,SK016,Data Visualization,4,planned,540,True
ITEM00797,PATH0133,LRN0133,RES0032,SK011,Descriptive Statistics,5,planned,210,True
ITEM00798,PATH0133,LRN0133,RES0052,SK018,Exploratory Data Analysis,6,mastered_skip,480,False
ITEM00799,PATH0134,LRN0134,RES0007,SK003,Python Data Structures,1,mastered_skip,240,False
ITEM00800,PATH0134,LRN0134,RES0049,SK017,Inferential Statistics,2,mastered_skip,480,False
ITEM00801,PATH0134,LRN0134,RES0063,SK021,ML Foundations,3,planned,300,True
ITEM00802,PATH0134,LRN0134,RES0065,SK022,Regression Techniques,4,planned,210,True
ITEM00803,PATH0134,LRN0134,RES0067,SK023,Classification Techniques,5,planned,240,True
ITEM00804,PATH0134,LRN0134,RES0070,SK024,Model Evaluation,6,mastered_skip,240,False
ITEM00805,PATH0135,LRN0135,RES0061,SK021,ML Foundations,1,mastered_skip,120,False
ITEM00806,PATH0135,LRN0135,RES0075,SK025,Feature Engineering,2,planned,540,True
ITEM00807,PATH0135,LRN0135,RES0080,SK027,Neural Networks,3,planned,570,True
ITEM00808,PATH0135,LRN0135,RES0082,SK028,Deep Learning,4,planned,480,True
ITEM00809,PATH0135,LRN0135,RES0148,SK050,Model Deployment,5,mastered_skip,600,False
ITEM00810,PATH0135,LRN0135,RES0070,SK024,Model Evaluation,6,mastered_skip,240,False
ITEM00811,PATH0136,LRN0136,RES0093,SK031,HTML & CSS,1,planned,300,True
ITEM00812,PATH0136,LRN0136,RES0095,SK032,JavaScript Basics,2,planned,210,True
ITEM00813,PATH0136,LRN0136,RES0103,SK035,React Fundamentals,3,planned,360,True
ITEM00814,PATH0136,LRN0136,RES0106,SK036,Node.js Basics,4,mastered_skip,360,False
ITEM00815,PATH0136,LRN0136,RES0109,SK037,REST API Design,5,mastered_skip,480,False
ITEM00816,PATH0136,LRN0136,RES0102,SK034,Database Design (RDBMS),6,planned,420,True
ITEM00817,PATH0137,LRN0137,RES0056,SK019,Advanced SQL,1,planned,690,True
ITEM00818,PATH0137,LRN0137,RES0151,SK051,Data Modeling,2,planned,120,True
ITEM00819,PATH0137,LRN0137,RES0157,SK053,ETL Fundamentals,3,mastered_skip,240,False
ITEM00820,PATH0137,LRN0137,RES0169,SK057,Apache Spark Basics,4,mastered_skip,480,False
ITEM00821,PATH0137,LRN0137,RES0162,SK054,Data Warehousing,5,planned,420,True
ITEM00822,PATH0137,LRN0137,RES0179,SK060,Data Pipeline Design,6,planned,690,True
ITEM00823,PATH0138,LRN0138,RES0121,SK041,Linux Fundamentals,1,planned,120,True
ITEM00824,PATH0138,LRN0138,RES0124,SK042,Cloud Computing Basics,2,mastered_skip,120,False
ITEM00825,PATH0138,LRN0138,RES0130,SK044,AWS Core Services,3,mastered_skip,240,False
ITEM00826,PATH0138,LRN0138,RES0135,SK045,Docker Fundamentals,4,planned,540,True
ITEM00827,PATH0138,LRN0138,RES0140,SK047,Kubernetes Basics,5,planned,570,True
ITEM00828,PATH0138,LRN0138,RES0142,SK048,CI/CD Pipelines,6,planned,480,True
ITEM00829,PATH0139,LRN0139,RES0034,SK012,SQL Basics,1,mastered_skip,120,False
ITEM00830,PATH0139,LRN0139,RES0055,SK019,Advanced SQL,2,mastered_skip,600,False
ITEM00831,PATH0139,LRN0139,RES0039,SK013,Excel for Data Analysis,3,planned,420,True
ITEM00832,PATH0139,LRN0139,RES0047,SK016,Data Visualization,4,planned,450,True
ITEM00833,PATH0139,LRN0139,RES0031,SK011,Descriptive Statistics,5,planned,120,True
ITEM00834,PATH0139,LRN0139,RES0052,SK018,Exploratory Data Analysis,6,mastered_skip,480,False
ITEM00835,PATH0140,LRN0140,RES0007,SK003,Python Data Structures,1,mastered_skip,240,False
ITEM00836,PATH0140,LRN0140,RES0051,SK017,Inferential Statistics,2,planned,660,True
ITEM00837,PATH0140,LRN0140,RES0062,SK021,ML Foundations,3,planned,210,True
ITEM00838,PATH0140,LRN0140,RES0064,SK022,Regression Techniques,4,mastered_skip,120,False
ITEM00839,PATH0140,LRN0140,RES0067,SK023,Classification Techniques,5,mastered_skip,240,False
ITEM00840,PATH0140,LRN0140,RES0070,SK024,Model Evaluation,6,mastered_skip,240,False
ITEM00841,PATH0141,LRN0141,RES0063,SK021,ML Foundations,1,planned,300,True
ITEM00842,PATH0141,LRN0141,RES0074,SK025,Feature Engineering,2,planned,450,True
ITEM00843,PATH0141,LRN0141,RES0079,SK027,Neural Networks,3,planned,480,True
ITEM00844,PATH0141,LRN0141,RES0082,SK028,Deep Learning,4,mastered_skip,480,False
ITEM00845,PATH0141,LRN0141,RES0148,SK050,Model Deployment,5,mastered_skip,600,False
ITEM00846,PATH0141,LRN0141,RES0072,SK024,Model Evaluation,6,planned,420,True
ITEM00847,PATH0142,LRN0142,RES0092,SK031,HTML & CSS,1,planned,210,True
ITEM00848,PATH0142,LRN0142,RES0094,SK032,JavaScript Basics,2,planned,120,True
ITEM00849,PATH0142,LRN0142,RES0103,SK035,React Fundamentals,3,mastered_skip,360,False
ITEM00850,PATH0142,LRN0142,RES0106,SK036,Node.js Basics,4,mastered_skip,360,False
ITEM00851,PATH0142,LRN0142,RES0111,SK037,REST API Design,5,planned,660,True
ITEM00852,PATH0142,LRN0142,RES0101,SK034,Database Design (RDBMS),6,planned,330,True
ITEM00853,PATH0143,LRN0143,RES0055,SK019,Advanced SQL,1,planned,600,True
ITEM00854,PATH0143,LRN0143,RES0151,SK051,Data Modeling,2,mastered_skip,120,False
ITEM00855,PATH0143,LRN0143,RES0157,SK053,ETL Fundamentals,3,mastered_skip,240,False
ITEM00856,PATH0143,LRN0143,RES0171,SK057,Apache Spark Basics,4,planned,660,True
ITEM00857,PATH0143,LRN0143,RES0161,SK054,Data Warehousing,5,planned,330,True
ITEM00858,PATH0143,LRN0143,RES0178,SK060,Data Pipeline Design,6,planned,600,True
ITEM00859,PATH0144,LRN0144,RES0121,SK041,Linux Fundamentals,1,mastered_skip,120,False
ITEM00860,PATH0144,LRN0144,RES0124,SK042,Cloud Computing Basics,2,mastered_skip,120,False
ITEM00861,PATH0144,LRN0144,RES0132,SK044,AWS Core Services,3,planned,420,True
ITEM00862,PATH0144,LRN0144,RES0134,SK045,Docker Fundamentals,4,planned,450,True
ITEM00863,PATH0144,LRN0144,RES0139,SK047,Kubernetes Basics,5,planned,480,True
ITEM00864,PATH0144,LRN0144,RES0142,SK048,CI/CD Pipelines,6,mastered_skip,480,False
ITEM00865,PATH0145,LRN0145,RES0034,SK012,SQL Basics,1,mastered_skip,120,False
ITEM00866,PATH0145,LRN0145,RES0057,SK019,Advanced SQL,2,planned,780,True
ITEM00867,PATH0145,LRN0145,RES0038,SK013,Excel for Data Analysis,3,planned,330,True
ITEM00868,PATH0145,LRN0145,RES0046,SK016,Data Visualization,4,mastered_skip,360,False
ITEM00869,PATH0145,LRN0145,RES0031,SK011,Descriptive Statistics,5,mastered_skip,120,False
ITEM00870,PATH0145,LRN0145,RES0052,SK018,Exploratory Data Analysis,6,mastered_skip,480,False
ITEM00871,PATH0146,LRN0146,RES0009,SK003,Python Data Structures,1,planned,420,True
ITEM00872,PATH0146,LRN0146,RES0050,SK017,Inferential Statistics,2,planned,570,True
ITEM00873,PATH0146,LRN0146,RES0061,SK021,ML Foundations,3,planned,120,True
ITEM00874,PATH0146,LRN0146,RES0064,SK022,Regression Techniques,4,mastered_skip,120,False
ITEM00875,PATH0146,LRN0146,RES0067,SK023,Classification Techniques,5,mastered_skip,240,False
ITEM00876,PATH0146,LRN0146,RES0072,SK024,Model Evaluation,6,planned,420,True
ITEM00877,PATH0147,LRN0147,RES0062,SK021,ML Foundations,1,planned,210,True
ITEM00878,PATH0147,LRN0147,RES0073,SK025,Feature Engineering,2,planned,360,True
ITEM00879,PATH0147,LRN0147,RES0079,SK027,Neural Networks,3,mastered_skip,480,False
ITEM00880,PATH0147,LRN0147,RES0082,SK028,Deep Learning,4,mastered_skip,480,False
ITEM00881,PATH0147,LRN0147,RES0150,SK050,Model Deployment,5,planned,780,True
ITEM00882,PATH0147,LRN0147,RES0071,SK024,Model Evaluation,6,planned,330,True
ITEM00883,PATH0148,LRN0148,RES0091,SK031,HTML & CSS,1,planned,120,True
ITEM00884,PATH0148,LRN0148,RES0094,SK032,JavaScript Basics,2,mastered_skip,120,False
ITEM00885,PATH0148,LRN0148,RES0103,SK035,React Fundamentals,3,mastered_skip,360,False
ITEM00886,PATH0148,LRN0148,RES0108,SK036,Node.js Basics,4,planned,540,True
ITEM00887,PATH0148,LRN0148,RES0110,SK037,REST API Design,5,planned,570,True
ITEM00888,PATH0148,LRN0148,RES0100,SK034,Database Design (RDBMS),6,planned,240,True
ITEM00889,PATH0149,LRN0149,RES0055,SK019,Advanced SQL,1,mastered_skip,600,False
ITEM00890,PATH0149,LRN0149,RES0151,SK051,Data Modeling,2,mastered_skip,120,False
ITEM00891,PATH0149,LRN0149,RES0159,SK053,ETL Fundamentals,3,planned,420,True
ITEM00892,PATH0149,LRN0149,RES0170,SK057,Apache Spark Basics,4,planned,570,True
ITEM00893,PATH0149,LRN0149,RES0160,SK054,Data Warehousing,5,planned,240,True
ITEM00894,PATH0149,LRN0149,RES0178,SK060,Data Pipeline Design,6,mastered_skip,600,False
ITEM00895,PATH0150,LRN0150,RES0121,SK041,Linux Fundamentals,1,mastered_skip,120,False
ITEM00896,PATH0150,LRN0150,RES0126,SK042,Cloud Computing Basics,2,planned,300,True
ITEM00897,PATH0150,LRN0150,RES0131,SK044,AWS Core Services,3,planned,330,True
ITEM00898,PATH0150,LRN0150,RES0133,SK045,Docker Fundamentals,4,planned,360,True
ITEM00899,PATH0150,LRN0150,RES0139,SK047,Kubernetes Basics,5,mastered_skip,480,False
ITEM00900,PATH0150,LRN0150,RES0142,SK048,CI/CD Pipelines,6,mastered_skip,480,False
ITEM00901,PATH0151,LRN0151,RES0036,SK012,SQL Basics,1,planned,300,True
ITEM00902,PATH0151,LRN0151,RES0056,SK019,Advanced SQL,2,planned,690,True
ITEM00903,PATH0151,LRN0151,RES0037,SK013,Excel for Data Analysis,3,planned,240,True
ITEM00904,PATH0151,LRN0151,RES0046,SK016,Data Visualization,4,mastered_skip,360,False
ITEM00905,PATH0151,LRN0151,RES0031,SK011,Descriptive Statistics,5,mastered_skip,120,False
ITEM00906,PATH0151,LRN0151,RES0054,SK018,Exploratory Data Analysis,6,planned,660,True
ITEM00907,PATH0152,LRN0152,RES0008,SK003,Python Data Structures,1,planned,330,True
ITEM00908,PATH0152,LRN0152,RES0049,SK017,Inferential Statistics,2,mastered_skip,480,False
ITEM00909,PATH0152,LRN0152,RES0061,SK021,ML Foundations,3,mastered_skip,120,False
ITEM00910,PATH0152,LRN0152,RES0064,SK022,Regression Techniques,4,mastered_skip,120,False
ITEM00911,PATH0152,LRN0152,RES0069,SK023,Classification Techniques,5,planned,420,True
ITEM00912,PATH0152,LRN0152,RES0071,SK024,Model Evaluation,6,planned,330,True
ITEM00913,PATH0153,LRN0153,RES0061,SK021,ML Foundations,1,planned,120,True
ITEM00914,PATH0153,LRN0153,RES0073,SK025,Feature Engineering,2,mastered_skip,360,False
ITEM00915,PATH0153,LRN0153,RES0079,SK027,Neural Networks,3,mastered_skip,480,False
ITEM00916,PATH0153,LRN0153,RES0084,SK028,Deep Learning,4,planned,660,True
ITEM00917,PATH0153,LRN0153,RES0149,SK050,Model Deployment,5,planned,690,True
ITEM00918,PATH0153,LRN0153,RES0070,SK024,Model Evaluation,6,planned,240,True
ITEM00919,PATH0154,LRN0154,RES0091,SK031,HTML & CSS,1,mastered_skip,120,False
ITEM00920,PATH0154,LRN0154,RES0094,SK032,JavaScript Basics,2,mastered_skip,120,False
ITEM00921,PATH0154,LRN0154,RES0105,SK035,React Fundamentals,3,planned,540,True
ITEM00922,PATH0154,LRN0154,RES0107,SK036,Node.js Basics,4,planned,450,True
ITEM00923,PATH0154,LRN0154,RES0109,SK037,REST API Design,5,mastered_skip,480,False
ITEM00924,PATH0154,LRN0154,RES0100,SK034,Database Design (RDBMS),6,mastered_skip,240,False
ITEM00925,PATH0155,LRN0155,RES0055,SK019,Advanced SQL,1,mastered_skip,600,False
ITEM00926,PATH0155,LRN0155,RES0153,SK051,Data Modeling,2,planned,300,True
ITEM00927,PATH0155,LRN0155,RES0158,SK053,ETL Fundamentals,3,planned,330,True
ITEM00928,PATH0155,LRN0155,RES0169,SK057,Apache Spark Basics,4,planned,480,True
ITEM00929,PATH0155,LRN0155,RES0160,SK054,Data Warehousing,5,mastered_skip,240,False
ITEM00930,PATH0155,LRN0155,RES0178,SK060,Data Pipeline Design,6,mastered_skip,600,False
ITEM00931,PATH0156,LRN0156,RES0123,SK041,Linux Fundamentals,1,planned,300,True
ITEM00932,PATH0156,LRN0156,RES0125,SK042,Cloud Computing Basics,2,planned,210,True
ITEM00933,PATH0156,LRN0156,RES0130,SK044,AWS Core Services,3,planned,240,True
ITEM00934,PATH0156,LRN0156,RES0133,SK045,Docker Fundamentals,4,mastered_skip,360,False
ITEM00935,PATH0156,LRN0156,RES0139,SK047,Kubernetes Basics,5,mastered_skip,480,False
ITEM00936,PATH0156,LRN0156,RES0144,SK048,CI/CD Pipelines,6,planned,660,True
ITEM00937,PATH0157,LRN0157,RES0035,SK012,SQL Basics,1,planned,210,True
ITEM00938,PATH0157,LRN0157,RES0055,SK019,Advanced SQL,2,planned,600,True
ITEM00939,PATH0157,LRN0157,RES0037,SK013,Excel for Data Analysis,3,mastered_skip,240,False
ITEM00940,PATH0157,LRN0157,RES0046,SK016,Data Visualization,4,mastered_skip,360,False
ITEM00941,PATH0157,LRN0157,RES0033,SK011,Descriptive Statistics,5,planned,300,True
ITEM00942,PATH0157,LRN0157,RES0053,SK018,Exploratory Data Analysis,6,planned,570,True
ITEM00943,PATH0158,LRN0158,RES0007,SK003,Python Data Structures,1,planned,240,True
ITEM00944,PATH0158,LRN0158,RES0049,SK017,Inferential Statistics,2,mastered_skip,480,False
ITEM00945,PATH0158,LRN0158,RES0061,SK021,ML Foundations,3,mastered_skip,120,False
ITEM00946,PATH0158,LRN0158,RES0066,SK022,Regression Techniques,4,planned,300,True
ITEM00947,PATH0158,LRN0158,RES0068,SK023,Classification Techniques,5,planned,330,True
ITEM00948,PATH0158,LRN0158,RES0070,SK024,Model Evaluation,6,planned,240,True
ITEM00949,PATH0159,LRN0159,RES0061,SK021,ML Foundations,1,mastered_skip,120,False
ITEM00950,PATH0159,LRN0159,RES0073,SK025,Feature Engineering,2,mastered_skip,360,False
ITEM00951,PATH0159,LRN0159,RES0081,SK027,Neural Networks,3,planned,660,True
ITEM00952,PATH0159,LRN0159,RES0083,SK028,Deep Learning,4,planned,570,True
ITEM00953,PATH0159,LRN0159,RES0148,SK050,Model Deployment,5,planned,600,True
ITEM00954,PATH0159,LRN0159,RES0070,SK024,Model Evaluation,6,mastered_skip,240,False
ITEM00955,PATH0160,LRN0160,RES0091,SK031,HTML & CSS,1,mastered_skip,120,False
ITEM00956,PATH0160,LRN0160,RES0096,SK032,JavaScript Basics,2,planned,300,True
ITEM00957,PATH0160,LRN0160,RES0104,SK035,React Fundamentals,3,planned,450,True
ITEM00958,PATH0160,LRN0160,RES0106,SK036,Node.js Basics,4,planned,360,True
ITEM00959,PATH0160,LRN0160,RES0109,SK037,REST API Design,5,mastered_skip,480,False
ITEM00960,PATH0160,LRN0160,RES0100,SK034,Database Design (RDBMS),6,mastered_skip,240,False
ITEM00961,PATH0161,LRN0161,RES0057,SK019,Advanced SQL,1,planned,780,True
ITEM00962,PATH0161,LRN0161,RES0152,SK051,Data Modeling,2,planned,210,True
ITEM00963,PATH0161,LRN0161,RES0157,SK053,ETL Fundamentals,3,planned,240,True
ITEM00964,PATH0161,LRN0161,RES0169,SK057,Apache Spark Basics,4,mastered_skip,480,False
ITEM00965,PATH0161,LRN0161,RES0160,SK054,Data Warehousing,5,mastered_skip,240,False
ITEM00966,PATH0161,LRN0161,RES0180,SK060,Data Pipeline Design,6,planned,780,True
ITEM00967,PATH0162,LRN0162,RES0122,SK041,Linux Fundamentals,1,planned,210,True
ITEM00968,PATH0162,LRN0162,RES0124,SK042,Cloud Computing Basics,2,mastered_skip,120,False
ITEM00969,PATH0162,LRN0162,RES0130,SK044,AWS Core Services,3,mastered_skip,240,False
ITEM00970,PATH0162,LRN0162,RES0133,SK045,Docker Fundamentals,4,mastered_skip,360,False
ITEM00971,PATH0162,LRN0162,RES0141,SK047,Kubernetes Basics,5,planned,660,True
ITEM00972,PATH0162,LRN0162,RES0143,SK048,CI/CD Pipelines,6,planned,570,True
ITEM00973,PATH0163,LRN0163,RES0034,SK012,SQL Basics,1,planned,120,True
ITEM00974,PATH0163,LRN0163,RES0055,SK019,Advanced SQL,2,mastered_skip,600,False
ITEM00975,PATH0163,LRN0163,RES0037,SK013,Excel for Data Analysis,3,mastered_skip,240,False
ITEM00976,PATH0163,LRN0163,RES0048,SK016,Data Visualization,4,planned,540,True
ITEM00977,PATH0163,LRN0163,RES0032,SK011,Descriptive Statistics,5,planned,210,True
ITEM00978,PATH0163,LRN0163,RES0052,SK018,Exploratory Data Analysis,6,mastered_skip,480,False
ITEM00979,PATH0164,LRN0164,RES0007,SK003,Python Data Structures,1,mastered_skip,240,False
ITEM00980,PATH0164,LRN0164,RES0049,SK017,Inferential Statistics,2,mastered_skip,480,False
ITEM00981,PATH0164,LRN0164,RES0062,SK021,ML Foundations,3,planned,210,True
ITEM00982,PATH0164,LRN0164,RES0065,SK022,Regression Techniques,4,planned,210,True
ITEM00983,PATH0164,LRN0164,RES0067,SK023,Classification Techniques,5,planned,240,True
ITEM00984,PATH0164,LRN0164,RES0070,SK024,Model Evaluation,6,mastered_skip,240,False
ITEM00985,PATH0165,LRN0165,RES0061,SK021,ML Foundations,1,mastered_skip,120,False
ITEM00986,PATH0165,LRN0165,RES0075,SK025,Feature Engineering,2,planned,540,True
ITEM00987,PATH0165,LRN0165,RES0080,SK027,Neural Networks,3,planned,570,True
ITEM00988,PATH0165,LRN0165,RES0082,SK028,Deep Learning,4,mastered_skip,480,False
ITEM00989,PATH0165,LRN0165,RES0148,SK050,Model Deployment,5,mastered_skip,600,False
ITEM00990,PATH0165,LRN0165,RES0070,SK024,Model Evaluation,6,mastered_skip,240,False
ITEM00991,PATH0166,LRN0166,RES0093,SK031,HTML & CSS,1,planned,300,True
ITEM00992,PATH0166,LRN0166,RES0095,SK032,JavaScript Basics,2,planned,210,True
ITEM00993,PATH0166,LRN0166,RES0103,SK035,React Fundamentals,3,planned,360,True
ITEM00994,PATH0166,LRN0166,RES0106,SK036,Node.js Basics,4,mastered_skip,360,False
ITEM00995,PATH0166,LRN0166,RES0109,SK037,REST API Design,5,mastered_skip,480,False
ITEM00996,PATH0166,LRN0166,RES0102,SK034,Database Design (RDBMS),6,planned,420,True
ITEM00997,PATH0167,LRN0167,RES0056,SK019,Advanced SQL,1,planned,690,True
ITEM00998,PATH0167,LRN0167,RES0151,SK051,Data Modeling,2,mastered_skip,120,False
ITEM00999,PATH0167,LRN0167,RES0157,SK053,ETL Fundamentals,3,mastered_skip,240,False
ITEM01000,PATH0167,LRN0167,RES0169,SK057,Apache Spark Basics,4,mastered_skip,480,False
ITEM01001,PATH0167,LRN0167,RES0162,SK054,Data Warehousing,5,planned,420,True
ITEM01002,PATH0167,LRN0167,RES0179,SK060,Data Pipeline Design,6,planned,690,True
ITEM01003,PATH0168,LRN0168,RES0121,SK041,Linux Fundamentals,1,mastered_skip,120,False
ITEM01004,PATH0168,LRN0168,RES0124,SK042,Cloud Computing Basics,2,mastered_skip,120,False
ITEM01005,PATH0168,LRN0168,RES0130,SK044,AWS Core Services,3,mastered_skip,240,False
ITEM01006,PATH0168,LRN0168,RES0135,SK045,Docker Fundamentals,4,planned,540,True
ITEM01007,PATH0168,LRN0168,RES0140,SK047,Kubernetes Basics,5,planned,570,True
ITEM01008,PATH0168,LRN0168,RES0142,SK048,CI/CD Pipelines,6,planned,480,True
ITEM01009,PATH0169,LRN0169,RES0034,SK012,SQL Basics,1,mastered_skip,120,False
ITEM01010,PATH0169,LRN0169,RES0055,SK019,Advanced SQL,2,mastered_skip,600,False
ITEM01011,PATH0169,LRN0169,RES0039,SK013,Excel for Data Analysis,3,planned,420,True
ITEM01012,PATH0169,LRN0169,RES0047,SK016,Data Visualization,4,planned,450,True
ITEM01013,PATH0169,LRN0169,RES0031,SK011,Descriptive Statistics,5,planned,120,True
ITEM01014,PATH0169,LRN0169,RES0052,SK018,Exploratory Data Analysis,6,mastered_skip,480,False
ITEM01015,PATH0170,LRN0170,RES0007,SK003,Python Data Structures,1,mastered_skip,240,False
ITEM01016,PATH0170,LRN0170,RES0051,SK017,Inferential Statistics,2,planned,660,True
ITEM01017,PATH0170,LRN0170,RES0062,SK021,ML Foundations,3,planned,210,True
ITEM01018,PATH0170,LRN0170,RES0064,SK022,Regression Techniques,4,planned,120,True
ITEM01019,PATH0170,LRN0170,RES0067,SK023,Classification Techniques,5,mastered_skip,240,False
ITEM01020,PATH0170,LRN0170,RES0070,SK024,Model Evaluation,6,mastered_skip,240,False
ITEM01021,PATH0171,LRN0171,RES0063,SK021,ML Foundations,1,planned,300,True
ITEM01022,PATH0171,LRN0171,RES0074,SK025,Feature Engineering,2,planned,450,True
ITEM01023,PATH0171,LRN0171,RES0079,SK027,Neural Networks,3,planned,480,True
ITEM01024,PATH0171,LRN0171,RES0082,SK028,Deep Learning,4,mastered_skip,480,False
ITEM01025,PATH0171,LRN0171,RES0148,SK050,Model Deployment,5,mastered_skip,600,False
ITEM01026,PATH0171,LRN0171,RES0072,SK024,Model Evaluation,6,planned,420,True
ITEM01027,PATH0172,LRN0172,RES0092,SK031,HTML & CSS,1,planned,210,True
ITEM01028,PATH0172,LRN0172,RES0094,SK032,JavaScript Basics,2,planned,120,True
ITEM01029,PATH0172,LRN0172,RES0103,SK035,React Fundamentals,3,mastered_skip,360,False
ITEM01030,PATH0172,LRN0172,RES0106,SK036,Node.js Basics,4,mastered_skip,360,False
ITEM01031,PATH0172,LRN0172,RES0111,SK037,REST API Design,5,planned,660,True
ITEM01032,PATH0172,LRN0172,RES0101,SK034,Database Design (RDBMS),6,planned,330,True
ITEM01033,PATH0173,LRN0173,RES0055,SK019,Advanced SQL,1,planned,600,True
ITEM01034,PATH0173,LRN0173,RES0151,SK051,Data Modeling,2,mastered_skip,120,False
ITEM01035,PATH0173,LRN0173,RES0157,SK053,ETL Fundamentals,3,mastered_skip,240,False
ITEM01036,PATH0173,LRN0173,RES0171,SK057,Apache Spark Basics,4,planned,660,True
ITEM01037,PATH0173,LRN0173,RES0161,SK054,Data Warehousing,5,planned,330,True
ITEM01038,PATH0173,LRN0173,RES0178,SK060,Data Pipeline Design,6,planned,600,True
ITEM01039,PATH0174,LRN0174,RES0121,SK041,Linux Fundamentals,1,mastered_skip,120,False
ITEM01040,PATH0174,LRN0174,RES0124,SK042,Cloud Computing Basics,2,mastered_skip,120,False
ITEM01041,PATH0174,LRN0174,RES0132,SK044,AWS Core Services,3,planned,420,True
ITEM01042,PATH0174,LRN0174,RES0134,SK045,Docker Fundamentals,4,planned,450,True
ITEM01043,PATH0174,LRN0174,RES0139,SK047,Kubernetes Basics,5,mastered_skip,480,False
ITEM01044,PATH0174,LRN0174,RES0142,SK048,CI/CD Pipelines,6,mastered_skip,480,False
ITEM01045,PATH0175,LRN0175,RES0034,SK012,SQL Basics,1,mastered_skip,120,False
ITEM01046,PATH0175,LRN0175,RES0057,SK019,Advanced SQL,2,planned,780,True
ITEM01047,PATH0175,LRN0175,RES0038,SK013,Excel for Data Analysis,3,planned,330,True
ITEM01048,PATH0175,LRN0175,RES0046,SK016,Data Visualization,4,planned,360,True
ITEM01049,PATH0175,LRN0175,RES0031,SK011,Descriptive Statistics,5,mastered_skip,120,False
ITEM01050,PATH0175,LRN0175,RES0052,SK018,Exploratory Data Analysis,6,mastered_skip,480,False
ITEM01051,PATH0176,LRN0176,RES0009,SK003,Python Data Structures,1,planned,420,True
ITEM01052,PATH0176,LRN0176,RES0050,SK017,Inferential Statistics,2,planned,570,True
ITEM01053,PATH0176,LRN0176,RES0061,SK021,ML Foundations,3,planned,120,True
ITEM01054,PATH0176,LRN0176,RES0064,SK022,Regression Techniques,4,mastered_skip,120,False
ITEM01055,PATH0176,LRN0176,RES0067,SK023,Classification Techniques,5,mastered_skip,240,False
ITEM01056,PATH0176,LRN0176,RES0072,SK024,Model Evaluation,6,planned,420,True
ITEM01057,PATH0177,LRN0177,RES0062,SK021,ML Foundations,1,planned,210,True
ITEM01058,PATH0177,LRN0177,RES0073,SK025,Feature Engineering,2,planned,360,True
ITEM01059,PATH0177,LRN0177,RES0079,SK027,Neural Networks,3,mastered_skip,480,False
ITEM01060,PATH0177,LRN0177,RES0082,SK028,Deep Learning,4,mastered_skip,480,False
ITEM01061,PATH0177,LRN0177,RES0150,SK050,Model Deployment,5,planned,780,True
ITEM01062,PATH0177,LRN0177,RES0071,SK024,Model Evaluation,6,planned,330,True
ITEM01063,PATH0178,LRN0178,RES0091,SK031,HTML & CSS,1,planned,120,True
ITEM01064,PATH0178,LRN0178,RES0094,SK032,JavaScript Basics,2,mastered_skip,120,False
ITEM01065,PATH0178,LRN0178,RES0103,SK035,React Fundamentals,3,mastered_skip,360,False
ITEM01066,PATH0178,LRN0178,RES0108,SK036,Node.js Basics,4,planned,540,True
ITEM01067,PATH0178,LRN0178,RES0110,SK037,REST API Design,5,planned,570,True
ITEM01068,PATH0178,LRN0178,RES0100,SK034,Database Design (RDBMS),6,mastered_skip,240,False
ITEM01069,PATH0179,LRN0179,RES0055,SK019,Advanced SQL,1,mastered_skip,600,False
ITEM01070,PATH0179,LRN0179,RES0151,SK051,Data Modeling,2,mastered_skip,120,False
ITEM01071,PATH0179,LRN0179,RES0159,SK053,ETL Fundamentals,3,planned,420,True
ITEM01072,PATH0179,LRN0179,RES0170,SK057,Apache Spark Basics,4,planned,570,True
ITEM01073,PATH0179,LRN0179,RES0160,SK054,Data Warehousing,5,planned,240,True
ITEM01074,PATH0179,LRN0179,RES0178,SK060,Data Pipeline Design,6,mastered_skip,600,False
ITEM01075,PATH0180,LRN0180,RES0121,SK041,Linux Fundamentals,1,mastered_skip,120,False
ITEM01076,PATH0180,LRN0180,RES0126,SK042,Cloud Computing Basics,2,planned,300,True
ITEM01077,PATH0180,LRN0180,RES0131,SK044,AWS Core Services,3,planned,330,True
ITEM01078,PATH0180,LRN0180,RES0133,SK045,Docker Fundamentals,4,planned,360,True
ITEM01079,PATH0180,LRN0180,RES0139,SK047,Kubernetes Basics,5,mastered_skip,480,False
ITEM01080,PATH0180,LRN0180,RES0142,SK048,CI/CD Pipelines,6,mastered_skip,480,False
ITEM01081,PATH0181,LRN0181,RES0036,SK012,SQL Basics,1,planned,300,True
ITEM01082,PATH0181,LRN0181,RES0056,SK019,Advanced SQL,2,planned,690,True
ITEM01083,PATH0181,LRN0181,RES0037,SK013,Excel for Data Analysis,3,planned,240,True
ITEM01084,PATH0181,LRN0181,RES0046,SK016,Data Visualization,4,mastered_skip,360,False
ITEM01085,PATH0181,LRN0181,RES0031,SK011,Descriptive Statistics,5,mastered_skip,120,False
ITEM01086,PATH0181,LRN0181,RES0054,SK018,Exploratory Data Analysis,6,planned,660,True
ITEM01087,PATH0182,LRN0182,RES0008,SK003,Python Data Structures,1,planned,330,True
ITEM01088,PATH0182,LRN0182,RES0049,SK017,Inferential Statistics,2,planned,480,True
ITEM01089,PATH0182,LRN0182,RES0061,SK021,ML Foundations,3,mastered_skip,120,False
ITEM01090,PATH0182,LRN0182,RES0064,SK022,Regression Techniques,4,mastered_skip,120,False
ITEM01091,PATH0182,LRN0182,RES0069,SK023,Classification Techniques,5,planned,420,True
ITEM01092,PATH0182,LRN0182,RES0071,SK024,Model Evaluation,6,planned,330,True
ITEM01093,PATH0183,LRN0183,RES0061,SK021,ML Foundations,1,planned,120,True
ITEM01094,PATH0183,LRN0183,RES0073,SK025,Feature Engineering,2,mastered_skip,360,False
ITEM01095,PATH0183,LRN0183,RES0079,SK027,Neural Networks,3,mastered_skip,480,False
ITEM01096,PATH0183,LRN0183,RES0084,SK028,Deep Learning,4,planned,660,True
ITEM01097,PATH0183,LRN0183,RES0149,SK050,Model Deployment,5,planned,690,True
ITEM01098,PATH0183,LRN0183,RES0070,SK024,Model Evaluation,6,planned,240,True
ITEM01099,PATH0184,LRN0184,RES0091,SK031,HTML & CSS,1,mastered_skip,120,False
ITEM01100,PATH0184,LRN0184,RES0094,SK032,JavaScript Basics,2,mastered_skip,120,False
ITEM01101,PATH0184,LRN0184,RES0105,SK035,React Fundamentals,3,planned,540,True
ITEM01102,PATH0184,LRN0184,RES0107,SK036,Node.js Basics,4,planned,450,True
ITEM01103,PATH0184,LRN0184,RES0109,SK037,REST API Design,5,mastered_skip,480,False
ITEM01104,PATH0184,LRN0184,RES0100,SK034,Database Design (RDBMS),6,mastered_skip,240,False
ITEM01105,PATH0185,LRN0185,RES0055,SK019,Advanced SQL,1,mastered_skip,600,False
ITEM01106,PATH0185,LRN0185,RES0153,SK051,Data Modeling,2,planned,300,True
ITEM01107,PATH0185,LRN0185,RES0158,SK053,ETL Fundamentals,3,planned,330,True
ITEM01108,PATH0185,LRN0185,RES0169,SK057,Apache Spark Basics,4,planned,480,True
ITEM01109,PATH0185,LRN0185,RES0160,SK054,Data Warehousing,5,mastered_skip,240,False
ITEM01110,PATH0185,LRN0185,RES0178,SK060,Data Pipeline Design,6,mastered_skip,600,False
ITEM01111,PATH0186,LRN0186,RES0123,SK041,Linux Fundamentals,1,planned,300,True
ITEM01112,PATH0186,LRN0186,RES0125,SK042,Cloud Computing Basics,2,planned,210,True
ITEM01113,PATH0186,LRN0186,RES0130,SK044,AWS Core Services,3,planned,240,True
ITEM01114,PATH0186,LRN0186,RES0133,SK045,Docker Fundamentals,4,mastered_skip,360,False
ITEM01115,PATH0186,LRN0186,RES0139,SK047,Kubernetes Basics,5,mastered_skip,480,False
ITEM01116,PATH0186,LRN0186,RES0144,SK048,CI/CD Pipelines,6,planned,660,True
ITEM01117,PATH0187,LRN0187,RES0035,SK012,SQL Basics,1,planned,210,True
ITEM01118,PATH0187,LRN0187,RES0055,SK019,Advanced SQL,2,planned,600,True
ITEM01119,PATH0187,LRN0187,RES0037,SK013,Excel for Data Analysis,3,mastered_skip,240,False
ITEM01120,PATH0187,LRN0187,RES0046,SK016,Data Visualization,4,mastered_skip,360,False
ITEM01121,PATH0187,LRN0187,RES0033,SK011,Descriptive Statistics,5,planned,300,True
ITEM01122,PATH0187,LRN0187,RES0053,SK018,Exploratory Data Analysis,6,planned,570,True
ITEM01123,PATH0188,LRN0188,RES0007,SK003,Python Data Structures,1,mastered_skip,240,False
ITEM01124,PATH0188,LRN0188,RES0049,SK017,Inferential Statistics,2,mastered_skip,480,False
ITEM01125,PATH0188,LRN0188,RES0061,SK021,ML Foundations,3,mastered_skip,120,False
ITEM01126,PATH0188,LRN0188,RES0066,SK022,Regression Techniques,4,planned,300,True
ITEM01127,PATH0188,LRN0188,RES0068,SK023,Classification Techniques,5,planned,330,True
ITEM01128,PATH0188,LRN0188,RES0070,SK024,Model Evaluation,6,planned,240,True
ITEM01129,PATH0189,LRN0189,RES0061,SK021,ML Foundations,1,mastered_skip,120,False
ITEM01130,PATH0189,LRN0189,RES0073,SK025,Feature Engineering,2,mastered_skip,360,False
ITEM01131,PATH0189,LRN0189,RES0081,SK027,Neural Networks,3,planned,660,True
ITEM01132,PATH0189,LRN0189,RES0083,SK028,Deep Learning,4,planned,570,True
ITEM01133,PATH0189,LRN0189,RES0148,SK050,Model Deployment,5,planned,600,True
ITEM01134,PATH0189,LRN0189,RES0070,SK024,Model Evaluation,6,mastered_skip,240,False
ITEM01135,PATH0190,LRN0190,RES0091,SK031,HTML & CSS,1,mastered_skip,120,False
ITEM01136,PATH0190,LRN0190,RES0096,SK032,JavaScript Basics,2,planned,300,True
ITEM01137,PATH0190,LRN0190,RES0104,SK035,React Fundamentals,3,planned,450,True
ITEM01138,PATH0190,LRN0190,RES0106,SK036,Node.js Basics,4,planned,360,True
ITEM01139,PATH0190,LRN0190,RES0109,SK037,REST API Design,5,mastered_skip,480,False
ITEM01140,PATH0190,LRN0190,RES0100,SK034,Database Design (RDBMS),6,mastered_skip,240,False
ITEM01141,PATH0191,LRN0191,RES0057,SK019,Advanced SQL,1,planned,780,True
ITEM01142,PATH0191,LRN0191,RES0152,SK051,Data Modeling,2,planned,210,True
ITEM01143,PATH0191,LRN0191,RES0157,SK053,ETL Fundamentals,3,mastered_skip,240,False
ITEM01144,PATH0191,LRN0191,RES0169,SK057,Apache Spark Basics,4,mastered_skip,480,False
ITEM01145,PATH0191,LRN0191,RES0160,SK054,Data Warehousing,5,mastered_skip,240,False
ITEM01146,PATH0191,LRN0191,RES0180,SK060,Data Pipeline Design,6,planned,780,True
ITEM01147,PATH0192,LRN0192,RES0122,SK041,Linux Fundamentals,1,planned,210,True
ITEM01148,PATH0192,LRN0192,RES0124,SK042,Cloud Computing Basics,2,planned,120,True
ITEM01149,PATH0192,LRN0192,RES0130,SK044,AWS Core Services,3,mastered_skip,240,False
ITEM01150,PATH0192,LRN0192,RES0133,SK045,Docker Fundamentals,4,mastered_skip,360,False
ITEM01151,PATH0192,LRN0192,RES0141,SK047,Kubernetes Basics,5,planned,660,True
ITEM01152,PATH0192,LRN0192,RES0143,SK048,CI/CD Pipelines,6,planned,570,True
ITEM01153,PATH0193,LRN0193,RES0034,SK012,SQL Basics,1,planned,120,True
ITEM01154,PATH0193,LRN0193,RES0055,SK019,Advanced SQL,2,mastered_skip,600,False
ITEM01155,PATH0193,LRN0193,RES0037,SK013,Excel for Data Analysis,3,mastered_skip,240,False
ITEM01156,PATH0193,LRN0193,RES0048,SK016,Data Visualization,4,planned,540,True
ITEM01157,PATH0193,LRN0193,RES0032,SK011,Descriptive Statistics,5,planned,210,True
ITEM01158,PATH0193,LRN0193,RES0052,SK018,Exploratory Data Analysis,6,mastered_skip,480,False
ITEM01159,PATH0194,LRN0194,RES0007,SK003,Python Data Structures,1,mastered_skip,240,False
ITEM01160,PATH0194,LRN0194,RES0049,SK017,Inferential Statistics,2,mastered_skip,480,False
ITEM01161,PATH0194,LRN0194,RES0063,SK021,ML Foundations,3,planned,300,True
ITEM01162,PATH0194,LRN0194,RES0065,SK022,Regression Techniques,4,planned,210,True
ITEM01163,PATH0194,LRN0194,RES0067,SK023,Classification Techniques,5,mastered_skip,240,False
ITEM01164,PATH0194,LRN0194,RES0070,SK024,Model Evaluation,6,mastered_skip,240,False
ITEM01165,PATH0195,LRN0195,RES0061,SK021,ML Foundations,1,mastered_skip,120,False
ITEM01166,PATH0195,LRN0195,RES0075,SK025,Feature Engineering,2,planned,540,True
ITEM01167,PATH0195,LRN0195,RES0080,SK027,Neural Networks,3,planned,570,True
ITEM01168,PATH0195,LRN0195,RES0082,SK028,Deep Learning,4,planned,480,True
ITEM01169,PATH0195,LRN0195,RES0148,SK050,Model Deployment,5,mastered_skip,600,False
ITEM01170,PATH0195,LRN0195,RES0070,SK024,Model Evaluation,6,mastered_skip,240,False
ITEM01171,PATH0196,LRN0196,RES0093,SK031,HTML & CSS,1,planned,300,True
ITEM01172,PATH0196,LRN0196,RES0095,SK032,JavaScript Basics,2,planned,210,True
ITEM01173,PATH0196,LRN0196,RES0103,SK035,React Fundamentals,3,planned,360,True
ITEM01174,PATH0196,LRN0196,RES0106,SK036,Node.js Basics,4,mastered_skip,360,False
ITEM01175,PATH0196,LRN0196,RES0109,SK037,REST API Design,5,mastered_skip,480,False
ITEM01176,PATH0196,LRN0196,RES0102,SK034,Database Design (RDBMS),6,planned,420,True
ITEM01177,PATH0197,LRN0197,RES0056,SK019,Advanced SQL,1,planned,690,True
ITEM01178,PATH0197,LRN0197,RES0151,SK051,Data Modeling,2,planned,120,True
ITEM01179,PATH0197,LRN0197,RES0157,SK053,ETL Fundamentals,3,mastered_skip,240,False
ITEM01180,PATH0197,LRN0197,RES0169,SK057,Apache Spark Basics,4,mastered_skip,480,False
ITEM01181,PATH0197,LRN0197,RES0162,SK054,Data Warehousing,5,planned,420,True
ITEM01182,PATH0197,LRN0197,RES0179,SK060,Data Pipeline Design,6,planned,690,True
ITEM01183,PATH0198,LRN0198,RES0121,SK041,Linux Fundamentals,1,planned,120,True
ITEM01184,PATH0198,LRN0198,RES0124,SK042,Cloud Computing Basics,2,mastered_skip,120,False
ITEM01185,PATH0198,LRN0198,RES0130,SK044,AWS Core Services,3,mastered_skip,240,False
ITEM01186,PATH0198,LRN0198,RES0135,SK045,Docker Fundamentals,4,planned,540,True
ITEM01187,PATH0198,LRN0198,RES0140,SK047,Kubernetes Basics,5,planned,570,True
ITEM01188,PATH0198,LRN0198,RES0142,SK048,CI/CD Pipelines,6,planned,480,True
ITEM01189,PATH0199,LRN0199,RES0034,SK012,SQL Basics,1,mastered_skip,120,False
ITEM01190,PATH0199,LRN0199,RES0055,SK019,Advanced SQL,2,mastered_skip,600,False
ITEM01191,PATH0199,LRN0199,RES0039,SK013,Excel for Data Analysis,3,planned,420,True
ITEM01192,PATH0199,LRN0199,RES0047,SK016,Data Visualization,4,planned,450,True
ITEM01193,PATH0199,LRN0199,RES0031,SK011,Descriptive Statistics,5,planned,120,True
ITEM01194,PATH0199,LRN0199,RES0052,SK018,Exploratory Data Analysis,6,mastered_skip,480,False
ITEM01195,PATH0200,LRN0200,RES0007,SK003,Python Data Structures,1,mastered_skip,240,False
ITEM01196,PATH0200,LRN0200,RES0051,SK017,Inferential Statistics,2,planned,660,True
ITEM01197,PATH0200,LRN0200,RES0062,SK021,ML Foundations,3,planned,210,True
ITEM01198,PATH0200,LRN0200,RES0064,SK022,Regression Techniques,4,planned,120,True
ITEM01199,PATH0200,LRN0200,RES0067,SK023,Classification Techniques,5,mastered_skip,240,False
ITEM01200,PATH0200,LRN0200,RES0070,SK024,Model Evaluation,6,mastered_skip,240,False
ITEM01201,PATH0201,LRN0201,RES0063,SK021,ML Foundations,1,planned,300,True
ITEM01202,PATH0201,LRN0201,RES0074,SK025,Feature Engineering,2,planned,450,True
ITEM01203,PATH0201,LRN0201,RES0079,SK027,Neural Networks,3,planned,480,True
ITEM01204,PATH0201,LRN0201,RES0082,SK028,Deep Learning,4,mastered_skip,480,False
ITEM01205,PATH0201,LRN0201,RES0148,SK050,Model Deployment,5,mastered_skip,600,False
ITEM01206,PATH0201,LRN0201,RES0072,SK024,Model Evaluation,6,planned,420,True
ITEM01207,PATH0202,LRN0202,RES0092,SK031,HTML & CSS,1,planned,210,True
ITEM01208,PATH0202,LRN0202,RES0094,SK032,JavaScript Basics,2,planned,120,True
ITEM01209,PATH0202,LRN0202,RES0103,SK035,React Fundamentals,3,mastered_skip,360,False
ITEM01210,PATH0202,LRN0202,RES0106,SK036,Node.js Basics,4,mastered_skip,360,False
ITEM01211,PATH0202,LRN0202,RES0111,SK037,REST API Design,5,planned,660,True
ITEM01212,PATH0202,LRN0202,RES0101,SK034,Database Design (RDBMS),6,planned,330,True
ITEM01213,PATH0203,LRN0203,RES0055,SK019,Advanced SQL,1,planned,600,True
ITEM01214,PATH0203,LRN0203,RES0151,SK051,Data Modeling,2,mastered_skip,120,False
ITEM01215,PATH0203,LRN0203,RES0157,SK053,ETL Fundamentals,3,mastered_skip,240,False
ITEM01216,PATH0203,LRN0203,RES0171,SK057,Apache Spark Basics,4,planned,660,True
ITEM01217,PATH0203,LRN0203,RES0161,SK054,Data Warehousing,5,planned,330,True
ITEM01218,PATH0203,LRN0203,RES0178,SK060,Data Pipeline Design,6,planned,600,True
ITEM01219,PATH0204,LRN0204,RES0121,SK041,Linux Fundamentals,1,mastered_skip,120,False
ITEM01220,PATH0204,LRN0204,RES0124,SK042,Cloud Computing Basics,2,mastered_skip,120,False
ITEM01221,PATH0204,LRN0204,RES0132,SK044,AWS Core Services,3,planned,420,True
ITEM01222,PATH0204,LRN0204,RES0134,SK045,Docker Fundamentals,4,planned,450,True
ITEM01223,PATH0204,LRN0204,RES0139,SK047,Kubernetes Basics,5,planned,480,True
ITEM01224,PATH0204,LRN0204,RES0142,SK048,CI/CD Pipelines,6,mastered_skip,480,False
ITEM01225,PATH0205,LRN0205,RES0034,SK012,SQL Basics,1,mastered_skip,120,False
ITEM01226,PATH0205,LRN0205,RES0057,SK019,Advanced SQL,2,planned,780,True
ITEM01227,PATH0205,LRN0205,RES0038,SK013,Excel for Data Analysis,3,planned,330,True
ITEM01228,PATH0205,LRN0205,RES0046,SK016,Data Visualization,4,planned,360,True
ITEM01229,PATH0205,LRN0205,RES0031,SK011,Descriptive Statistics,5,mastered_skip,120,False
ITEM01230,PATH0205,LRN0205,RES0052,SK018,Exploratory Data Analysis,6,mastered_skip,480,False
ITEM01231,PATH0206,LRN0206,RES0009,SK003,Python Data Structures,1,planned,420,True
ITEM01232,PATH0206,LRN0206,RES0050,SK017,Inferential Statistics,2,planned,570,True
ITEM01233,PATH0206,LRN0206,RES0061,SK021,ML Foundations,3,planned,120,True
ITEM01234,PATH0206,LRN0206,RES0064,SK022,Regression Techniques,4,mastered_skip,120,False
ITEM01235,PATH0206,LRN0206,RES0067,SK023,Classification Techniques,5,mastered_skip,240,False
ITEM01236,PATH0206,LRN0206,RES0072,SK024,Model Evaluation,6,planned,420,True
ITEM01237,PATH0207,LRN0207,RES0062,SK021,ML Foundations,1,planned,210,True
ITEM01238,PATH0207,LRN0207,RES0073,SK025,Feature Engineering,2,planned,360,True
ITEM01239,PATH0207,LRN0207,RES0079,SK027,Neural Networks,3,mastered_skip,480,False
ITEM01240,PATH0207,LRN0207,RES0082,SK028,Deep Learning,4,mastered_skip,480,False
ITEM01241,PATH0207,LRN0207,RES0150,SK050,Model Deployment,5,planned,780,True
ITEM01242,PATH0207,LRN0207,RES0071,SK024,Model Evaluation,6,planned,330,True
ITEM01243,PATH0208,LRN0208,RES0091,SK031,HTML & CSS,1,mastered_skip,120,False
ITEM01244,PATH0208,LRN0208,RES0094,SK032,JavaScript Basics,2,mastered_skip,120,False
ITEM01245,PATH0208,LRN0208,RES0103,SK035,React Fundamentals,3,mastered_skip,360,False
ITEM01246,PATH0208,LRN0208,RES0108,SK036,Node.js Basics,4,planned,540,True
ITEM01247,PATH0208,LRN0208,RES0110,SK037,REST API Design,5,planned,570,True
ITEM01248,PATH0208,LRN0208,RES0100,SK034,Database Design (RDBMS),6,planned,240,True
ITEM01249,PATH0209,LRN0209,RES0055,SK019,Advanced SQL,1,mastered_skip,600,False
ITEM01250,PATH0209,LRN0209,RES0151,SK051,Data Modeling,2,mastered_skip,120,False
ITEM01251,PATH0209,LRN0209,RES0159,SK053,ETL Fundamentals,3,planned,420,True
ITEM01252,PATH0209,LRN0209,RES0170,SK057,Apache Spark Basics,4,planned,570,True
ITEM01253,PATH0209,LRN0209,RES0160,SK054,Data Warehousing,5,mastered_skip,240,False
ITEM01254,PATH0209,LRN0209,RES0178,SK060,Data Pipeline Design,6,mastered_skip,600,False
ITEM01255,PATH0210,LRN0210,RES0121,SK041,Linux Fundamentals,1,mastered_skip,120,False
ITEM01256,PATH0210,LRN0210,RES0126,SK042,Cloud Computing Basics,2,planned,300,True
ITEM01257,PATH0210,LRN0210,RES0131,SK044,AWS Core Services,3,planned,330,True
ITEM01258,PATH0210,LRN0210,RES0133,SK045,Docker Fundamentals,4,planned,360,True
ITEM01259,PATH0210,LRN0210,RES0139,SK047,Kubernetes Basics,5,mastered_skip,480,False
ITEM01260,PATH0210,LRN0210,RES0142,SK048,CI/CD Pipelines,6,mastered_skip,480,False
ITEM01261,PATH0211,LRN0211,RES0036,SK012,SQL Basics,1,planned,300,True
ITEM01262,PATH0211,LRN0211,RES0056,SK019,Advanced SQL,2,planned,690,True
ITEM01263,PATH0211,LRN0211,RES0037,SK013,Excel for Data Analysis,3,planned,240,True
ITEM01264,PATH0211,LRN0211,RES0046,SK016,Data Visualization,4,mastered_skip,360,False
ITEM01265,PATH0211,LRN0211,RES0031,SK011,Descriptive Statistics,5,mastered_skip,120,False
ITEM01266,PATH0211,LRN0211,RES0054,SK018,Exploratory Data Analysis,6,planned,660,True
ITEM01267,PATH0212,LRN0212,RES0008,SK003,Python Data Structures,1,planned,330,True
ITEM01268,PATH0212,LRN0212,RES0049,SK017,Inferential Statistics,2,mastered_skip,480,False
ITEM01269,PATH0212,LRN0212,RES0061,SK021,ML Foundations,3,mastered_skip,120,False
ITEM01270,PATH0212,LRN0212,RES0064,SK022,Regression Techniques,4,mastered_skip,120,False
ITEM01271,PATH0212,LRN0212,RES0069,SK023,Classification Techniques,5,planned,420,True
ITEM01272,PATH0212,LRN0212,RES0071,SK024,Model Evaluation,6,planned,330,True
ITEM01273,PATH0213,LRN0213,RES0061,SK021,ML Foundations,1,planned,120,True
ITEM01274,PATH0213,LRN0213,RES0073,SK025,Feature Engineering,2,mastered_skip,360,False
ITEM01275,PATH0213,LRN0213,RES0079,SK027,Neural Networks,3,mastered_skip,480,False
ITEM01276,PATH0213,LRN0213,RES0084,SK028,Deep Learning,4,planned,660,True
ITEM01277,PATH0213,LRN0213,RES0149,SK050,Model Deployment,5,planned,690,True
ITEM01278,PATH0213,LRN0213,RES0070,SK024,Model Evaluation,6,mastered_skip,240,False
ITEM01279,PATH0214,LRN0214,RES0091,SK031,HTML & CSS,1,mastered_skip,120,False
ITEM01280,PATH0214,LRN0214,RES0094,SK032,JavaScript Basics,2,mastered_skip,120,False
ITEM01281,PATH0214,LRN0214,RES0105,SK035,React Fundamentals,3,planned,540,True
ITEM01282,PATH0214,LRN0214,RES0107,SK036,Node.js Basics,4,planned,450,True
ITEM01283,PATH0214,LRN0214,RES0109,SK037,REST API Design,5,planned,480,True
ITEM01284,PATH0214,LRN0214,RES0100,SK034,Database Design (RDBMS),6,mastered_skip,240,False
ITEM01285,PATH0215,LRN0215,RES0055,SK019,Advanced SQL,1,mastered_skip,600,False
ITEM01286,PATH0215,LRN0215,RES0153,SK051,Data Modeling,2,planned,300,True
ITEM01287,PATH0215,LRN0215,RES0158,SK053,ETL Fundamentals,3,planned,330,True
ITEM01288,PATH0215,LRN0215,RES0169,SK057,Apache Spark Basics,4,mastered_skip,480,False
ITEM01289,PATH0215,LRN0215,RES0160,SK054,Data Warehousing,5,mastered_skip,240,False
ITEM01290,PATH0215,LRN0215,RES0178,SK060,Data Pipeline Design,6,mastered_skip,600,False
ITEM01291,PATH0216,LRN0216,RES0123,SK041,Linux Fundamentals,1,planned,300,True
ITEM01292,PATH0216,LRN0216,RES0125,SK042,Cloud Computing Basics,2,planned,210,True
ITEM01293,PATH0216,LRN0216,RES0130,SK044,AWS Core Services,3,planned,240,True
ITEM01294,PATH0216,LRN0216,RES0133,SK045,Docker Fundamentals,4,mastered_skip,360,False
ITEM01295,PATH0216,LRN0216,RES0139,SK047,Kubernetes Basics,5,mastered_skip,480,False
ITEM01296,PATH0216,LRN0216,RES0144,SK048,CI/CD Pipelines,6,planned,660,True
ITEM01297,PATH0217,LRN0217,RES0035,SK012,SQL Basics,1,planned,210,True
ITEM01298,PATH0217,LRN0217,RES0055,SK019,Advanced SQL,2,mastered_skip,600,False
ITEM01299,PATH0217,LRN0217,RES0037,SK013,Excel for Data Analysis,3,mastered_skip,240,False
ITEM01300,PATH0217,LRN0217,RES0046,SK016,Data Visualization,4,mastered_skip,360,False
ITEM01301,PATH0217,LRN0217,RES0033,SK011,Descriptive Statistics,5,planned,300,True
ITEM01302,PATH0217,LRN0217,RES0053,SK018,Exploratory Data Analysis,6,planned,570,True
ITEM01303,PATH0218,LRN0218,RES0007,SK003,Python Data Structures,1,planned,240,True
ITEM01304,PATH0218,LRN0218,RES0049,SK017,Inferential Statistics,2,mastered_skip,480,False
ITEM01305,PATH0218,LRN0218,RES0061,SK021,ML Foundations,3,mastered_skip,120,False
ITEM01306,PATH0218,LRN0218,RES0066,SK022,Regression Techniques,4,planned,300,True
ITEM01307,PATH0218,LRN0218,RES0068,SK023,Classification Techniques,5,planned,330,True
ITEM01308,PATH0218,LRN0218,RES0070,SK024,Model Evaluation,6,planned,240,True
ITEM01309,PATH0219,LRN0219,RES0061,SK021,ML Foundations,1,mastered_skip,120,False
ITEM01310,PATH0219,LRN0219,RES0073,SK025,Feature Engineering,2,mastered_skip,360,False
ITEM01311,PATH0219,LRN0219,RES0081,SK027,Neural Networks,3,planned,660,True
ITEM01312,PATH0219,LRN0219,RES0083,SK028,Deep Learning,4,planned,570,True
ITEM01313,PATH0219,LRN0219,RES0148,SK050,Model Deployment,5,mastered_skip,600,False
ITEM01314,PATH0219,LRN0219,RES0070,SK024,Model Evaluation,6,mastered_skip,240,False
ITEM01315,PATH0220,LRN0220,RES0091,SK031,HTML & CSS,1,mastered_skip,120,False
ITEM01316,PATH0220,LRN0220,RES0096,SK032,JavaScript Basics,2,planned,300,True
ITEM01317,PATH0220,LRN0220,RES0104,SK035,React Fundamentals,3,planned,450,True
ITEM01318,PATH0220,LRN0220,RES0106,SK036,Node.js Basics,4,planned,360,True
ITEM01319,PATH0220,LRN0220,RES0109,SK037,REST API Design,5,mastered_skip,480,False
ITEM01320,PATH0220,LRN0220,RES0100,SK034,Database Design (RDBMS),6,mastered_skip,240,False
ITEM01321,PATH0221,LRN0221,RES0057,SK019,Advanced SQL,1,planned,780,True
ITEM01322,PATH0221,LRN0221,RES0152,SK051,Data Modeling,2,planned,210,True
ITEM01323,PATH0221,LRN0221,RES0157,SK053,ETL Fundamentals,3,planned,240,True
ITEM01324,PATH0221,LRN0221,RES0169,SK057,Apache Spark Basics,4,mastered_skip,480,False
ITEM01325,PATH0221,LRN0221,RES0160,SK054,Data Warehousing,5,mastered_skip,240,False
ITEM01326,PATH0221,LRN0221,RES0180,SK060,Data Pipeline Design,6,planned,780,True
ITEM01327,PATH0222,LRN0222,RES0122,SK041,Linux Fundamentals,1,planned,210,True
ITEM01328,PATH0222,LRN0222,RES0124,SK042,Cloud Computing Basics,2,mastered_skip,120,False
ITEM01329,PATH0222,LRN0222,RES0130,SK044,AWS Core Services,3,mastered_skip,240,False
ITEM01330,PATH0222,LRN0222,RES0133,SK045,Docker Fundamentals,4,mastered_skip,360,False
ITEM01331,PATH0222,LRN0222,RES0141,SK047,Kubernetes Basics,5,planned,660,True
ITEM01332,PATH0222,LRN0222,RES0143,SK048,CI/CD Pipelines,6,planned,570,True
ITEM01333,PATH0223,LRN0223,RES0034,SK012,SQL Basics,1,mastered_skip,120,False
ITEM01334,PATH0223,LRN0223,RES0055,SK019,Advanced SQL,2,mastered_skip,600,False
ITEM01335,PATH0223,LRN0223,RES0037,SK013,Excel for Data Analysis,3,mastered_skip,240,False
ITEM01336,PATH0223,LRN0223,RES0048,SK016,Data Visualization,4,planned,540,True
ITEM01337,PATH0223,LRN0223,RES0032,SK011,Descriptive Statistics,5,planned,210,True
ITEM01338,PATH0223,LRN0223,RES0052,SK018,Exploratory Data Analysis,6,mastered_skip,480,False
ITEM01339,PATH0224,LRN0224,RES0007,SK003,Python Data Structures,1,mastered_skip,240,False
ITEM01340,PATH0224,LRN0224,RES0049,SK017,Inferential Statistics,2,mastered_skip,480,False
ITEM01341,PATH0224,LRN0224,RES0063,SK021,ML Foundations,3,planned,300,True
ITEM01342,PATH0224,LRN0224,RES0065,SK022,Regression Techniques,4,planned,210,True
ITEM01343,PATH0224,LRN0224,RES0067,SK023,Classification Techniques,5,mastered_skip,240,False
ITEM01344,PATH0224,LRN0224,RES0070,SK024,Model Evaluation,6,mastered_skip,240,False
ITEM01345,PATH0225,LRN0225,RES0061,SK021,ML Foundations,1,mastered_skip,120,False
ITEM01346,PATH0225,LRN0225,RES0075,SK025,Feature Engineering,2,planned,540,True
ITEM01347,PATH0225,LRN0225,RES0080,SK027,Neural Networks,3,planned,570,True
ITEM01348,PATH0225,LRN0225,RES0082,SK028,Deep Learning,4,planned,480,True
ITEM01349,PATH0225,LRN0225,RES0148,SK050,Model Deployment,5,mastered_skip,600,False
ITEM01350,PATH0225,LRN0225,RES0070,SK024,Model Evaluation,6,mastered_skip,240,False
ITEM01351,PATH0226,LRN0226,RES0093,SK031,HTML & CSS,1,planned,300,True
ITEM01352,PATH0226,LRN0226,RES0095,SK032,JavaScript Basics,2,planned,210,True
ITEM01353,PATH0226,LRN0226,RES0103,SK035,React Fundamentals,3,planned,360,True
ITEM01354,PATH0226,LRN0226,RES0106,SK036,Node.js Basics,4,mastered_skip,360,False
ITEM01355,PATH0226,LRN0226,RES0109,SK037,REST API Design,5,mastered_skip,480,False
ITEM01356,PATH0226,LRN0226,RES0102,SK034,Database Design (RDBMS),6,planned,420,True
ITEM01357,PATH0227,LRN0227,RES0056,SK019,Advanced SQL,1,planned,690,True
ITEM01358,PATH0227,LRN0227,RES0151,SK051,Data Modeling,2,planned,120,True
ITEM01359,PATH0227,LRN0227,RES0157,SK053,ETL Fundamentals,3,mastered_skip,240,False
ITEM01360,PATH0227,LRN0227,RES0169,SK057,Apache Spark Basics,4,mastered_skip,480,False
ITEM01361,PATH0227,LRN0227,RES0162,SK054,Data Warehousing,5,planned,420,True
ITEM01362,PATH0227,LRN0227,RES0179,SK060,Data Pipeline Design,6,planned,690,True
ITEM01363,PATH0228,LRN0228,RES0121,SK041,Linux Fundamentals,1,planned,120,True
ITEM01364,PATH0228,LRN0228,RES0124,SK042,Cloud Computing Basics,2,mastered_skip,120,False
ITEM01365,PATH0228,LRN0228,RES0130,SK044,AWS Core Services,3,mastered_skip,240,False
ITEM01366,PATH0228,LRN0228,RES0135,SK045,Docker Fundamentals,4,planned,540,True
ITEM01367,PATH0228,LRN0228,RES0140,SK047,Kubernetes Basics,5,planned,570,True
ITEM01368,PATH0228,LRN0228,RES0142,SK048,CI/CD Pipelines,6,planned,480,True
ITEM01369,PATH0229,LRN0229,RES0034,SK012,SQL Basics,1,mastered_skip,120,False
ITEM01370,PATH0229,LRN0229,RES0055,SK019,Advanced SQL,2,mastered_skip,600,False
ITEM01371,PATH0229,LRN0229,RES0039,SK013,Excel for Data Analysis,3,planned,420,True
ITEM01372,PATH0229,LRN0229,RES0047,SK016,Data Visualization,4,planned,450,True
ITEM01373,PATH0229,LRN0229,RES0031,SK011,Descriptive Statistics,5,planned,120,True
ITEM01374,PATH0229,LRN0229,RES0052,SK018,Exploratory Data Analysis,6,mastered_skip,480,False
ITEM01375,PATH0230,LRN0230,RES0007,SK003,Python Data Structures,1,mastered_skip,240,False
ITEM01376,PATH0230,LRN0230,RES0051,SK017,Inferential Statistics,2,planned,660,True
ITEM01377,PATH0230,LRN0230,RES0062,SK021,ML Foundations,3,planned,210,True
ITEM01378,PATH0230,LRN0230,RES0064,SK022,Regression Techniques,4,planned,120,True
ITEM01379,PATH0230,LRN0230,RES0067,SK023,Classification Techniques,5,mastered_skip,240,False
ITEM01380,PATH0230,LRN0230,RES0070,SK024,Model Evaluation,6,mastered_skip,240,False
ITEM01381,PATH0231,LRN0231,RES0063,SK021,ML Foundations,1,planned,300,True
ITEM01382,PATH0231,LRN0231,RES0074,SK025,Feature Engineering,2,planned,450,True
ITEM01383,PATH0231,LRN0231,RES0079,SK027,Neural Networks,3,planned,480,True
ITEM01384,PATH0231,LRN0231,RES0082,SK028,Deep Learning,4,mastered_skip,480,False
ITEM01385,PATH0231,LRN0231,RES0148,SK050,Model Deployment,5,mastered_skip,600,False
ITEM01386,PATH0231,LRN0231,RES0072,SK024,Model Evaluation,6,planned,420,True
ITEM01387,PATH0232,LRN0232,RES0092,SK031,HTML & CSS,1,planned,210,True
ITEM01388,PATH0232,LRN0232,RES0094,SK032,JavaScript Basics,2,planned,120,True
ITEM01389,PATH0232,LRN0232,RES0103,SK035,React Fundamentals,3,mastered_skip,360,False
ITEM01390,PATH0232,LRN0232,RES0106,SK036,Node.js Basics,4,mastered_skip,360,False
ITEM01391,PATH0232,LRN0232,RES0111,SK037,REST API Design,5,planned,660,True
ITEM01392,PATH0232,LRN0232,RES0101,SK034,Database Design (RDBMS),6,planned,330,True
ITEM01393,PATH0233,LRN0233,RES0055,SK019,Advanced SQL,1,mastered_skip,600,False
ITEM01394,PATH0233,LRN0233,RES0151,SK051,Data Modeling,2,mastered_skip,120,False
ITEM01395,PATH0233,LRN0233,RES0157,SK053,ETL Fundamentals,3,mastered_skip,240,False
ITEM01396,PATH0233,LRN0233,RES0171,SK057,Apache Spark Basics,4,planned,660,True
ITEM01397,PATH0233,LRN0233,RES0161,SK054,Data Warehousing,5,planned,330,True
ITEM01398,PATH0233,LRN0233,RES0178,SK060,Data Pipeline Design,6,planned,600,True
ITEM01399,PATH0234,LRN0234,RES0121,SK041,Linux Fundamentals,1,mastered_skip,120,False
ITEM01400,PATH0234,LRN0234,RES0124,SK042,Cloud Computing Basics,2,mastered_skip,120,False
ITEM01401,PATH0234,LRN0234,RES0132,SK044,AWS Core Services,3,planned,420,True
ITEM01402,PATH0234,LRN0234,RES0134,SK045,Docker Fundamentals,4,planned,450,True
ITEM01403,PATH0234,LRN0234,RES0139,SK047,Kubernetes Basics,5,mastered_skip,480,False
ITEM01404,PATH0234,LRN0234,RES0142,SK048,CI/CD Pipelines,6,mastered_skip,480,False
ITEM01405,PATH0235,LRN0235,RES0034,SK012,SQL Basics,1,mastered_skip,120,False
ITEM01406,PATH0235,LRN0235,RES0057,SK019,Advanced SQL,2,planned,780,True
ITEM01407,PATH0235,LRN0235,RES0038,SK013,Excel for Data Analysis,3,planned,330,True
ITEM01408,PATH0235,LRN0235,RES0046,SK016,Data Visualization,4,planned,360,True
ITEM01409,PATH0235,LRN0235,RES0031,SK011,Descriptive Statistics,5,mastered_skip,120,False
ITEM01410,PATH0235,LRN0235,RES0052,SK018,Exploratory Data Analysis,6,mastered_skip,480,False
ITEM01411,PATH0236,LRN0236,RES0009,SK003,Python Data Structures,1,planned,420,True
ITEM01412,PATH0236,LRN0236,RES0050,SK017,Inferential Statistics,2,planned,570,True
ITEM01413,PATH0236,LRN0236,RES0061,SK021,ML Foundations,3,mastered_skip,120,False
ITEM01414,PATH0236,LRN0236,RES0064,SK022,Regression Techniques,4,mastered_skip,120,False
ITEM01415,PATH0236,LRN0236,RES0067,SK023,Classification Techniques,5,mastered_skip,240,False
ITEM01416,PATH0236,LRN0236,RES0072,SK024,Model Evaluation,6,planned,420,True
ITEM01417,PATH0237,LRN0237,RES0062,SK021,ML Foundations,1,planned,210,True
ITEM01418,PATH0237,LRN0237,RES0073,SK025,Feature Engineering,2,planned,360,True
ITEM01419,PATH0237,LRN0237,RES0079,SK027,Neural Networks,3,mastered_skip,480,False
ITEM01420,PATH0237,LRN0237,RES0082,SK028,Deep Learning,4,mastered_skip,480,False
ITEM01421,PATH0237,LRN0237,RES0150,SK050,Model Deployment,5,planned,780,True
ITEM01422,PATH0237,LRN0237,RES0071,SK024,Model Evaluation,6,planned,330,True
ITEM01423,PATH0238,LRN0238,RES0091,SK031,HTML & CSS,1,planned,120,True
ITEM01424,PATH0238,LRN0238,RES0094,SK032,JavaScript Basics,2,mastered_skip,120,False
ITEM01425,PATH0238,LRN0238,RES0103,SK035,React Fundamentals,3,mastered_skip,360,False
ITEM01426,PATH0238,LRN0238,RES0108,SK036,Node.js Basics,4,planned,540,True
ITEM01427,PATH0238,LRN0238,RES0110,SK037,REST API Design,5,planned,570,True
ITEM01428,PATH0238,LRN0238,RES0100,SK034,Database Design (RDBMS),6,mastered_skip,240,False
ITEM01429,PATH0239,LRN0239,RES0055,SK019,Advanced SQL,1,mastered_skip,600,False
ITEM01430,PATH0239,LRN0239,RES0151,SK051,Data Modeling,2,mastered_skip,120,False
ITEM01431,PATH0239,LRN0239,RES0159,SK053,ETL Fundamentals,3,planned,420,True
ITEM01432,PATH0239,LRN0239,RES0170,SK057,Apache Spark Basics,4,planned,570,True
ITEM01433,PATH0239,LRN0239,RES0160,SK054,Data Warehousing,5,planned,240,True
ITEM01434,PATH0239,LRN0239,RES0178,SK060,Data Pipeline Design,6,mastered_skip,600,False
ITEM01435,PATH0240,LRN0240,RES0121,SK041,Linux Fundamentals,1,mastered_skip,120,False
ITEM01436,PATH0240,LRN0240,RES0126,SK042,Cloud Computing Basics,2,planned,300,True
ITEM01437,PATH0240,LRN0240,RES0131,SK044,AWS Core Services,3,planned,330,True
ITEM01438,PATH0240,LRN0240,RES0133,SK045,Docker Fundamentals,4,planned,360,True
ITEM01439,PATH0240,LRN0240,RES0139,SK047,Kubernetes Basics,5,mastered_skip,480,False
ITEM01440,PATH0240,LRN0240,RES0142,SK048,CI/CD Pipelines,6,mastered_skip,480,False
